,zgu50_cluster1,zgu50_cluster2,zgu50_cluster3,zgu50_cluster4,zgu50_cluster5,zgu50_cluster6,zgu50_cluster7,zgu50_cluster8
1965-01-01,0.056283108603495814,-0.05437938851260004,0.039486020155574966,0.024567633422453012,0.01740073484759177,0.19000308588147163,0.1099799396026702,0.045177980627812135
1965-02-01,-0.03512438834429933,-0.1049486476750601,0.05734705946583679,-0.0051334868671733935,-0.06901446970239762,0.2476244419813156,0.10104007664180936,0.10678039889940075
1965-03-01,0.02731466952424783,-0.027233493026523364,-0.00848776181700869,-0.013690052637413366,-0.025263248432067134,0.06745853461325169,0.14593083234060378,0.15138354099972148
1965-04-01,0.02557387933708154,-0.1199544540473393,0.07539827214634938,-0.06652441598586181,0.0017792562909063794,0.012479565339162946,0.09149551214206786,0.08774684138700996
1965-05-01,0.019858086553330604,-0.08172943655933652,0.06832335333245389,0.013202135520639703,0.0807632902456868,0.23287728428840637,0.03273286623880267,0.10321449855683555
1965-06-01,0.01081620199749103,-0.23778824224358514,0.11456842817690062,-0.020922728772483655,-0.05872960412694562,0.05359784699976444,0.04284762378249849,0.14883700600812133
1965-07-01,0.02916295314207673,-0.19296185956114814,0.08230997600417207,-0.061835220723009815,-0.1204440910970011,0.05089274141937494,0.2586723296415238,0.07532420502582067
1965-08-01,-0.010239191066760283,-0.1660291637693133,0.09846579337465591,0.004821481294373968,-0.07971717465308405,0.0334453908726573,0.09133172177133106,0.134554127572288
1965-09-01,0.03131108215221992,-0.22465638106777555,0.03789456534212914,0.06558024949991881,-0.0631833509091408,-0.00537159969098866,0.18021539208434875,0.1284159195255226
1965-10-01,0.004633943944309766,-0.11740684331882568,0.04932097820700079,0.05399174432256328,-0.12158929340301021,0.04656895995140076,0.09854871602285475,-0.039020957241595634
1965-11-01,0.017633279830289002,-0.10631942145881199,0.03529796241850093,-0.09358786602518451,-0.10528205142867181,-0.047926162369549274,0.11835218540259769,-0.0718149763177818
1965-12-01,-0.030308953271462366,-0.08179194160870144,0.03284482501339222,-0.16401302236229626,0.011633968191041101,-0.04838998429477215,0.05415763384440825,0.07855334961918038
1966-01-01,0.021139832500081796,-0.050640465425593514,0.05404272157212963,-0.01445943350667384,0.015368228477816428,0.021141625475138426,0.11712363078480674,0.01946667629018636
1966-02-01,0.0016857640674481024,-0.06326567825107347,0.030560417613689453,-0.14973895540877954,-0.0030277571040055445,0.026242127642035484,0.05572133830615452,0.0555067992126438
1966-03-01,-0.004934640601277351,-0.0717688174474807,0.03300492881216865,-0.005502910214239981,-0.07084532971343686,0.003513176052365452,0.1733332233769553,0.17958390460887427
1966-04-01,0.015046157193585083,0.01739046004201685,0.07313844086467357,0.029980980638247817,-0.018028240470636274,0.14478985220193863,0.012380278563969546,0.005762126873916304
1966-05-01,0.060324102926712767,-0.09038552996658143,0.032545579597353935,0.20524690400308637,-0.17679479093320907,0.19455568864941597,0.15793211935531526,0.12084037905008022
1966-06-01,0.06303201142985088,-0.10986923284473873,0.07415304257385973,0.016893828704730787,-0.06407006012816582,0.18255941569805145,0.2421301674275171,0.12632240082176638
1966-07-01,0.13358017429709435,-0.08271364051671255,0.15066800558048746,-0.11839933359800879,-0.12160068558108422,0.15168322250247002,0.04109962355522882,-0.010341344217599278
1966-08-01,0.006475583291970766,-0.05435849584284283,0.24528878106587176,-0.1157171913047335,-0.015438516293802568,-0.1820184476673603,-0.008560280784011064,0.001688525375818283
1966-09-01,0.07818728685379028,-0.04257185029841605,0.04555908018264218,-0.09643409901590488,0.005346122047593517,0.12274129316210747,-0.10024040050449826,-0.010922458678693838
1966-10-01,0.10520084546162532,0.06518402092513584,0.1176276770622834,-0.1210752262997983,0.02311897584267201,0.11693328619003296,0.010167864993924186,-0.10900174228238388
1966-11-01,0.08376615551801828,-0.08649458842618125,0.06065640321838252,-0.012479937955069896,-0.10364429364281316,0.3292788192629814,0.2167524823120662,0.058032325665715714
1966-12-01,0.024996491578909066,-0.029597322766979538,0.045458136963239616,0.016278517780019274,0.03406672528193843,0.32485630363225937,0.1324174411240078,-0.07878134787922174
1967-01-01,0.04409803937260921,-0.024532473513058255,0.005974769052388012,-0.04355612753042534,-0.05404729876787432,0.4362763836979866,0.06332209710741327,-0.08572099179449216
1967-02-01,0.029173820422819026,-0.03603412104504449,0.03925902782466965,-0.1240123230129925,-0.04337248843043081,0.1056057307869196,0.03468358268340428,-0.06975815959379707
1967-03-01,-0.05086650355504109,-0.0582150582756315,0.0442238416576731,-0.0940376698081173,0.0462642029648827,0.35889483988285065,0.0867591727347601,0.02313074721416957
1967-04-01,-0.01572564459190919,-0.16451584441321238,0.022596108686664833,-0.05633505200272176,-0.03035913612092695,0.2810784615576267,0.2461491667089008,0.14988023420454752
1967-05-01,0.08496849296184686,-0.16372533781187876,0.09236165146896805,-0.0504026884463296,-0.023422602023328503,0.21438950672745705,0.1757523204599108,0.18841005127194901
1967-06-01,0.0959203908076653,-0.19013943771521252,0.10191017518872801,-0.0688000679460924,-0.15954705736329478,0.026532243937253952,0.13512380775951202,0.14493033080033854
1967-07-01,0.05211621737824036,-0.1821005805617287,0.11611693147299947,-0.026566843821931238,-0.18554037857440212,0.08085279725492,-0.08248231595470791,-0.07094162660585324
1967-08-01,0.022247573360800743,-0.13087131083011627,0.08610728048328041,-0.03043674210559076,-0.035619558466057626,0.08601507171988487,0.15485466590949468,0.14804490435291345
1967-09-01,0.13582585809322503,-0.13451168224925086,0.03701746666237064,-0.0011794472377358088,-0.19477167196812167,0.21096687763929367,0.09118228086403438,-0.0831651593178091
1967-10-01,0.053361800427620225,-0.09143521920556114,0.12212487450544386,-0.1490653228403917,-0.027816745662881483,0.1262508239597082,0.04784876170257727,-0.036789080731465786
1967-11-01,0.09042515491063778,-0.0567816375266938,0.04235597118985016,-0.07962762419857196,-0.04939240733942678,0.15737783163785934,0.08537125374589648,-0.13793434055758194
1967-12-01,0.05485630092712549,0.0017049678024791536,0.06948557776817378,0.09657454802029168,0.034615310329583385,0.06329773925244808,0.046881098477613355,-0.06970613670181221
1968-01-01,-0.029468666224812083,-0.12193573195309866,0.033918863324367485,-0.1384784370215971,0.016061757360735247,0.10853556916117668,0.06523370920192627,0.07898197837278877
1968-02-01,-0.007232677498205493,-0.06707920471117611,0.0567508604971395,-0.16753029689859988,0.1464569160053807,0.06330393720418215,-0.028318044330392565,0.06529554514817788
1968-03-01,-0.004674944883355727,-0.10714968222947348,0.035937772928804596,-0.08663989937127525,0.04451375815176195,0.022436517756432295,0.06665048854691641,0.049057891461211194
1968-04-01,-0.044389176719750345,-0.03717849918064617,0.051754329731498946,-0.0560048911998521,0.12020094981116633,0.02266770228743553,-0.03939379184018998,-0.04197176493389506
1968-05-01,0.033225807576225355,0.031010981737857775,0.07204946022534717,-0.019003249315628364,0.10916853864346782,-0.007730631623417139,0.045497529208660126,0.040969979280317335
1968-06-01,-0.029626468626352456,-0.09963812217825935,0.17663854700715648,-0.03222581555149448,0.09182445224254362,-0.007598539814352989,-0.21937639230773562,0.08091671051273884
1968-07-01,0.06590989463102932,-0.08006738055320013,0.12959871792059016,-0.1141985961750372,-0.000996308329875671,-0.09425172582268715,-0.08535709409486679,-0.0017567800069358988
1968-08-01,-0.0413061986462428,0.06605166764486405,0.14490330443326116,-0.15008226037025452,0.23685676916953055,-0.057329097762703896,-0.16934243696076529,0.04862771487571824
1968-09-01,0.02917717139308269,-0.10129491842928387,0.05389485724162365,-0.10874786261302322,-0.07664886333288685,-0.020476377103477716,-0.10947751147406441,-0.1650471502626446
1968-10-01,0.013458556137405908,-0.028775226590888842,0.02878327867475109,-0.17109903604237,-0.04588701131363069,-0.09178350679576397,-0.021367393256652923,-0.14520766029895193
1968-11-01,0.02764483670874212,0.002814100922218391,-0.023130520054584613,0.0695044035787013,-0.004798041716698677,-0.07165920455008745,0.07014261292559759,0.02240683673553064
1968-12-01,0.02142095221922948,-0.017072555298606556,-0.0012861227319724319,-0.07523215417541675,0.02714518697992448,-0.029473635368049145,-0.03730358822005136,-0.03251555100293227
1969-01-01,-0.0283729972747656,-0.08741984409945353,0.0017922584210400998,-0.05198885589393217,0.038309593594843344,-0.15599791891872883,0.03261378833225795,0.0707873523655072
1969-02-01,-0.029585174499795985,-0.054236142230885374,0.006888228623817365,-0.033735770231752255,-0.033013705885218035,-0.18556222319602966,0.03156782970541999,0.03558627893807183
1969-03-01,0.017648049128743317,-0.03904971249756359,0.03639361821115017,0.007393924213612257,-0.02213582817104555,-0.061900499276816845,0.055699078587903864,0.06438099162679323
1969-04-01,0.009648474470640604,-0.05730853992558661,0.03285473482548327,-0.1461158603874605,0.06337871234263143,-0.025177751667797565,0.009989410727506592,0.027073135363384033
1969-05-01,0.09802180127455638,0.006515046559451592,0.08983481540412143,-0.16760136654127888,0.10237638508119891,0.08992601186037064,-0.020407635186399733,-0.04359485555282781
1969-06-01,0.10233236333498588,-0.13471576606943494,0.016089886480915375,-0.024512821613852657,-0.2060514303945726,0.24229301139712334,-0.11674275355679647,-0.04309777327826326
1969-07-01,0.07446416295491731,-0.12636562543255941,0.1899790828642638,-0.13226900082915577,-0.00043289337847982686,-0.09665505960583687,-0.1467574458746683,-0.10558967019470646
1969-08-01,0.05390670222158615,-0.09975406740392957,0.08046148695807527,-0.13089148855921048,-0.10224473812887745,0.07132303435355425,-0.03249244587052436,0.016814968745473405
1969-09-01,0.11901266872882843,0.04171158763624373,0.07457279640695323,-0.22958639397549985,0.03736674965869996,-0.02616943558678031,-0.20688417057196298,-0.18810827127644714
1969-10-01,0.04535415281470005,-0.12097225657531194,-0.004401178085717603,-0.07071543985338354,-0.10450592925471644,-0.11568387970328331,0.05611788304079146,-0.1019665368006263
1969-11-01,0.02259989269077778,-0.10926009466250738,0.06370278804198556,-0.12692318701032382,-0.07515929398998138,0.1070374995470047,-0.02985391765832901,-0.11938215351440538
1969-12-01,0.037332806879511245,0.06440537316458567,0.05954379701743956,-0.16971047022449434,0.09777166189685944,0.15673046931624413,-0.07135408292968003,-0.10239188100250675
1970-01-01,0.017555224924133375,-0.08021808628525053,0.06006711797005889,-0.11530718696651174,-0.02254417106028526,-0.023356862366199493,0.01966475863896665,0.009733616886004597
1970-02-01,-0.012138173557244813,-0.0635172018692607,0.02080107890609382,-0.03512145033968028,0.0030443397155331987,-0.0016286040772683918,0.013544055455852123,0.07409832742012723
1970-03-01,0.06521175257288492,-0.04236802813552675,0.03302972223879635,0.00533040807540737,-0.05006101883707508,-0.042776456102728844,-0.04426476678677967,-0.013934141418463749
1970-04-01,-0.06488212742484532,-0.04790392926051503,0.016639052309851715,-0.04138599580793238,0.029369491723275954,-0.006291744066402316,-0.13612406594412668,-0.14531557828607694
1970-05-01,-0.006736361493284886,-0.07211834280973389,0.08103398309237715,0.03104772307534716,-0.0288369734921763,-0.06754915229976177,-0.23547473407927014,-0.0627079532599785
1970-06-01,-0.010268669306802062,-0.14334053155921755,0.002289417645205622,-0.0284340760823506,0.11593400230330805,-0.12756021693348885,-0.03960003810269492,0.06224142623619295
1970-07-01,0.015832532841998797,-0.039830520039513,0.07003465544202946,-0.18932487982422558,-0.0036996222221322597,-0.0951745267957449,-0.239937472201529,-0.20940423431530805
1970-08-01,0.03651880086041414,-0.011646716545025509,0.006097887197266455,-0.288276530023831,-0.006423459478443669,-0.03329789265990257,-0.09015670667092004,-0.09165769311743724
1970-09-01,-0.00966413734624019,-0.05033484083555994,0.01229686946000742,-0.2861326977388183,-0.22015028422878635,-0.038106420543044806,-0.10237488540865125,-0.3058267311311104
1970-10-01,-0.0026450144986693673,-0.08777867825258347,-0.012923891156695892,-0.1523071038189219,-0.16113696319441642,-0.045315283350646496,-0.12755472035635085,-0.18647277439144297
1970-11-01,-0.004532479752714817,-0.059137794943082904,0.05417346002776986,-0.3059246869229558,-0.019128317193638895,-0.021202533971518278,-0.12444765440055301,-0.07628736571526863
1970-12-01,0.006765727526866472,-0.042642808208862945,-0.013871991709954498,-0.09267282352518678,-0.05801858440522225,-0.04838069435209036,-0.030454838471043678,-0.05581710015384245
1971-01-01,-0.014660292027446512,-0.09645334489288784,0.004386080368219511,-0.09977192576251812,0.01834520559397436,-0.04429805092513561,-0.03594204872137024,0.04711027296496109
1971-02-01,-0.07890057678406055,-0.10814609981718518,-0.00034624413735624677,-0.04983371985492421,0.07460855187908295,-0.11350528337061405,-0.07394676141086079,0.06175613634183374
1971-03-01,-0.03222285913160214,-0.12952075118110293,-0.023706563313127215,0.01592040617964161,-0.08423750198656513,-0.10226814076304436,-0.05009100816789128,0.05354471504688263
1971-04-01,-0.02939048366477856,-0.022879974650485177,0.021074889683286135,-0.15959103605640468,0.04177565175679422,0.016846794169396162,0.003160401912672179,-0.10904585811453807
1971-05-01,0.09504725655110982,0.07806612799564998,0.12258086623488994,-0.13165274885163378,-0.01011035299950069,-0.10745066218078136,-0.02494266267777199,-0.056081931565848876
1971-06-01,0.07931980376060192,-0.06899952977186158,0.07410232193660046,-0.011226379159671156,-0.05254243770914693,0.3280544653534889,0.07437040763241903,0.023088402206629097
1971-07-01,0.06935326812359002,-0.027715314977935383,0.16505109767119092,-0.21839439868927002,-0.03348175856855608,0.11095402762293816,-0.07775072895345234,-0.001399068352044888
1971-08-01,0.042746548558800265,0.1099404391078722,0.1370263218447782,-0.1290941193922242,0.11375385426705883,-0.02879229374229908,-0.029845466571194783,0.018688896015076572
1971-09-01,0.06406874897388311,-0.08770083742482322,0.03989281375770984,-0.17861951865367034,-0.02325016164010571,0.13964314945042133,0.07354409566947391,-0.0020489698393978705
1971-10-01,0.06274322764231609,-0.07359966014822325,0.055156569199069694,-0.18393164917604246,-0.0008367034869508878,0.07749427109956741,0.06506457215263729,-0.02581105947914258
1971-11-01,0.014878886107068796,-0.02450860061106228,0.0634072078526884,-0.05783104518456245,0.10600945641917567,0.031658217776566744,0.0511184281536511,-0.04874872909465307
1971-12-01,-0.027075230430525083,-0.033316206896588915,0.057392872100614986,-0.07790505552469794,0.0534343923772535,-0.03248198889195919,-0.0036676511878059024,-0.10882575117366415
1972-01-01,0.021251145607003797,-0.039984512009790966,0.04310990427283273,0.013551549680197415,-0.12406920713763084,0.03618292510509491,0.12078815272876194,-0.007413803849002006
1972-02-01,0.017806726436202343,-0.05255965959458124,0.05887007961670558,-0.019240758812694405,-0.07463777137379493,0.1587296463549137,0.09866852845464434,0.07733695313964092
1972-03-01,0.024774841820964445,-0.10046777093694324,0.0014904562545859296,0.03413422338998139,-0.1296517949911856,-0.12057923711836338,0.13059025364262716,0.12398553146442898
1972-04-01,0.021594020609672252,-0.06444349530197326,-0.0035773895248986673,0.04911625118397955,-0.07565434901945052,0.011982630239799619,0.07911144267945062,0.02158615528277948
1972-05-01,0.06788850690309818,-0.16469057826768785,0.0009259721939114557,-0.05513677067721068,-0.12592396909190762,0.24505792185664177,0.18999673780940826,0.05659812562902209
1972-06-01,-0.02071110961528925,-0.265901784102122,0.181769331296285,0.12558247171231168,-0.0004239855409269371,-0.06592413410544395,0.2606611060244696,0.2451451731399751
1972-07-01,0.027723388316539616,-0.09116920686903454,0.06635114280641943,-0.13568281237758806,-0.20970192647749378,-0.09062311612069607,-0.025349650088520276,-0.21732359285085975
1972-08-01,-0.06219853002291459,-0.0015534241572909412,0.17974700076856476,-0.09875089597346177,0.3151198788996666,-0.11080958880484104,0.0059127506046068095,0.14988040210495532
1972-09-01,-0.025969725102186203,-0.1011126098178682,0.04465803706451603,-0.22936427771155513,0.0619762126476534,-0.0935578066855669,-0.035349731998784197,-0.013920756607828006
1972-10-01,-0.034842872992157936,-0.030024910700463113,0.019744638542550198,-0.12534190692118743,-0.04413789739051173,-0.08206352591514587,0.04421851642075039,-0.17373577599794093
1972-11-01,-0.0023290290538660395,-0.03682731961210569,0.012777381799305263,0.12251564593457463,-0.11141544147845238,-0.0295371375977993,0.05927195506436484,-0.04317666548238674
1972-12-01,0.012821487795848113,-0.06381642694274585,0.004669595206075389,-0.09185757988424444,-0.07270552938984287,0.06085044238716364,0.020932908214273908,0.08278937721756142
1973-01-01,-0.011186594358430458,-0.09872928439151674,0.00043279673580242246,-0.058097659207102074,0.010366397609393443,0.005802632658742368,0.014941460852112088,0.007775329499387406
1973-02-01,-0.06538691715552257,-0.12426928927501044,-0.03871348942967429,0.015221146950081213,0.007126558451883255,-0.03229219699278474,-0.025215264842180268,0.08560569668319863
1973-03-01,-3.6386772990226746e-05,0.017805155810146106,0.026564038210157036,-0.08991097669992873,0.13143748285308962,-0.10934370569884777,0.002145868105192979,0.04525444352291
1973-04-01,-0.011050035603917562,-0.07315949049024355,-0.009340384934583437,0.047727874410686204,-0.012511059251283445,0.045337602496147156,0.1142027335507529,0.12399732646807819
1973-05-01,-0.0052032046593152555,-0.09036629150311153,0.09332251316611319,-0.08934213599162315,0.017912365916755893,0.1785084791481495,0.05165124932924906,0.008455652769812397
1973-06-01,-0.0013492442667484283,-0.056115777364798954,0.11839094855215239,-0.16743668646954776,0.05862390201899313,0.08225466124713421,0.10477796196937561,0.031286383598623145
1973-07-01,-0.11371766718534322,-0.09285970812752134,0.2186974375576213,-0.1546242121440261,0.12571651849054521,-0.08027269504964352,-0.0064042095272313975,0.08450062866781799
1973-08-01,-0.0031627227480594926,-0.07657778582402638,0.07917214238989181,-0.19780146097069354,-0.027014783793880094,0.06070160772651434,-0.08068206808751538,-0.0909814952125012
1973-09-01,0.011556431507835021,-0.04136494937397185,0.0658996430212173,-0.06262954157679827,-0.02192748229830496,0.08323468267917633,0.004068628574411074,-0.06177787944464617
1973-10-01,-0.02337681917616954,-0.07045106696231025,0.030903184813433803,-0.14512781331788246,-0.1076997047470462,0.09175964631140232,-0.037871618710813064,-0.15543490438394145
1973-11-01,0.004868246256732023,-0.0595911450329281,-0.0009325478036982427,-0.044268903447620904,-0.07613563249188085,0.05216700956225395,-0.06472789017217499,-0.195383542860058
1973-12-01,-0.050767410833102,-0.08782747068575451,-0.02668270422820596,-0.05811631901940303,0.025524622610499783,-0.02327492693439126,0.04430645810706275,0.0710102034286714
1974-01-01,-0.05152469930740503,-0.1188060889641444,-0.043057118528994964,-0.05467963307651121,-0.04308328272834901,-0.0191098649520427,-0.05551975930020923,0.02999284475202292
1974-02-01,-0.05274034893283477,-0.09649233626467842,-0.032535577327876854,-0.011815533820372908,0.013175869600907449,-0.057426090352237225,0.04057899028772399,0.08196516985624609
1974-03-01,-0.00623107529603518,-0.11870267667940686,-0.03530543054575506,0.009289568067709012,-0.07015174074519065,-0.03942323848605156,-0.011395199135655449,0.061358957433364766
1974-04-01,-0.006347343039054137,-0.04446380106466157,0.001392252464859706,0.06780579908570246,-0.1552819484664548,0.13866147957742214,0.0034739680233455837,-0.10540235630223449
1974-05-01,0.02861118373962549,-0.19480016614709583,0.0020568704475527225,0.1934079536751135,-0.10260426469387547,0.13246573507785797,0.4259587469555083,0.3103583211630163
1974-06-01,0.043909611323705085,-0.0354061723642406,0.011185320782596651,0.03278387515847363,-0.04094760083863812,0.032165918964892626,0.19914575275920685,0.043340866834345
1974-07-01,-0.030274239655297536,-0.06508683963190942,0.07963289331266846,-0.028350307091848173,0.06248004614345489,-0.032484009861946106,0.17711271132741654,0.09070506817857985
1974-08-01,0.04000440956308291,-0.27720399555705844,0.03033366756162782,0.1405275913316812,-0.13946781475697795,-0.022312116343528032,0.13401419165477688,0.07337856985313793
1974-09-01,0.12476597518588488,0.10149979165622167,0.038731119180422116,-0.10559201907755723,-0.007950766913352475,-0.05067599471658468,0.05770669418520161,-0.012941995609394262
1974-10-01,0.0010016617866662832,-0.09672348165795917,0.04372090722123782,-0.1291119007032309,0.0017718235481410257,-0.0016371053061448038,-0.006770602471771694,0.005950506540461325
1974-11-01,0.008273208872056924,-0.13486288842700778,0.0059239034864889545,-0.0134385288206499,-0.10819387051366991,0.012578676687553525,0.05646546504327229,-0.08563311167166267
1974-12-01,0.020245249884632915,-0.05054671672128496,-0.004699642506792494,0.042872369956614365,-0.09500478063860247,0.04107000306248665,0.018096006963224637,-0.04700926512899534
1975-01-01,-0.0018197778039253675,0.004464584691006513,0.0019366928862164852,-0.03682153104846157,-0.002776152048740656,0.020082725677639246,0.019063824965130715,-0.029714476369636162
1975-02-01,-0.00785987931661881,-0.03317752853035927,-0.002352605182407559,0.03756728412500068,-0.05639502478222693,-0.019793715327978134,0.0010286697319575719,-0.010366318747401237
1975-03-01,-0.03519167837042075,-0.028479691328746934,0.0008351078418933828,0.005121398091649831,0.03367449727750594,0.015073923859745264,-0.013574183962884403,-0.0198038163739191
1975-04-01,0.019767222782740224,-0.05148219033366158,0.03111953172238841,-0.009392488942439875,-0.04167270456110277,0.04586016293615103,0.08069451543546859,0.009218249207651111
1975-05-01,0.049439374930583514,-0.04088617417783964,0.05171418432956157,0.04624024923168011,-0.13643195552210655,-0.023655006662011147,0.073561891913414,-0.08290336585380662
1975-06-01,0.00348528059056172,-0.06406183931089583,0.06209651440166045,-0.01815989363326955,-0.16361030359422007,0.0629051961004734,0.16253855256807237,0.01854852209208717
1975-07-01,-0.04476339341356204,0.0201426889924776,0.05225734076584163,-0.19293038257912024,0.10552159961192839,0.09660682640969753,0.04604742108356385,0.007573758501192214
1975-08-01,0.09922675931682953,0.04860347225552514,0.10687128465244736,-0.23597436609552866,0.0030537115244735633,0.03505570814013481,0.06170335092714854,-0.031551640008536865
1975-09-01,-0.05168115147031271,-0.07573037097851436,0.03530623157596405,-0.08398901059556363,-0.09203168052819467,-0.03316601738333702,0.07748288590283621,-0.06836010011988626
1975-10-01,-0.03259072581735941,-0.00533262500539422,0.05614011130039243,-0.12746495542241565,0.04093591123819351,0.1808428391814232,0.000356467706816537,-0.0546545105081209
1975-11-01,-0.028334655440770663,-0.11432183285554251,0.041778658287248756,-0.08654701731987853,-0.06836674386455167,0.11469421908259392,0.058660778616155894,0.03633236801120597
1975-12-01,-0.04308765324262472,-0.10539358038277853,0.026183625332255295,-0.05755410043161306,-0.023519985317703218,0.13784092850983143,-0.024363845586776733,0.008801485634815526
1976-01-01,-0.05835301457689358,-0.04920203770909991,-0.010784700018542726,-0.01986160485157326,-0.04040417712061636,0.1192785706371069,0.02883940048161007,-0.01200457352777602
1976-02-01,-0.025242915233740438,-0.08038829657293502,0.013062281979490883,0.007491982750483413,-0.049621996379667715,0.1395799033343792,0.10152974299022129,0.05775242519210762
1976-03-01,-0.038627482807407014,-0.05688597226426715,0.03602671018545179,-0.05817490059938003,-0.019001471058976267,-0.04964161664247513,0.10263253890332721,0.054993039705383946
1976-04-01,-0.03027207450941205,-0.008217413311025927,0.035886382819085884,-0.017832587959606256,0.048424594945484595,0.11009782552719116,0.14662604956399827,0.01197261211108154
1976-05-01,0.092603899538517,-0.03293469503876709,0.07602099761150886,0.034525731939878034,-0.06765823570951339,0.2243984304368496,0.08269565800825754,-0.04127750461789924
1976-06-01,0.040792226791381836,-0.11250743021567663,0.10353268488593724,0.003584745034241854,-0.2190570196797771,0.080632995814085,0.11646770295642671,-0.05406739426330782
1976-07-01,0.09979671583725856,-0.055112636515072415,0.05725404328626135,0.03740264575428037,-0.2466496681013415,0.20080862566828728,-0.04102730147895359,-0.16602788802603602
1976-08-01,0.09502732696441503,0.043516499655587335,0.14277065469734912,-0.1061012384606831,-0.016378569266488476,0.19191617146134377,-0.0869860943584215,-0.06470117770450216
1976-09-01,0.09464301455479401,-0.06242750567339716,0.061857946001101234,0.009932927092287077,-0.12364566566482667,0.04899123217910528,0.1396300821077256,0.032791985907185246
1976-10-01,0.07388748801671541,-0.05678063968107814,0.09311002449712892,-0.18807896482410713,-0.20437389612197876,0.09427301585674286,-0.14639285659151416,-0.31040027527741987
1976-11-01,0.018584205983923033,-0.021205277049115727,0.09737762258104657,-0.3169242793054723,0.010872100509943501,0.10469522327184677,-0.06740332181964602,-0.08583675387879493
1976-12-01,0.02629505613675484,-0.023238110311684154,0.019367582643863516,0.04071199349058208,-0.04423034467524098,0.04174950998276472,-0.004641672685032799,-0.06586023094788404
1977-01-01,0.0002451133556090868,-0.06130405568650791,0.039124232379422676,-0.012955629725509614,-0.10580809847001106,0.035705051850527525,0.06513809873944237,0.00714235479982806
1977-02-01,-0.005340064660860942,-0.09106993675231934,0.0037410431474015336,0.09527418818046797,-0.04877998763995786,-0.00045200584281701595,0.07664852908679416,0.034903866094602665
1977-03-01,-0.010515865869820118,-0.09354383995135626,0.02599516748518184,-0.09743848176144841,0.08783319424236974,0.06282252259552479,-0.0018682840856767836,0.0869202991606484
1977-04-01,0.0032409395162875834,0.06839704389373462,0.06699365280244662,-0.010850552969904087,0.07332601254024813,0.1444173976778984,0.003323636594272795,-0.0952904073285385
1977-05-01,0.01662790381277983,0.07165968418121338,0.06776116248490155,-0.018285574919697064,0.030126714057499362,0.038511562161147594,-0.002766869784820647,-0.008969862853557291
1977-06-01,0.13698199190772498,-0.07539247827870506,0.0528750873670198,-0.130941674335679,-0.11253698218253351,-0.004859569889958948,0.043894520827702115,-0.08177920966081216
1977-07-01,0.13332131103827402,-0.12578993503536498,0.07979181743618372,-0.16004424264181905,-0.20715301075289327,0.02110537840053439,0.16544641838187263,-0.03506491931391434
1977-08-01,-0.0001922858511814131,-0.07122550603179705,0.04745215663443441,0.026456619710174958,-0.01587229630639476,0.04504605196416378,0.05472901232895397,0.025188308996213996
1977-09-01,0.04309528292371676,0.02964011925671782,0.08195529968572268,-0.11607896703392712,-0.00016617349531095955,0.07230707444250584,-0.010008088512612241,-0.012528248341150688
1977-10-01,-0.013706576652251756,-0.019735317411167283,0.0354236926532526,-0.15695624387086327,0.008921345485554587,-0.07549105677753687,0.08096658402965182,-0.04598953249588819
1977-11-01,0.01625268361889399,-0.023406014467279117,0.008083139613702679,-0.12255513401173833,-0.0604819806833421,-0.07510742172598839,0.08213339816956293,-0.1254540094187562
1977-12-01,0.03650583326816559,-0.04825910908125696,-0.005118237079485603,0.0773172769973527,-0.2301448775875953,-0.14172804541885853,0.16803112413202012,-0.0344026860007098
1978-01-01,0.03490074752615048,-0.04869476847705387,-0.0049927619461348095,-0.0699459227608211,0.004127774492747361,0.030059667769819498,0.026371414285330543,-0.03278283795840304
1978-02-01,0.023981530505877275,-0.038086219380299255,-0.013010068342091341,-0.09251094576138169,-0.028356110617037744,-0.051857917569577694,0.07568089025361197,0.013831718234528959
1978-03-01,0.03846504510595248,0.04447219627244132,0.0035951636137737746,-0.012842208536258384,-0.023028735191591324,0.11247584596276283,0.11645930863562085,-0.0024307884839953674
1978-04-01,0.01995061022730974,-0.018526251161737103,0.04175286605090335,-0.027866155576350082,0.0514102679106497,0.2983313985168934,-0.0358675154192107,-0.01395092752407974
1978-05-01,0.00778682328438243,0.024826372308390483,0.118509437079015,-0.13547070435623623,0.017769666268460212,0.05892896559089422,-0.09115036710032394,-0.1090582827447166
1978-06-01,0.0696168324122062,-0.04284534869449479,0.09208542659230855,0.0416435190101168,-0.15604348192291875,0.0869103241711855,0.054378158279827664,-0.11577137129407535
1978-07-01,0.02833574222257504,-0.03817378587666012,0.0957195795532586,-0.086829933657575,-0.027250762908689437,0.09439866989850998,0.12131458591847193,-0.03977261588607036
1978-08-01,0.07486563175916672,-0.06779783538409642,0.05119143836740135,-0.15615021337324114,-0.14216921502544033,-0.0172870431561023,-0.07405499395515237,-0.14864904150156907
1978-09-01,0.06743352860212326,0.014912580982560203,0.10910750083301379,-0.14637803186231585,-0.02098584157084265,-0.008370084105990827,-0.05365646666004544,-0.08020941955103002
1978-10-01,0.02209773564782853,-0.08240543483268647,0.09273332476183989,-0.1559217696759238,0.026857318176377206,-0.07611625827848911,-0.06453986856199447,-0.04569714967633637
1978-11-01,-0.008773443360741321,0.028073585902651153,0.055167722124336425,-0.07665479249918639,-0.042183556023143956,-0.10485982522368431,0.03273729234933853,-0.15121034123528174
1978-12-01,0.01509110085093058,-0.009300998811210905,0.05846643361492434,0.03965002720925345,-0.04911130414374413,-0.22788409143686295,0.04257718544630777,0.00935042027751325
1979-01-01,-0.08124072964374836,-0.10311050961414973,0.012270717517189358,-0.08918263240536646,0.07095999054370387,-0.16578596085309982,0.04236348062044098,0.08750587282046467
1979-02-01,-0.027970422345858354,-0.03771378791757993,0.03854079252999762,-0.03991078362980885,-0.051637955250278596,-0.047993878833949566,0.07485004762808481,0.03144796150670925
1979-03-01,-0.004837374704388471,-0.09542833126726605,0.01819406474090141,-0.06531117789780916,0.011035385391404551,-0.06611745338886976,0.0610148569657689,0.15128347235666195
1979-04-01,-0.027206037014436264,-0.019364772985378902,0.02398599964984949,0.001410081541276912,0.06131482941489066,0.05796575918793678,0.06602058808008829,0.0011299462975855445
1979-05-01,0.02558523824868294,0.0041460806858681495,0.06699721612360167,0.013327962760605029,-0.058068088706462614,-0.1056444551795721,-0.025835452196631758,-0.04541918005741818
1979-06-01,-0.0281333400366398,-0.1286544083129792,0.062396253148714706,0.03326353130500708,-0.032694433485308004,-0.03197148907929659,0.12690706976822444,0.021574925631284714
1979-07-01,0.015223473847772066,-0.0893979821176756,0.01486874441953673,-0.11238153301068206,-0.023629722155390248,-0.030630971305072308,0.03318839662131809,0.0562729235266296
1979-08-01,-0.05123819940938399,-0.006815160269893351,0.0919991915208706,0.020014837995838763,0.040582414235799544,0.009322540136054158,-0.04620523369383244,0.05763098072837776
1979-09-01,-0.0023183240913427793,0.03603786850968997,0.051536339510610145,-0.19425282727426557,-0.08895169462888472,0.037644796539098024,-0.14271190833477745,-0.16158962963332593
1979-10-01,0.0841460362649881,-0.002562989192526965,0.004120873273822709,-0.10103492149666174,-0.029944024619556243,-0.08226746693253517,-0.004180398370538439,-0.005837577775540487
1979-11-01,0.046936547240385644,-0.010800023474508808,0.02709083129192932,-0.04838665029895839,0.05779840172298493,-0.04692674148827791,0.03756900273618244,-0.004156167671399217
1979-12-01,0.014400545579309646,0.031996010580942744,0.0014459484837193422,0.02255041513647606,-0.04152621052438213,-0.00465438119135797,-0.04563558691491683,-0.10249223297750447
1980-01-01,0.006949521887760895,-0.016606667832959266,-0.04019913317608661,-0.10791923572768025,0.012575215359608974,-0.11976074427366257,0.009975943581334181,0.07713001064011749
1980-02-01,-0.02318550331088213,-0.0036379951606726364,-0.04330831107454024,-0.12159081759737499,0.13070304787928058,-0.07061190903186798,-0.03340949969632285,0.07713185229771574
1980-03-01,0.01542239234997676,-0.0468386026720206,-0.016304015762348106,0.09186188342855937,-0.11021307399196009,-0.12369374744594097,0.04303415882445517,0.10120133069199576
1980-04-01,-0.053872617964561165,-0.17913787492683955,0.027080056041587093,-0.14575697592834927,0.25560709257279673,-0.14174232259392738,-0.01522305022392954,0.13640972090439057
1980-05-01,-0.054598553822590754,-0.020466390110197522,0.0963531407541123,-0.14838147074428956,0.13113901499778993,-0.06691830698400736,0.10536076057524908,0.19252621371981124
1980-06-01,0.02961691254033492,0.008981559048628523,0.11550954583546391,-0.1042896019878672,0.08142484171736625,0.0936154555529356,-0.06759394758513995,0.019415610955214838
1980-07-01,0.006958816487055558,-0.11661148497036526,0.1219103247791097,0.1190310872312802,-0.18564374937165168,-0.23923197761178017,0.14526601703394026,0.022801022294541482
1980-08-01,-0.06955135613679886,-0.11167111141341074,0.03627212178232014,0.0597983042695629,0.0010423983762701673,-0.034653847105801105,0.15431230621678488,0.16572325372360122
1980-09-01,0.04976126437003796,-0.09262485518341973,0.030964920702187915,0.0011087310980004606,-0.0015521468970203592,0.008360122446902096,-0.03155961100544248,0.0401096287327753
1980-10-01,-0.05772869031016643,-0.006568319319436948,0.08753060862637949,-0.17432342491932767,0.0035839136539688034,-0.0004452290158951655,-0.08214644156396389,-0.14013252417806168
1980-11-01,0.007360804682740798,-0.05197575581925256,0.08619954080685326,-0.03868433466153358,-0.16204957519808122,-0.1016627810895443,-0.037901968961315494,-0.14615130256599104
1980-12-01,-0.012712924956129147,-0.10112324463469642,0.07492882887954298,-0.12043675602372012,0.012616059111972009,-0.08573226630687714,-0.009722601444948287,0.09114741229675186
1981-01-01,-0.043072982762868584,-0.07243557345299494,0.052157991930194526,-0.07953220116558359,-0.046960300495547634,0.046529355458915234,-0.03351493915986447,-0.013567466603618274
1981-02-01,-0.052766744047403336,-0.07450217824606668,-0.017724066434522578,-0.028853721694270175,0.06660007901730076,0.01744375447742641,0.07135281782774698,0.0490422032668557
1981-03-01,-0.02501830601921448,-0.026316153595135325,0.055908234924941826,-0.07800126809682419,0.07923797614151432,-0.06424436345696449,0.0626435929111072,0.06931903706470006
1981-04-01,-0.038191693691680066,-0.1139683471549125,0.04551941393942073,-0.017253203845735806,0.018922143405483614,0.1832166686654091,0.11093631386756897,0.07823767586493156
1981-05-01,0.03501332006775416,-0.01627830012391011,0.06298805870439696,0.0027478332005774794,0.06844665134145368,0.2482844889163971,0.15786941562380108,0.07676698372397625
1981-06-01,0.08104137216623013,0.028872181705775716,0.18579508515371795,-0.11655756119471877,0.18479301323813777,0.03235443960875273,-0.07269662583158129,0.08433762885315318
1981-07-01,-0.028776882502895135,-0.03971153692830177,0.08816409964060438,-0.16212903741580337,0.14085083478881466,0.07393536623567343,0.020117431967740965,0.12946928470907076
1981-08-01,-0.01906753768428014,-0.07413332128808613,0.09233083953891975,0.11831243981176347,0.10995700234367002,0.05659927148371935,0.0145338936930611,0.15533839313077255
1981-09-01,0.041712195111008786,-0.029834098226967313,0.04660390803347463,-0.04933643252102297,0.009376774241607036,0.07536762859672308,-0.007552274813254674,0.08284443805755025
1981-10-01,0.04389488997940834,-0.03345938665526254,0.028621180630896404,0.0311127544116618,-0.06996912941817314,0.02893429482355714,-0.013234001540002368,0.002972754767872918
1981-11-01,-0.05410128058149264,-0.0792541674205235,0.017939739779609703,-0.059041725610619156,-0.053377034923722665,0.07167101372033358,0.03167153114364261,-0.14314730192573977
1981-12-01,-0.015244598213869791,-0.043945559965712686,-0.014643667036316534,-0.07642350201286487,0.08883591621152816,0.10813625529408455,0.027646714644063087,0.0378093433002351
1982-01-01,-0.034850139457445875,-0.08817986540851139,0.006847001234258431,-0.08618240036181549,0.015323835935804152,0.03698226995766163,0.038598585164263136,0.09454021781263218
1982-02-01,-0.02367186825722456,-0.060025815452848165,-0.010289113223721422,-0.10754341509804796,0.07186490561692946,0.03847158048301935,0.06119766228255771,0.056485280814305164
1982-03-01,-0.04302719607949257,-0.07889414472239359,-0.0017242408290073492,-0.09682274131632562,0.0626693750100751,0.07446395698934793,0.03225887598957689,0.05946901272720015
1982-04-01,-0.02143010998574587,-0.036817019627917384,0.015336768431723984,-0.024397815786190886,0.04312098927555546,0.008841482340358198,0.13605383668272267,0.1762912516862574
1982-05-01,0.02294763851051147,-0.01953886156635625,-0.006278233595894299,-0.08703190555323415,-0.009599218385354165,-0.046003651805222034,0.037012082480248946,0.026024610433779974
1982-06-01,-0.02041371539235115,-0.1433899626135826,0.04982769529780616,-0.1239674860861764,0.06031734087774831,0.10108702816069126,0.08392108160825003,0.1795593281866799
1982-07-01,0.043861960562375873,-0.110138048018728,0.04848178233141485,0.08297202858462262,-0.05938851785275244,0.017613073578104377,0.11976133677221479,0.09818991095247404
1982-08-01,-0.08492370279362568,-0.1365097062218757,-0.005986922811986744,-0.1301397360972504,-0.032442165238242,0.12703552842140198,0.0457415712021646,0.03621675808664779
1982-09-01,0.010915794768012486,-0.07608807867481596,-0.010200412741497808,-0.08844746026530194,-0.13412410213101295,-0.1904190331697464,0.09138112266858418,-0.06812392196185153
1982-10-01,0.01558281839467012,-0.08322253291096006,0.014611105839519398,-0.0077291363989239305,-0.31096892010781074,0.07290230132639408,0.009227868479986984,-0.1662782800029701
1982-11-01,-0.010692437107746417,0.008305193789835488,0.011084515574401705,-0.07032116513643691,-0.004737435900155575,0.01944440300576389,-0.0075091687696320665,-0.06942665597922366
1982-12-01,0.003975243038999346,-0.04104126599572954,0.06093099389387214,-0.10812057932810996,-0.009464126290573228,-0.13125373050570488,0.039974000482332135,0.004405912313557847
1983-01-01,0.0007095775352074549,0.012290158442088537,0.02237341916728495,-0.04224669355065075,-0.008225205144093882,0.0042539252899587154,0.07316766218060539,-0.03383633693758871
1983-02-01,0.011302787237442456,-0.10366259763638179,0.029928225052097572,-0.04926243268731814,0.03518508146366765,-0.18403641879558563,0.06326791608617419,0.13820166948815468
1983-03-01,0.007414291971004926,0.02264056709550676,0.060738423380298896,-0.10783973692068413,0.033429667593971375,-0.27783436700701714,-0.02077386670169376,-0.005820987772353938
1983-04-01,-0.002230276855138632,-0.024681977395500456,0.006812825070127197,0.08355426921773312,-0.04914217898922582,-0.12111127376556396,0.13851139871847062,0.10637630459288477
1983-05-01,-0.015038857236504555,-0.1471554594380515,0.07712718747232272,-0.016510235006684686,-0.023167586374667384,-0.13551706448197365,0.12073931949479239,0.2095595631800907
1983-06-01,0.07354924025443883,-0.020664965822583155,0.1511185983384865,-0.11060048839939174,0.015101367006859472,-0.012187297688797116,0.009223085251592454,0.009305534464582592
1983-07-01,0.07387242638147794,0.0015875878965570813,0.06268669621668001,-0.14124797351324736,-0.07630861814944975,0.10616125538945198,-0.10662700803506941,-0.10657855112787704
1983-08-01,0.01367618114902423,-0.1610584734451203,0.03296158182016318,-0.06029922237147146,-0.14654555388035312,0.04716630559414625,0.0013469753875618889,-0.020615098027276322
1983-09-01,0.02929698246029707,-0.03399996175652459,-0.00629049179184696,-0.007698902471074417,0.08060543407355586,0.05016610026359558,0.22010191565468196,0.18753824939190503
1983-10-01,-0.010996320499823643,-0.14520192607527688,0.012617919212747096,-0.08362514981582983,-0.17698021425354865,0.016104064416140318,0.07233916027914909,-0.022890699476423398
1983-11-01,0.035645298552341186,-0.054974964864197236,0.027900083881357444,-0.07283048176053744,-0.05439481427592616,-0.04873109050095081,0.012140835058831033,-0.02212771017786483
1983-12-01,-0.007729886386256951,-0.07440922338338125,0.027981671788122345,0.021211106552561716,-0.052789322310878385,-0.045215943828225136,0.05806575573626018,0.06720662956506435
1984-01-01,-0.005523984392101948,-0.04229593489851271,0.003026267918555633,0.07113844934684127,-0.0583970618824805,0.034925814252346754,0.10055733578545706,0.035007245523828855
1984-02-01,0.04875120706856251,0.015931929062519754,-0.023023554704327515,-0.009397561870404143,-0.05328695500089276,0.0015666165563743562,0.043869318351859136,0.04042753241431545
1984-03-01,-0.01438387562162601,-0.022897782868572646,0.014181073377097864,-0.009151622514004138,0.02664880706898628,-0.05163074005395174,-0.007022013444276083,-0.008616409539966516
1984-04-01,0.01938274667526667,-0.06094888473550479,0.011719885641587494,0.03254671038976356,-0.03643998455616736,0.10481390170753002,0.17164574315150577,0.12045406119924197
1984-05-01,-0.08163470345047803,-0.09872466325759888,0.0752615512929101,-0.10850237154248935,0.24883884095376538,0.09659767150878906,0.08531725477604639,0.23341974322225006
1984-06-01,0.028101603428904824,-0.2126644409838177,0.004517893725331279,-0.045427696695968287,-0.1420453791656802,-0.012129669776186347,0.1053814057792936,0.023072923887783373
1984-07-01,0.016771825746848032,-0.06520562317399752,0.05251996826964255,-0.07896414443628111,-0.11312509736707134,-0.01733888522721827,-0.010297818198090508,-0.06591618375878938
1984-08-01,0.08384750869411688,0.0010258958181588067,0.01659089618402979,0.009073586022453521,-0.05841145231839149,0.0024970946833491325,-0.04521107921997706,-0.06442629325557762
1984-09-01,0.05335699301213026,0.04196231741280783,-0.018229216094250267,-0.18209055510919483,-0.06143548676083165,0.030644871294498444,-0.09721623545157768,-0.1685180399619358
1984-10-01,0.006467231477682407,-0.13333517348482496,0.010309631571821545,-0.05339113856429484,-0.041602747214417306,-0.009165433002635837,0.06918839178979397,0.09991559134402746
1984-11-01,-0.017154541296454575,-0.08795640120903651,-0.02343044784999844,0.09995169604002539,-0.17816977154824043,-0.19529839977622032,0.054005489995082215,-0.12390564235163407
1984-12-01,-0.02518377195184047,-0.08281958067700977,0.01030670802878297,-0.10853598811733188,0.12243307165561183,-0.03525028005242348,-0.03986064233772811,-0.022891182190095876
1985-01-01,-0.007255438965960191,-0.04045164567374048,-0.03472984215055687,0.037138961922766556,-0.04125427935392626,-0.29148755595088005,0.08004233241081238,0.03000183791761667
1985-02-01,0.08147121192171024,0.009045028682088568,-0.0291590950033371,0.05094054252354067,-0.07578102691519645,-0.20412983372807503,0.049969841326986036,0.0028108597510087658
1985-03-01,-0.03095078425338635,-0.11461454310587475,0.010307687056331855,-0.025203409813233275,-0.05707306366774344,0.00882901600562036,0.03179585849422784,0.09596023551175292
1985-04-01,0.0026036326128702895,-0.11573454276436851,0.003170236553726853,0.050411395617385404,0.003022434482831628,-0.06577033549547195,0.10633696979355244,0.16500872205680525
1985-05-01,0.00956938978141317,-0.02919216196806658,0.05671625309016394,-0.045027650559126435,-0.05851800763799298,0.16354495659470558,-0.027523589808316457,-0.051570930321451644
1985-06-01,0.09034023261987245,-0.16419165545985812,0.0998165026523065,0.00798251174056708,-0.09793219186605946,0.05485072731971741,0.15836138455640703,0.2122119488850446
1985-07-01,0.004810503182502893,-0.03586729678014915,0.08808398160381595,-0.08849854678360383,0.033439353348747376,0.022440231405198574,0.022277722933462685,0.0769581698196035
1985-08-01,0.040845018453322925,-0.027163630528818993,0.09021926941215129,-0.12256440831654107,-0.017199777967987523,-0.08556424640119076,0.05301152134225482,-0.003749676520975543
1985-09-01,0.009566134809014889,-0.12856386601924896,0.015076346344489983,0.026901291488711513,-0.12679104843447286,-0.051533314399421215,0.07029990976055463,0.026849043411268318
1985-10-01,0.028118047003562633,-0.12317861297300885,0.01736990500079549,-0.12492448536317739,-0.12057818953068025,0.04317665006965399,0.0761718586796806,-0.012470987743475069
1985-11-01,-0.059505850076675415,-0.136997408810116,0.025828420252039814,0.11120916747335177,-0.16462002550401994,-0.12537671253085136,0.2226817678837549,0.10858466717558848
1985-12-01,-0.01662805604820068,-0.02024986869877293,0.024408186900604895,0.0019885759467064444,-0.059294135820481084,-0.22295011207461357,-0.015649133849711644,-0.0709741258285415
1986-01-01,0.03567552408919884,-0.02522985894410383,-0.025577592137067215,-0.013730897387461876,-0.025098994674701846,-0.25974076241254807,0.04950545373417082,0.0008536338753683466
1986-02-01,0.034230626009118095,-0.021765097266151792,0.0038372696903736696,-0.06386996316376017,0.12138422218061262,-0.3243708983063698,0.03134007521328472,0.07653036482737098
1986-03-01,0.0028546398075727313,-0.11904323917059671,0.03322132498673771,-0.1333538609654156,0.037139984628846566,-0.20666388794779778,0.10915473103523254,0.15852587743544244
1986-04-01,-0.024992420982856017,0.02045626530335063,0.02505892130168344,-0.020460745514328797,-0.05543305869064023,-0.31255751848220825,0.09157484131199972,0.05218964857114873
1986-05-01,-0.0004947887590298286,0.04067890612142427,0.03565997830119686,0.0469189915639251,0.03587587646419002,-0.0361129455268383,0.04613802169582673,0.023288240420146728
1986-06-01,0.08946850036199276,0.08004989829801377,0.056576657284429115,0.03120475796176426,-0.1579406040330087,0.10543587617576122,0.09766076469705218,-0.08512943143575964
1986-07-01,0.057639695990544096,0.05697390685478847,0.05543159752868224,-0.08662310220412353,0.026135891675949097,0.11338857002556324,0.0673248902672813,0.0516697344645648
1986-08-01,-0.021185338353881467,-0.17748084806260608,0.049196769469890045,0.19019626414597923,-0.08783904655325797,0.006918879225850105,0.1594230993872597,0.23123132930675025
1986-09-01,0.029998304537282538,-0.035197935288860685,0.07488244901532713,-0.22501760899130976,-0.03308090231110973,0.008199308067560196,-0.02575589698695001,-0.06347246677942679
1986-10-01,-0.01759966257780504,-0.05077766698031198,0.10682633011669353,-0.014106035510550683,0.06236613637978031,-0.07115499582141638,0.11923054676680338,0.1277616431175823
1986-11-01,0.013193054339633538,-0.09317529343423389,0.00010010030498539193,-0.05996491370806053,-0.17566567947787623,0.01639193738810718,0.15211713455972217,-0.009285484794789637
1986-12-01,5.147348229701703e-06,-0.0007168582496455029,0.034228526055812836,-0.13122515224698764,0.049356740689085375,0.0389172718860209,0.03709906002595311,-0.04754140448402351
1987-01-01,-0.009067257387169564,-0.02493929517056261,0.04119066170592239,-0.11437523053653204,0.09593100196892215,0.04269840195775032,-0.02682102999339501,0.025256710048292726
1987-02-01,0.033383064258557096,-0.00828995058933894,0.00029006918919259226,-0.004426233901350355,-0.014785998651096898,0.03442720975726843,0.09956755098842439,0.0380465341076045
1987-03-01,-0.011435634134194026,-0.01688034473253148,0.029561463473499687,-0.03789816218525616,0.03221808602252314,0.08751560002565384,0.036872824033101395,0.041926741390161115
1987-04-01,-0.03400529090028542,-0.16009115747043065,0.04470720549748428,-0.0890444964170456,0.13071379113581874,0.08939102292060852,0.019610791600176265,0.15655438035306796
1987-05-01,0.044858864723489836,-0.007790434063367901,-0.007651344471462611,-0.015586870374964243,-0.08982976958636314,-0.04872616846114397,0.01821471599950677,-0.11855337611386474
1987-06-01,0.03248690770795712,-0.04986722377084551,0.16088462772144788,0.03394081410187394,-0.10880707733092769,0.02183422213420272,0.11862896028019132,0.05819964891588184
1987-07-01,-0.05041625780554918,-0.08648782968521118,0.07653527798644011,-0.0382132022016084,0.08630857712799503,-0.036563361063599586,0.16626663151241483,0.1958874329714708
1987-08-01,0.007165587292267726,-0.07903978583358583,0.048306924493416496,-0.17676991758061877,-0.03873031406152633,-0.1135052740573883,0.05005738919689542,-0.0467253822675893
1987-09-01,0.01789864869071887,-0.006930570539441847,0.05335373722988627,0.015135017682367295,-0.05784833863858254,-0.12276620604097843,0.04215111468164694,-0.007868366657008588
1987-10-01,0.031061281378452592,-0.08673121531804404,0.05403976226090521,-0.1300059592545922,0.0032680514719217054,0.08923288434743881,0.02234446339397913,0.0038393740345474704
1987-11-01,0.0397672733435264,-0.03743153065443039,0.0060347496005504035,-0.13178052074873625,0.003976829259866668,0.21453510969877243,0.02003375884322893,-0.029549293849669714
1987-12-01,-0.010763646031801516,-0.04735854676082021,0.026647738464500595,-0.10202638248899089,-0.0645310347599368,-0.010677947429940104,0.010337474800291515,-0.12527241463392555
1988-01-01,-0.04093680602426712,-0.0704647574041571,0.024445570897364963,-0.045532841624608675,0.08330561460987214,-0.0204214989207685,0.04001473564477194,0.04012943573401008
1988-02-01,0.050227573284736045,0.030391215391102292,0.017540982209038044,0.03856042983816631,-0.08082776180198116,-0.22944366559386253,0.09283070762952168,-0.02554891972054898
1988-03-01,0.008076910789196307,0.036318043601654824,0.02125279971168957,0.10198482604169133,-0.09624449115607046,0.035884936805814505,0.09208263385863531,-0.07074190382386597
1988-04-01,-0.079994981105511,-0.138319336942264,0.08614690353473028,-0.060812656336755894,0.08805434429837812,-0.28226563706994057,0.02300022594032011,0.12190669355258137
1988-05-01,-0.044780587061093405,-0.046007219879400166,0.11410373600496763,-0.023074272964427718,-0.021157036685655193,0.033742403611540794,-0.015906535887292454,0.050693766122132965
1988-06-01,-0.020026143353718977,-0.2116012786115919,0.02637673338092324,0.13728452040188346,-0.17123067330929542,0.005666611832566559,0.19164469270479112,0.1011982455220021
1988-07-01,0.0313748182872167,-0.01378015260256472,0.04815204419951508,-0.2783462405204773,-0.013084771231778206,0.09535182267427444,-0.09351125607887903,-0.10500684590406821
1988-08-01,0.0798269948707177,-0.018965115859394983,0.02354930350691944,-0.060340067121519965,-0.22585202128656448,0.13076947070658207,0.10980987832659767,-0.18911743667763725
1988-09-01,0.060214790014120244,-0.020958585221142998,0.030720549082194553,-0.09239348791428466,-0.08086861381607671,0.03693250007927418,0.0579431245014781,-0.04171854488446679
1988-10-01,0.010147807009231586,-0.0344062711866129,0.04003080471918203,-0.14093065662170523,0.019975991979722055,-0.03495018696412444,-0.013775707976449104,-0.017774690100004976
1988-11-01,-0.036019073942532905,-0.0057693044211538065,0.05073507680841115,-0.078412918234939,0.05749793903481576,0.03130402881652117,-0.04788791139920552,-0.08490791832897025
1988-12-01,-0.05824113264679909,-0.0318543076337803,0.014514234456895056,-0.08027805988468341,0.14124662885742803,0.04645323380827904,-0.08684635783235231,-0.03411388680548735
1989-01-01,0.004619106990643418,-0.03438728107582955,0.00300786080027836,0.029240932259986648,-0.06713924869414299,-0.023302379995584488,0.053512426536707645,-0.00507006172458051
1989-02-01,-0.04221178304690581,-0.07947366684675217,0.02363661938495394,0.016025852745593483,-0.011221716751254374,0.11960500851273537,0.014712634452042125,0.05747511143415747
1989-03-01,0.003120598311607654,-0.013213525969712508,-0.0076069302546481294,-0.020094689871393033,0.009591323173334521,0.029177251271903515,0.03800839185714722,0.08576874371985314
1989-04-01,-0.06813496924363649,-0.09997733646915073,0.047429026091012405,-0.019542578218588187,-0.004457096163664133,0.05594924557954073,0.031164654397538728,-0.003827686920027498
1989-05-01,0.055266868036526896,-0.050117217359088716,0.028371308133869934,-0.08101955945812055,0.0029094265623679084,0.09922435507178307,0.04588184922578789,0.02262520433311731
1989-06-01,0.051082546034684546,-0.08236735704399291,0.045915549971919135,-0.0771527248087214,-0.18646250809392623,0.09738612920045853,-0.050018601829097384,-0.10810623496351109
1989-07-01,0.0038719392166687893,-0.03866656639036678,0.10645912312295126,-0.20104742317057367,0.04524790471599948,0.1407009083777666,-0.05064665739025388,0.03102732113969158
1989-08-01,-0.0007953659559671695,-0.1547060019913174,0.03957831962169081,-0.19600462557664558,0.0037596500929324857,-0.025970395654439926,0.0964505597949028,0.047181971685987124
1989-09-01,0.03148504765704274,-0.031888358561056,0.05722780732195015,-0.08021004831612999,0.032119546085596085,0.07433617487549782,-0.08466128082502455,0.03507786600942343
1989-10-01,-0.029624715411605742,-0.12380337076527732,0.02667911036911866,-0.12858167513092952,0.001946944112498914,0.04740733187645674,0.004405625541472719,0.020095446265079607
1989-11-01,-0.005232617975427554,-0.03842401007811229,-0.024454757922153545,-0.18581416624695507,-0.13509546556780416,-0.022894826252013445,0.022405040938229787,-0.09243057017594997
1989-12-01,-0.027008247203551806,-0.0673677639237472,0.0069779562814485125,-0.08362037922019389,0.0038852539634512315,-0.00472611136501655,0.08071661971154667,0.09771344107641301
1990-01-01,-0.025756990966888573,-0.0868202941048713,-0.012816674669907577,-0.04257003484822031,-0.009868541852601113,0.010225684382021427,0.03936493857985451,0.09831874303414788
1990-02-01,-0.0722250399681238,-0.07175059900397346,-0.014037979544018923,0.03917913939525832,-0.02921161151701404,0.004708374617621303,0.07381125308928035,0.09003868195372569
1990-03-01,-0.039267694720855124,-0.08732939050311134,-0.01054117186129957,-0.00907942555399973,-0.04319990534455546,-0.2857694774866104,-0.04350830401693071,0.0567811475673192
1990-04-01,-0.016004432959911913,-0.13099707485664458,-0.009104746572700316,0.04390910712640677,-0.043217215927377824,-0.1672874391078949,0.14542921845402035,0.16818270087242126
1990-05-01,0.03721491218759463,-0.024463034545381866,0.00472195392501527,-0.021712743301889787,-0.02799690550854129,0.06453785113990307,-0.0021016646531366165,-0.004008040487976141
1990-06-01,0.08442163467407227,-0.012480559581447215,0.014383548303790716,-0.2397954019147958,-0.08106565163020164,0.051209996454417706,-0.12785492376202628,-0.16695673406963618
1990-07-01,0.02290900510091048,0.0012099554407454672,0.11601350877595985,-0.2744750300450111,0.11383877886879828,-0.042004119604825974,0.05638374547873224,0.16106023964747576
1990-08-01,0.032644233523079984,-0.015053223995935349,0.08514595852381941,-0.0684496738127808,0.059203809547808864,-0.006446224288083613,0.001222471858324882,-0.009440897609776174
1990-09-01,0.02056984589076959,-0.13081418971220654,0.031510658859126815,-0.037202931273339394,-0.23212223764388792,-0.04016644321382046,-0.06847017577716283,-0.1744690390539841
1990-10-01,-0.008447494429464523,-0.00990748383282196,0.10686566972214244,-0.022819278233531696,-0.0629442713914379,-0.10973635129630566,0.0451457691157148,-0.05175892106244262
1990-11-01,-0.013221813938938653,-0.11945188577686038,0.03199026771429656,0.11365651639539803,-0.09475811835258238,-0.0974605418741703,0.01662982827318566,0.02095074405972387
1990-12-01,-0.10022716166881414,-0.044188586374123894,0.016449317268595318,-0.021076757016021814,0.028220317777126067,0.18683580681681633,0.04948398187046959,0.009741775796447001
1991-01-01,-0.054215919942809984,-0.015726339604173387,0.010012696240691172,-0.04309345203549114,0.012861597802369826,0.038527837023139,0.09582836358320145,-0.0076174650761023375
1991-02-01,-0.017329976679040834,-0.056301061773584,-0.007393340364206529,-0.04176331767395361,-0.004336074550425814,-0.08100684732198715,0.03354968414420173,0.10151406618910777
1991-03-01,-0.08009281582557237,-0.02227984147057647,0.04457530660041865,-0.08152156178631,0.1612606067811289,-0.07355464156717062,0.05164559930562973,0.02628539649533554
1991-04-01,-0.009399033509767972,-0.0289900294904198,0.06119193428236506,-0.0722301095279295,-0.008174946020928121,0.05482308566570282,0.14241705338160196,0.0921042347458047
1991-05-01,-0.0020100176334381104,-0.04315082693383807,0.08266133296748866,0.00060096894800941,-0.010509350367130773,-0.04176326561719179,0.13227428708757671,0.047608506931385526
1991-06-01,-0.05195142701268196,-0.05739814646187283,0.1544424589129462,0.08381475597175199,0.10738619152576692,0.030687847174704075,0.11896195333628427,0.21317934905978997
1991-07-01,0.044370710025899686,-0.07014493679716474,0.0368796275469704,-0.018895142225187216,0.055165757094660116,0.03782107029110193,0.20707742089316958,0.14692962589398237
1991-08-01,0.0845301434254417,0.11232075769276846,0.06772805194275967,-0.1745761664056066,0.1307424758711169,0.01593872089870274,-0.08468201295250938,-0.010939612066451932
1991-09-01,0.020900810710512675,-0.08065084971132733,0.017305689296968605,-0.20579784663755502,-0.16079679612190492,0.057695172727108,-0.06396878067226637,-0.14802688654039947
1991-10-01,0.03386974361581871,-0.05095947888635454,0.030210286216891334,0.02300639622914257,-0.015907479269850637,0.07156947162002325,0.1719231761637188,0.1045745548228143
1991-11-01,-0.03905199181575041,-0.06510480085299129,0.03132161623595849,-0.1871777559394267,-0.13361711415552324,0.06729111541062593,-0.06211581861688977,-0.1392941344791735
1991-12-01,0.005943677746332608,-0.00940248081904082,0.01297278964109179,0.0997032358575223,-0.10929023546557273,0.04281267058104277,-0.0023136146011806667,-0.06661743030581677
1992-01-01,-0.0566553224164706,0.0046274971239091385,0.023687553281585377,-0.08792624211133415,0.0051539150937911,0.1480927038937807,0.012343850463540071,-0.0038051646543850364
1992-02-01,-0.04503001673863484,-0.06749541720464117,0.017123185503094093,0.021057460568289256,-0.07369905830390992,0.03548946464434266,0.11179610288568904,0.1569654425265084
1992-03-01,-0.0027719317362285578,-0.06598026624747685,-0.008892684000665728,0.09900894182831493,-0.16591731579073013,0.08401959203183651,0.058924327160985696,0.1030373321452611
1992-04-01,-0.05207414810474102,-0.155185695205416,0.005454544409893561,-0.048139152019771175,0.0638612515984043,0.0810637604445219,0.06047348181406657,0.16639864360782464
1992-05-01,-0.026391953982126255,-0.059221361187242326,0.04211377446958121,-0.20813759583145824,0.06734103925766484,-0.015104076592251658,-0.060047149392110956,-0.07600009336437978
1992-06-01,0.099384869950322,0.08686163595744542,0.05449237676499331,-0.18620304207303628,0.10472711536192125,0.01582356751896441,0.12905853844824292,-0.015345512246581872
1992-07-01,0.04538613443191235,0.0381074712744781,0.0361479373405809,-0.09723033255605555,-0.01995621188994377,-0.08170011453330517,0.0914196137871061,0.0025130506657378778
1992-08-01,0.027417298333602957,0.021952807548500243,0.053865431160058666,-0.16880007599716754,-0.05365852867403338,-0.08075101301074028,-0.01819925471430733,-0.10262405578519257
1992-09-01,0.021727500626674064,0.017545428792280812,0.04429505004183106,-0.3248127538766434,-0.05527097851999344,-0.05543238949030638,-0.07759227727850278,-0.18455235051437163
1992-10-01,0.0014384320149054893,-0.18365785834335147,-0.02063770468036334,0.018609708536471894,-0.313557299875444,-0.16585774719715118,-0.029830360962521462,-0.17216964296891657
1992-11-01,-0.03459800034761429,0.019919717063506447,0.04573694119850795,-0.18263028851195948,0.09283630117293327,-0.26353564113378525,-0.029403891946588243,-0.05508713214330271
1992-12-01,-0.0125719177035185,-0.1025843300989696,0.015463730306837007,-0.1502607740573029,-0.1348255863112788,-0.013625755673274398,0.06273747288755008,0.005910571821978395
1993-01-01,-0.014593725880751243,-0.08424559519404456,0.03971476242810056,0.03761734757850419,-0.06335919662829369,0.09008422493934631,-0.000508056864851997,-0.006713796223343258
1993-02-01,-0.014653881796850607,-0.06646470033696719,0.010665684290554213,0.004343764244842885,-0.03918705868624872,0.08235816843807697,0.06609611490386583,0.11832560871688413
1993-03-01,-0.05812607275751921,-0.07397749328187533,0.04214388115898423,0.04429646225562736,-0.04026105387076255,-0.05735340528190136,0.08766992638508478,0.12868642807006836
1993-04-01,-0.03929804294155194,-0.2237214751186825,0.07125544969154442,-0.09460611574685394,0.11888965964317322,-0.2980421297252178,0.0731318195660909,0.2743447960262567
1993-05-01,-0.008846608778605094,0.034862390852400234,0.11537129842284798,-0.21616064790469497,0.08744331857850475,-0.11862353421747684,-0.1163825321765173,-0.07762241006737024
1993-06-01,0.0462543133359689,-0.009088590741157532,0.0401343096882556,0.040516140523241526,-0.1607897421044688,0.06044928450137377,0.03561944745126225,-0.09427334011440547
1993-07-01,-0.026688662429268543,-0.10682561745246252,0.09835937424846318,-0.0751314990556062,0.011475935518260925,-0.0394981587305665,0.14876237227803185,0.11539165402801944
1993-08-01,-0.02852552068921236,-0.10459131250778834,0.05372314295475034,-0.09781049925889541,-0.02471235610785023,0.023972822818905115,-0.044277723701227276,-0.013568435966129035
1993-09-01,-0.010768865826181494,-0.02742166453528972,0.09467890891044037,-0.0528466512462986,-0.010154822901371987,0.044864886440336704,0.0366132879363639,0.047460817535158614
1993-10-01,-0.004758151727191244,-0.021649622136638277,0.07214151538800503,-0.13518483558697486,-0.0022969486552380748,-0.0514489971101284,0.04911112421680064,0.027721968125289594
1993-11-01,-0.002224420985350242,-0.07258451854189238,0.03804635607461999,-0.06492768984232375,-0.10535414180447979,0.04365529865026474,0.024724553499947344,-0.042281606772416075
1993-12-01,-0.028277062452756442,-0.091498274178732,0.026331999865563022,-0.11999781674413539,-0.02949544559082677,0.09922659955918789,0.023654886255306855,-0.0018173725422943982
1994-01-01,0.012647469635479724,0.0463147425935382,0.022035520658760833,-0.10270153853430676,0.10325639478621944,0.1222414430230856,-0.02497942042758777,-0.026708379597731043
1994-02-01,-0.001054823470230286,-0.0465679071134045,-0.006316248597442241,-0.00582363268833107,0.06417471074288891,0.11476299725472927,0.02727074459904716,0.07876844578225849
1994-03-01,-0.008014942734287335,-0.04547956798757826,0.0004478867212774408,0.03769357146611854,-0.10393832720095111,0.09732631035149097,0.10523696208284014,0.12604284664274942
1994-04-01,0.019506928869164906,-0.05878180354124024,-0.003353077783316806,0.1474951963816116,-0.13942625974455186,0.22586097940802574,-0.004742559755132312,-0.028213808758997583
1994-05-01,0.00803547051663582,-0.017431906114021938,-0.011988746953885193,0.010878907572200048,0.04185715750340493,0.018281503580510616,0.11794048051039377,0.13904076227000062
1994-06-01,0.019072606586492978,0.016136247930782183,0.0631222832084134,-0.3268460951634307,0.10114057410147882,-0.05842619575560093,0.04250185142847754,0.03179712614543002
1994-07-01,0.03361710974086936,-0.10430761391208286,0.01774211144209772,-0.09257270773844932,-0.00542161175079884,-0.07434083614498377,0.018572456070355004,0.014896017932136294
1994-08-01,0.009637479312144794,-0.10281207838228772,0.004123986793169077,-0.18669480263297236,-0.13174578066795103,0.00041401472117286175,-0.10182357171461695,-0.19750802869528114
1994-09-01,0.059894794562401675,-0.10405910157022022,0.011131094525689665,0.0865033313409606,-0.28821376542891225,0.08126925677061081,0.12554261301245007,-0.1203563326681164
1994-10-01,0.046212926793556944,-0.016645034996881372,0.012706072353150535,-0.09588801593922856,-0.0828971064859821,-0.20944984629750252,0.057629604069959546,-0.03853036799061466
1994-11-01,0.04981556047613804,0.010096597751336438,-0.008980725365488426,-0.18004127847614573,-0.08091186924326804,-0.5780681595206261,0.05846681339400155,-0.16095673953983147
1994-12-01,-0.018424807976071652,-0.1423045371969541,0.008894243797260351,0.020252372513511287,0.038621908113841086,-0.07361579686403275,-0.005007367082206266,0.09031117382183881
1995-01-01,-0.005798175071294491,-0.05484600773169881,-0.01821477996165176,0.020009206969346573,-0.029528561619020278,-0.029196147806942463,0.05086682382084074,0.059087369853342085
1995-02-01,-0.020470374192182835,-0.046459070983387175,0.002965025023381779,0.05695720884337354,-0.040275197956831224,0.018886078614741564,0.014208110847643443,-0.005460239317215665
1995-03-01,0.025272607409323637,0.08190313265437171,0.020107080943990448,0.045215221705721384,-0.08054814271388515,-0.13537462800741196,0.0425145553336257,-0.08029350617402037
1995-04-01,-0.09388241343773328,0.045502576090040665,0.04955523485398811,-0.23462476570214796,0.2113503554174977,0.26076333597302437,-0.013248714662733531,-0.027811647930615385
1995-05-01,-0.006907040683122781,0.006993960345252639,-0.03720888947271675,0.04479065537452698,-0.14824179872389762,0.06073620170354843,0.014979213121391477,-0.038332812173265805
1995-06-01,0.07625380101112218,0.016993462728957336,0.059598049931768066,-0.08772323603060708,-0.09776616408940285,0.09375136345624924,-0.0005116659615721021,-0.0953742630884681
1995-07-01,0.12433774196184598,0.08589857745738257,0.12876245098701422,-0.19842168288444403,0.0210957451453132,0.17978904768824577,-0.09848804700942267,-0.0910541121388825
1995-08-01,0.0336936846948587,-0.0737201954637255,0.058812901809595634,-0.00092357400554552,0.05946031981898892,0.10894925333559513,0.06548364247594561,0.21179643735079698
1995-09-01,0.03529796806665567,-0.03313133936552774,0.09194722642069278,-0.09645897505888298,-0.02391420515073884,-0.01224088715389371,0.030159739156564076,0.004213440074572261
1995-10-01,0.04062812058971478,-0.04951753875329381,0.05706348119006641,-0.2767149192183765,-0.06401297906714101,-0.05343745928257704,-0.10462093566145216,-0.10030841533566864
1995-11-01,-0.03264568172968351,-0.009479474586745104,0.029003931938306148,-0.15286894431754725,-0.08355669917598847,0.10650517418980598,-0.03282035124443826,-0.11106675989191298
1995-12-01,0.07741341797205117,0.05405774960915248,-0.06836672327008801,0.051918181020822095,-0.06820307143272893,-0.005390451988205314,-0.07722440397455578,-0.22166337765438457
1996-01-01,-0.03467259283822316,-0.03596911251190163,0.03992871286860411,-0.06364257589204987,0.061276663214929646,0.14786440879106522,0.048476296166578926,0.05525535785816085
1996-02-01,0.029650571254583504,-0.006362992072744029,-0.007638233997251677,0.04973237527840173,-0.1820914807819551,0.08465658873319626,0.08887815865732374,0.03137578531889849
1996-03-01,-0.04502545469082319,-0.061093226429961976,0.03549374397034231,-0.046626803701493275,0.0710347366909827,0.05111243575811386,0.05733025038526172,0.0491029937082613
1996-04-01,0.018928308899586018,-0.07193336440693765,0.010481440003259459,0.0685249747180227,-0.04179791937912664,0.23604361340403557,0.029499694882404236,0.11166869334771601
1996-05-01,0.030048398587566156,-0.1702907362154552,-0.01270567451644203,0.13007242510567849,-0.1571211963891983,0.262058861553669,0.1360422514733814,0.1466551402085264
1996-06-01,0.03940200433135033,0.020112837886526472,0.10163191624957583,-0.15814800315828464,0.06336828152979573,0.10374398902058601,0.010568884511788685,0.019415913962982072
1996-07-01,0.027474875633533184,-0.11175300571180526,0.06543140709940075,-0.005138133749810617,0.056265775234468525,0.05310588516294956,0.06669354758092336,0.17031963232537392
1996-08-01,0.04057611088053538,0.02482087750520025,0.031444745516215546,-0.030297588612606275,0.08108517936160488,-0.04556414671242237,-0.0412819596628348,0.09072653844322957
1996-09-01,0.06191909169921508,-0.0166593019717506,0.011997217433932035,-0.20484288236988124,-0.032020044783430714,-0.026179468259215355,0.05234221617380778,-0.0051619881816523175
1996-10-01,-0.028234718439097587,-0.11130370909259434,-0.027627504660167557,-0.12591979396877004,-0.09472137617488062,-0.039468095637857914,-0.009879106212229956,-0.07057206731447033
1996-11-01,0.04898711107671261,-0.0560839128281389,0.006165817182551584,-0.013335017181599317,-0.14948834094309038,0.09497673250734806,0.12294094477381025,0.01068692851129552
1996-12-01,-0.019791205771840535,-0.019435595632309007,-0.029738856128592426,-0.016971049246503344,-0.0458532583809668,0.05022319033741951,0.0932956894948369,-0.050775161091710486
1997-01-01,0.02666060168009538,-0.060405560015212925,-0.02932494060824747,-0.09365266383583866,-0.0883993842909413,0.10639739222824574,0.042993527881446336,0.07465690059561125
1997-02-01,-0.026291764269654568,-0.1349951717115584,-0.0043946318328380585,-0.1621782446085517,0.08562439151348607,-0.08712630718946457,0.001686435370218186,0.18102323085489408
1997-03-01,-0.05065856931301264,-0.006120788886965741,0.010333499749717506,-0.045681633611223585,0.09767071253830387,-0.16706420108675957,0.07060673442624864,0.040292999589107405
1997-04-01,0.025701657510720767,-0.05664048006846791,0.010554443545423557,-0.01281643731158171,0.08870001521802717,-0.12143210507929325,0.023574234163832097,0.06407942675368887
1997-05-01,0.03730488278401586,-0.09757167704048611,0.016755713284879493,-0.014789894556821281,0.0029418728269276118,0.0576828233897686,0.11206280528789474,0.10414578965012457
1997-06-01,-0.0036972431609263784,-0.2442902397541773,-0.043239140802103546,-0.20995315775942444,-0.1467578113079071,0.33927273005247116,0.12575541933377582,0.05640818304579023
1997-07-01,-0.057421521498606756,-0.10468304334651857,0.052214161479386734,0.024794011529701857,-0.11988981596885188,0.06279607303440571,0.16360561762537273,0.052073666117560695
1997-08-01,0.08713640559178132,0.011271295980328605,0.09154421209857085,-0.1477085609934223,-0.032826077433363084,0.18118342384696007,-0.020360207140800498,-0.06393446573908901
1997-09-01,-0.055865261417168834,-0.09241741860196705,0.0701094667116801,0.02237095483648243,-0.052518926320537444,0.03826338332146406,0.13621044300851368,0.09926793650842049
1997-10-01,0.017420083212737855,-0.037524144032171795,-0.0282895731051331,-0.15438117865306228,-0.11319470021032518,-0.1503364834934473,0.09634814801670255,-0.0813118641225385
1997-11-01,0.007109316782309459,0.01080945311557679,0.014103072074552378,-0.06576621376756411,0.0821135938167572,-0.16625786200165749,0.05688475178820746,0.017567005165865724
1997-12-01,0.011635693148351632,0.02542535685712383,0.006557028551680455,0.0020117995871314362,-0.026626211981619557,0.062366598285734653,0.021270120605116797,-0.019170513088014766
1998-01-01,-0.04832168611196371,-0.06432776738490377,0.048148691775682186,-0.13697119568710894,0.031226332629880598,0.02699415199458599,0.06587970824468703,0.11945480192211314
1998-02-01,0.05852492096332403,0.004063798890759548,0.056508805710768356,-0.020540513987861463,0.04987987960057874,-0.08977975696325302,0.022558078524612245,-0.020203989943568135
1998-03-01,0.00011634153242294604,-0.029446590425712724,0.038711297025472144,-0.03353345082766974,0.0076693332483691555,0.3380916640162468,0.09562992978663672,0.0027270312093093363
1998-04-01,-0.02947102515743329,0.012377561956998849,0.06680066656807195,-0.1025786929166139,0.1777260293883662,0.24384377524256706,0.018740134934584297,0.06692553280105054
1998-05-01,0.042563643879615344,-0.15081004017875307,0.11355585378149283,-0.013675212637702031,0.04357944933637496,0.19742121919989586,-0.0026828662625380923,0.20655655944851084
1998-06-01,0.041183773786402665,0.023339396076542993,0.07547913709709395,-0.25537218620528035,-0.02772046493426446,0.06734580267220736,-0.10146558905641237,-0.14321248925907512
1998-07-01,-0.021386845753743097,-0.09983810817911512,-0.009073526935948843,-0.20791201004341467,-0.005519297725010303,-0.1307392492890358,0.03329727621305557,-0.021225259914784366
1998-08-01,0.025650599541572422,-0.16311298878419966,-0.03878824493807295,0.042393214222210554,-0.1755267982521365,-0.08872185833752155,0.08539956950006031,0.017609230806710015
1998-09-01,-0.023606035930032913,-0.06603212761027473,0.009211982883836912,-0.2752475774110253,-0.07181310605618262,-0.09831607341766357,-0.08220111818185874,-0.14636055894300973
1998-10-01,0.0010494432913569303,-0.09479916521481106,0.0007308921709224799,-0.09934347289711681,-0.09473685415521745,-0.049547567032277584,-0.023336961333240782,-0.08274579132106942
1998-11-01,0.010163122788071632,-0.13222053114856994,-0.03619481525991274,-0.11251051701716522,-0.14711766233367304,-0.0927660521119833,0.07892584029052939,0.02286864418379018
1998-12-01,0.01190252172259184,-0.06168616403426443,-0.029226384409095932,-0.016662916307573886,-0.030292086904087374,-0.08209162391722202,0.0005217269062995911,0.003914411415831304
1999-01-01,-0.0010150542052892537,-0.1236249382297198,-0.005080572504928147,-0.020414304488630436,0.05509087275112829,-0.29916325584053993,0.08236818192970184,0.14616376917127152
1999-02-01,-0.021551684118234195,-0.04706124198578653,-0.005857366056221983,-0.042969397088484976,-0.02689757534573155,-0.29793037101626396,-0.006707049906253815,0.022385581593278428
1999-03-01,0.03914414833371456,-0.028789832833267394,0.02156942610399447,0.05044800354473626,0.021081993116005775,0.12174882926046848,0.04869120483774514,0.021960844718654393
1999-04-01,0.05003123329235957,-0.0011930577567822876,0.050652986797301666,0.04051326315349607,-0.09556877757272413,0.03512284951284528,0.02685249250914369,-0.014950110721336285
1999-05-01,-0.06309584642832096,-0.01804897606018044,0.10574460029602052,-0.14733158385575706,0.10287577827130595,-0.11793924495577812,-0.08475217968225479,-0.03573117436657489
1999-06-01,-0.03390141619512668,-0.1495639660528728,0.06997807464305907,-0.033817754418992284,-0.060081974633278384,-0.03536849748343229,0.054558410885788146,0.07018831519173904
1999-07-01,-0.00033979519055439875,-0.15445131631124587,0.05686531329284544,0.007725611968494173,-0.030654683829315247,-0.2599780261516571,0.14796663607869828,0.13023382970984554
1999-08-01,-0.029013756519326795,-0.20322178800900778,0.06041291939175648,0.04133959092311005,-0.06762436561046108,-0.12934507802128792,0.035499458511670426,0.10797815843367241
1999-09-01,-0.0320286862552166,-0.08102313038848695,0.12829703805239306,-0.07482261688851598,0.056445832935071764,-0.10078354738652706,-0.018662143099520887,0.0827060041713043
1999-10-01,0.0194153158316532,-0.05847234722404253,-0.0005519597966601883,-0.06969521072373461,-0.11192251357340044,0.05426135379821062,0.014966855579543682,-0.0732679759532633
1999-11-01,0.059376624054633655,-0.011190431680352915,0.05070218424974145,-0.18704219985364087,-0.10872848572269563,-0.0763677479699254,0.03466909618249961,-0.08428343899652992
1999-12-01,0.014583832369400904,0.0013669288905692244,-0.0012603871848272242,0.05350063429839575,-0.17760105190738554,-0.05456040147691965,0.038829696187306015,-0.17901812220962954
2000-01-01,-0.015356476203753397,-0.051783149441083275,0.07224112506146017,-0.00048044755352911214,0.011834343745102805,-0.0304255448281765,0.03620800074367296,0.03513130293765538
2000-02-01,-0.07004270186791053,-0.10536097522292819,0.0405663975339005,-0.09988149377837109,0.05913217582048908,-0.13603759929537773,0.029129019627968468,0.10555929071466688
2000-03-01,-0.05806825481928311,-0.08691321348860151,0.03487301342513251,-0.09958225844511345,0.0839716003787133,-0.011259079910814762,0.01199066395028716,0.05791089169576135
2000-04-01,-0.06962731194037658,-0.06473453360654059,0.054589905978544906,-0.01430639774719281,0.04849562781953043,-0.06019098684191704,0.09252122647705532,0.07002847400349631
2000-05-01,0.0508369175860515,-0.02513983996496314,0.03580088200776474,-0.01837520012215002,-0.0005681031560074658,0.08105467073619366,-0.015995677205778304,0.003726173415255379
2000-06-01,0.06721204576584008,-0.09106660173052833,0.08497893594313359,0.07265443121319386,-0.04048743735878698,0.14022739604115486,0.11018822945299603,0.10657254868829755
2000-07-01,-0.006601404971801317,-0.13548267029580616,0.12868662513252618,-0.19482211835348784,-0.06775362116675224,0.1472961064428091,-0.06225124178897767,-0.017804454382456526
2000-08-01,0.07670729492719357,-0.04080970815959431,0.05137004174184109,-0.03900494037279442,-0.09636455365727024,0.24141671136021614,0.031647624980126104,-0.01150817859550597
2000-09-01,0.10366251835456261,0.008583203556814365,0.024522439090778,-0.0878674992874487,-0.005739310666197731,0.20736873149871826,-0.026275586514245896,-0.01688710164646028
2000-10-01,0.002665968181995245,-0.0945863358321644,0.03042507889694062,-0.17354324904840382,-0.0797664326044821,0.07214514072984457,0.013213011968348707,-0.006262529772562041
2000-11-01,-0.007514317985624075,-0.19876577314876376,-0.03364149217858263,0.12659625108562297,-0.36768146580265415,0.1184785645455122,0.12272643191473824,-0.03924839670809222
2000-12-01,0.00945898274389597,-0.015109254135971978,0.02958955432193867,-0.09932392346325204,0.03555888129818824,0.06389265414327383,-0.05783331624808765,-0.059497487586988536
2001-01-01,-0.02768875959400947,-0.1349390262649173,0.029408983697277916,-0.06174410679447117,0.030121540710810694,0.005597465788014233,0.06714946706779301,0.19440783161512565
2001-02-01,-0.05844403631412066,-0.10330296520675931,-0.0006799678912089355,-0.020827700509064233,0.05255546420812607,0.044748890213668346,-0.014147982888278506,0.0501706986360147
2001-03-01,-0.0156271278571624,-0.06045386904761905,0.016947010990934097,-0.07616177534879143,0.08016068848871416,-0.019381087040528655,0.057806503388010674,0.11693529889617169
2001-04-01,-0.04097209670222723,-0.11379967133204143,0.021820329804567325,0.0597528279272478,0.02820914491049705,0.08109343238174915,0.052805992641619275,0.11132040493924854
2001-05-01,0.016074261556451138,-0.10944832825944538,0.0719761624392392,-0.12498809330498993,0.026198873116124063,0.13433554209768772,0.0635576354605811,0.07147749649806762
2001-06-01,-0.03913387871132447,-0.04934685393458321,0.0013925445576508841,-0.07466217363948252,-0.1241659204806051,0.04069517366588116,0.14875605702400208,-1.9787074333961897e-05
2001-07-01,0.10656137019395828,-0.14467952506882803,0.03729773671838685,0.1280211245835717,-0.10551646832496889,0.021705860272049904,0.11653143646461622,0.15935390977792338
2001-08-01,0.11353044269176629,-0.19097823117460525,0.010944718656980474,-0.31259620367591057,0.0058147046084125196,0.05098000634461641,-0.011843800367343994,-0.037144268797317026
2001-09-01,0.000542083468574744,-0.05474017400826727,0.0718996752107489,-0.17319072538347385,-0.012550618679773423,0.05881957709789276,-0.08814452482121331,-0.020695038297226732
2001-10-01,0.001893432166140813,-0.044427581486247834,-0.019483285533446495,-0.20711746678423523,-0.20449921008079283,-0.0032210026984103024,-0.07109846032801129,-0.26034998222136163
2001-11-01,-0.018351534739709817,-0.11684011135782514,-0.015185416871816786,0.13569485562950817,-0.25921956666054263,-0.004187008016742766,0.023556751686902272,-0.1312847288561539
2001-12-01,-0.044782485526341655,0.0457532127343473,-0.012658435878330383,-0.033668420319236926,0.1190685216457613,-0.07922757416963577,0.055654516022297595,0.0358800416891004
2002-01-01,-0.009207196103838773,-0.04591735612068858,0.0158710904635381,-0.0715329520293136,0.10612545715224359,-0.1762140728533268,0.06040941923856735,0.08364086314825944
2002-02-01,-0.0025107870953014265,-0.002232438003245209,-0.0021155747294803896,-0.02135823883894664,0.07103904480895688,-0.20537735894322395,-0.021341886105281965,-0.0021909430793578357
2002-03-01,0.028252924093976617,0.002973977964194048,0.01852462621594685,0.002842230041191649,-0.04752892399987867,-0.028399776201695204,0.016789378576158056,0.0226203247275151
2002-04-01,-0.05402306094765663,-0.1405485506568636,0.007752633478114571,0.14940887244779671,-0.0824470914179279,0.041479249484837055,0.09661093354225159,0.1335215925330847
2002-05-01,0.03838593570085672,-0.17509162425994873,0.08467454463243484,-0.01307835997040592,0.012124092468330938,0.09218371473252773,0.22362752329735527,0.22796167874000442
2002-06-01,0.059701946492378526,0.06396762938016937,0.08750229102113974,-0.07626264731385814,0.1840762673847137,-0.0015992541739251465,0.05602478094044185,0.11657462783262763
2002-07-01,0.08212201870404756,-0.023758320492647943,0.10715436622284462,-0.05897211828338566,0.14791707358052653,0.10340937413275242,-0.03993812626937315,0.1523085463214928
2002-08-01,-0.011687536294070574,-0.1612507693824314,0.08198928789816042,-0.20822371119883523,-0.08998238030941255,-0.06544051691889763,0.01380878101502146,-0.010419368061801078
2002-09-01,0.0652240188075946,-0.03766142984940892,0.009755595870639967,-0.1879657604801121,-0.15067680468482356,0.09578431025147438,-0.10042355174110049,-0.21698000565381118
2002-10-01,0.042864273373897255,-0.043685898362171086,0.09017369399468105,-0.1308944799117188,-0.007272256358015922,-0.017813148442655802,0.028626072841385998,0.05337191404591144
2002-11-01,0.005424343622647799,-0.11634530410880135,0.09020869282708653,-0.1581793400778699,0.07461458444595337,-0.0019888588576577604,-0.0312618709479769,0.08728565044806037
2002-12-01,0.04732956106846149,0.01940732333986532,0.003999933276487433,0.041924695025629066,-0.0815878592191204,-0.08963579311966896,0.04306598522123836,-0.052800213157291144
2003-01-01,-0.04786762337271984,-0.08347822974125545,0.033067427305639656,-0.08408869269178874,0.008533605104011873,0.037142864894121885,-0.0010108034170809245,0.03282543219311137
2003-02-01,-0.045392862879312955,-0.02589330875447818,0.015509889150659244,0.007670999629728829,-0.0328855108349554,0.11405693367123604,0.07649100252560206,0.03689429657140249
2003-03-01,-0.04038509124746689,-0.0763629430106708,0.05203480899765872,0.00804783220388996,-0.03849049849856284,0.04475167486816645,0.08142647998673574,0.11958475683776426
2003-04-01,-0.010874439030885696,-0.16415459769112725,0.06623512565873672,0.011723359296126152,0.029547909094441323,-0.014076887164264917,0.1505974538269497,0.2642623555492348
2003-05-01,0.052497328903812625,-0.16421679229963393,-0.023551018355225307,0.08241260674462389,-0.17554123074777664,0.11799238622188568,0.15657511850198108,0.1316648973545558
2003-06-01,-0.010573365367375886,0.0481331321809973,0.07997414880040764,-0.051453943128016454,0.03993982569344582,0.06248564925044775,0.09621420254309972,-0.006872694939374924
2003-07-01,0.041243898180814885,-0.13381410390138626,-0.013890805353909947,-0.08073382413209373,-0.1575532098931651,0.11479208245873451,-0.029366792711828436,-0.08173433302993506
2003-08-01,0.008227319967073316,0.047840390886579244,0.08907493986729263,-0.2834339640033779,0.1591114387396843,0.02124620834365487,-0.10093478574639275,0.058898361216128715
2003-09-01,0.03325693667508089,-0.026410177261346864,0.05664170679190885,-0.3102443111476613,-0.03409031478147353,0.024771024473011494,-0.14438710397198087,-0.15870550988425672
2003-10-01,0.036625233837045156,-0.07221343971434094,0.020565339566572853,-0.017919317721875744,-0.22026550385259813,0.0028600136283785105,0.008212777652910777,-0.1902983432084742
2003-11-01,0.0021941676879158388,-0.08388487178654898,0.012002337346042414,0.06172917783260345,-0.17325833680168276,-0.02002821071073413,0.08787460092987333,0.02469929381155632
2003-12-01,-0.0053276472653333955,-0.13825493376879466,0.021971664323970894,-0.09942825383214808,0.009317132794568616,0.10833925567567348,0.017734688839742115,0.0909979179711409
2004-01-01,-0.0019642080251987162,0.053121717203231084,-0.02140245953763741,-0.04719491881221088,0.05975666666223157,-0.020011330489069223,0.03740783869510605,0.0229629569909942
2004-02-01,-0.03690828211032427,-0.11129923874423618,-0.04480660123669583,0.027001059767025617,-0.08599424073773046,-0.2883480675518513,0.030199017907891954,0.1383127251141508
2004-03-01,0.013278319070545526,-0.018916549604563487,0.021648452873679176,-0.10966328320218555,0.04590078587493589,-0.10920371860265732,0.04142901993223599,0.039519120375035514
2004-04-01,-0.018634427374658674,-0.13681236831914811,0.011574569752142914,-0.09499019873676015,0.09602817196038461,-0.08051346056163311,0.11171607877172174,0.22672400088377404
2004-05-01,-0.009280727782215063,0.004376307784003161,0.052358172294022384,0.07813720227177463,-0.12139015861095921,0.10636451654136181,0.03653109251033692,-0.05134030861753813
2004-06-01,0.07656334111323723,-0.14559471358855566,0.07172586207372555,-0.0496959953165766,-0.04534324811350915,0.06180556025356054,0.048629017103286015,0.13407253673378852
2004-07-01,0.02713572520476121,-0.054684946579592573,0.08033066987991333,-0.04179406799932024,-0.07379794072720312,-0.007480488857254386,-0.13494375560964855,-0.10523459231349784
2004-08-01,0.1303716003894806,0.049824356323196775,0.12140241923971454,-0.22282913994433273,0.04291569573744651,0.03097913460806012,-0.13210933123316082,-0.07335656965282601
2004-09-01,-0.0006491604905862075,-0.05231140447514398,0.12306306997071143,-0.03519220027460981,0.005684446002687177,-0.13890432193875313,-0.03405352854835136,0.01838509334434926
2004-10-01,0.002787809879429495,-0.1119997263664291,0.04596756501258284,-0.21191806490741558,-0.10392674274982945,0.01793303876183927,-0.018736984846847396,-0.10024588292753193
2004-11-01,-0.017334784452731792,-0.07325203291007451,0.06091535307359005,-0.09036145325916917,-0.1342800716238637,0.07630808278918266,0.05412973108745756,-0.08943483863078373
2004-12-01,0.01867651079709713,-0.09772462681645439,0.06474308615577394,0.06454042645532693,-0.2025622513986403,-0.09744426235556602,0.14120849470297495,0.13083780945186885
2005-01-01,-0.054505993253909625,-0.031132219980160396,0.03671287761434265,-0.04487942848632585,0.04569144559002692,0.06799001712352037,-0.027002426130431037,-0.036123208701610565
2005-02-01,0.01060921770448868,-0.07816106081008911,0.03296182882310688,-0.06856594179103623,0.01807837716994747,-0.044358386658132076,0.05903890977303187,0.09206881825353058
2005-03-01,0.05366901795451458,-0.03751543394866444,0.024613007849109348,0.03480510925179097,-0.09626510643189953,-0.1481475681066513,0.022355197884497188,0.07487210169644423
2005-04-01,-0.09131825887239896,-0.17321696948437465,0.07854779183432677,-0.031150488266304358,0.05731554401497687,0.09752015583217144,0.011203328945807048,0.09543375230171311
2005-05-01,0.07798014638515618,-0.00868066092066112,0.07680832421866017,-0.1504178923457416,0.06914025232676536,0.2104014717042446,0.04025333834024856,0.061416515791919875
2005-06-01,0.05200563070292656,0.04798566390361105,0.13859118132487588,-0.10390638637898572,0.030459352438488314,0.1572922244668007,-0.08136533200740814,0.02704013506291618
2005-07-01,-0.00014934115684949435,-0.12444042201553072,0.01449352737678134,0.020550543080959747,-0.17776775263970898,0.09340227581560612,0.06654433728683562,0.0014277827650518485
2005-08-01,0.02208527070111953,-0.015952853885080134,0.03314723557644132,-0.17835260994398772,-0.007929136195490438,0.03409737953916192,0.04864274967639219,0.009410590930304058
2005-09-01,-0.02566600334830582,-0.09302848151751927,0.0864280873666639,-0.28218704817900014,-0.07251881423496431,-0.03349918406456709,-0.002153462153815088,-0.08134271582247506
2005-10-01,-0.04530506960761088,-0.10885727547463916,0.02883198617053205,-0.27965015884655625,-0.042592289467011726,-0.002809915749821812,-0.030802534449668156,-0.030467976671709144
2005-11-01,-0.011569842552909484,-0.1452999810377757,0.023100625696605533,-0.027718103087660092,-0.1068680517135128,-0.016081269131973386,0.0126662329282789,0.02441124754472518
2005-12-01,-0.03893039762400664,-0.05274340510368347,0.024250244040150144,-0.1328516362318352,0.13788092520929152,0.007726405747234821,-0.11573854301656995,-0.056406567004364985
2006-01-01,-0.024337596976413176,-0.06258955136651084,-0.023055664412137394,-0.05135769719508156,-0.03978919478193406,0.0462637934833765,0.011604053988343193,0.03154476133870407
2006-02-01,-0.016886831189577397,-0.0649930110999516,-0.004634137967250485,-0.00644156834416425,-0.020441037392423998,0.053225746378302574,0.010790735527518249,0.045140512602429995
2006-03-01,-0.006146026918521294,-0.049601947622639794,-0.0007220341459564541,-0.14829457695804424,0.010167687921033751,0.035383759532123804,-0.04196780955507642,0.045947835478984136
2006-04-01,0.028471369296312332,0.046590697907266165,0.018370572797721252,-0.1752670576323324,0.1567560218034252,-0.1264881994575262,-0.01850046527882417,-0.008020955990527717
2006-05-01,0.0509046705869528,-0.01601654193585827,0.040153548647852054,-0.1347833493752266,-7.57537500542258e-05,0.0004916739999316633,0.01175881585194951,0.01205741231080512
2006-06-01,0.1275622758727807,-0.042711907909030004,-0.036573330399350845,0.07284812406817479,-0.17922101241926994,0.14313021674752235,0.09138715054307665,-0.0733408080020421
2006-07-01,0.06609907230505577,-0.14818745354811352,0.06144508935403133,0.05553011685165007,-0.1284642445464288,0.1314717624336481,0.04744171918857665,0.058580022042905786
2006-08-01,-0.09155301520457634,-0.26596048403353917,0.06492741986353329,0.08741877973079681,0.022345551499916662,-0.14916006475687027,0.19118067764100574,0.25843430153081115
2006-09-01,0.0725635656943688,-0.0015954424660386784,-0.035820736725261246,-0.06871798923656122,-0.16813332275036844,0.09532205760478973,-0.002807061675758589,-0.16749682770648475
2006-10-01,-0.07406161668208928,-0.18357496176447188,0.026038428093644157,-0.10665245910189045,-0.22158130042014584,0.007217825623229146,0.002366357253950333,-0.05607903528381401
2006-11-01,-0.019358019702709638,-0.056787606860910146,0.04252905053073082,-0.06363043255770384,-0.17508042435492238,-0.037640524096786976,0.0072834889094034825,-0.1670551446961685
2006-12-01,0.05973629653453827,-0.08358561566897801,-0.01536348456705826,-0.16987552838539008,-0.11880088958048052,0.044480147771537304,0.020954390721661702,-0.05102762034241583
2007-01-01,-0.03379293789084141,-0.08755047761258625,0.02963159678746825,-0.03327051761435039,0.012334122983438353,-0.006531740655191243,0.02004603234430154,-0.04274967900464233
2007-02-01,-0.03233113791793585,-0.10884170908303488,0.05371389721614728,-0.06012018047161956,-0.00409269705414772,0.1687677949666977,0.09165706911257335,0.16502163989443175
2007-03-01,0.023267983745497007,-0.09989751768963678,-0.02359338037237741,0.013868606635438862,-0.026931439436251117,-0.040955268777906895,0.01704028585837001,0.10170544117269383
2007-04-01,0.010784999825633489,-0.15614098381428493,0.056965479060359626,0.05729924053398531,-0.07457155734300613,-0.01687288051471114,0.10278729721903801,0.16465227998478313
2007-05-01,-0.02769447791461761,0.03793586843780109,0.0746839828249337,-0.015113666764835812,-0.022876205583733898,0.20574815571308136,-0.04847719023625056,-0.029793111476260174
2007-06-01,0.07162474740583163,-0.10257869781482788,0.021019853327585304,0.1715377306760247,-0.2585546143593327,0.11162571609020233,0.19663783056395392,0.14302233155344574
2007-07-01,0.05970351684551972,-0.04743541635218121,0.17479776634254318,-0.0466308987407542,0.14067793325070413,0.017795420717447996,-0.014227619838146936,0.17029126765022817
2007-08-01,-0.015685727389959186,-0.11384770096767517,0.03303676857140617,0.020313039144028478,-0.1489277328214338,-0.003768215829040855,0.015516732819378376,-0.020835174798545703
2007-09-01,-0.0049547299456137875,-0.13411849559772582,0.01574831920257513,-0.27850859645587295,-0.17970401433206373,-0.014593927189707756,0.03731418046213331,-0.10990261192053137
2007-10-01,-0.014052800296877438,-0.029804890177079612,0.023058214751274692,-0.19506829888073365,-0.06565975566064158,-0.034268239978700876,-0.03761079428451402,-0.13027245729741915
2007-11-01,0.012354605759565646,-0.07616220308201654,0.02327621779472068,0.012984246349156792,-0.18309148088578256,0.02415221882984042,0.02509716765156814,-0.05833390103259557
2007-12-01,-0.04298127327974026,-0.09476220501320703,0.021373552769638492,-0.07269723869081753,0.07125531593638082,-0.031920112669467926,0.043119105199972786,0.0528450005910766
2008-01-01,-0.0324728017529616,-0.07771425658748264,0.011279795021898506,-0.10517931251383539,0.042085989468520685,0.030470353085547686,-0.016391938330516928,0.028869892719765786
2008-02-01,0.03405885842557137,0.013693958698284058,-0.011355934016730474,-0.0021151996759781197,-0.05244520763235708,-0.07671770639717579,0.00734552386261168,-0.01411711219960535
2008-03-01,-0.019524088487602197,-0.04810723254368419,-0.012998042739522847,-0.05540255067953422,0.03406971753124268,-0.25200676172971725,-0.015964520474274952,0.021205569656801898
2008-04-01,-0.02479543909430504,-0.06006458951603799,0.03798648451819368,-0.010999321325946209,0.012506597164657808,-0.149573041126132,-0.05288855483134587,0.01948676399991546
2008-05-01,0.06724954009629212,-0.015389975825590747,-0.0038153399119450564,0.05698651075363159,-0.11952696067671623,0.028282948769629,0.0981476902961731,0.035054008410850046
2008-06-01,0.0033026360548459566,-0.2153089890877406,-0.0388432987784799,0.06633258021589535,-0.15167252671334053,0.01091604121029377,0.1693326589607057,0.15845879072874366
2008-07-01,-0.009080525487661362,-0.22358147516137078,-0.019265902296140575,-0.013620131162565146,-0.11037097823235296,0.23893512785434723,0.14886081928298586,0.16006105382677535
2008-08-01,0.09484224594556367,-0.0012077152773383119,0.026819472997516827,-0.011345685056563633,-0.13232290023757565,0.23788897320628166,-0.06126546256598972,-0.06672013813341168
2008-09-01,-0.012294726732831735,0.011160700315875667,0.1337923973366834,-0.43231039794523324,0.12780556515339883,-0.05181896034628153,-0.19879674627667382,-0.06050718292384081
2008-10-01,0.004580565370046175,-0.0822490258585839,0.05038071666722713,-0.16255147421537938,-0.16683865218393265,0.04859048407524824,-0.04941516068010103,-0.174306763309828
2008-11-01,-0.0003895786805794789,-0.005230297046225695,0.060300477712914566,-0.10194578277530954,-0.01623121600958609,0.05016383249312639,-0.027706185023167303,-0.11740241881827235
2008-12-01,0.006213655265477987,-0.0008198633579359878,0.006652522859150085,-0.07979644101057479,0.006968226103532699,0.11706141754984856,0.034776399621651286,-0.07968888106480451
2009-01-01,0.034173158928751945,-0.06413819002253669,-0.03697788815243521,0.059734640726402624,-0.06083364207898417,0.055198054760694504,0.011304158140860852,-0.016133745633800267
2009-02-01,0.008997870609164238,-0.09044352031889416,0.0026895249586390414,-0.02964388078718043,-0.039324377693476215,0.10432828217744827,0.030182601795310064,0.08334095629168228
2009-03-01,-0.027123827558870498,-0.09161825513555891,0.014046817828995596,-0.04449177588989485,-0.026468232634567445,0.10257675312459469,0.06590281568822406,0.07772862281597837
2009-04-01,0.013174114462274771,0.046944866577784225,0.016353102535873222,0.00884447927906442,-0.00352254775803416,0.1198654156178236,-0.0331732142894041,-0.09143113250463782
2009-05-01,0.02824935488975965,-0.1466172259478342,0.007492077091465826,0.29548978182806895,-0.29258857811650923,0.20662249997258186,0.10844044298643157,0.07212766983979185
2009-06-01,0.042705334579715364,-0.09495845685402553,0.10150814617889516,0.01945196470217918,0.09662509565391848,0.08506461977958679,-0.026570016385189122,0.1395471603937552
2009-07-01,0.06417576940013812,-0.02446835195379598,0.023312677723774013,0.11489475840952858,-0.07614034919008132,0.19483139738440514,0.005784584209322929,0.049784821523746976
2009-08-01,0.035291139322977796,-0.06844035039345424,0.07779252566937088,-0.14108465011440105,0.19987858831882477,0.07313414476811886,0.0025001860090664452,0.1661859242848947
2009-09-01,0.009019290311978413,-0.009256573061325721,0.05982483642688696,-0.15789508374769295,0.020243326622632243,0.2239055372774601,-0.05135561561300641,-0.04124973808795634
2009-10-01,0.014993049419270111,-0.17380043864250183,-0.016835892060096714,0.08688060316576886,-0.3520362079143524,0.10421672835946083,-0.028266327544337225,-0.18443511405461271
2009-11-01,0.018441108270333365,-0.046834624594166166,0.02575729757655358,0.0663579955919465,-0.0246288284899727,0.16560321673750877,0.05557153906141008,0.0966559518390978
2009-12-01,0.004087942294203318,-0.05188455716485069,0.023077198209753937,-0.007543591921454045,-0.020046078509861422,0.0986128393560648,-0.07262525104341053,-0.11445308025454132
2010-01-01,0.009755878171955163,-0.05941038419093405,-0.014130680727353996,-0.03736473953545983,-0.01924922990222131,0.16716957092285156,0.05377366606678281,0.042664532510327625
2010-02-01,0.011393633097983323,-0.054577955355246864,-0.013378118772221649,0.009386538903215037,-0.014222734757969457,0.18319269642233849,0.05418929493143445,0.018316555873189175
2010-03-01,0.00812975474848197,-0.05058154818557558,0.0211897819046525,0.02873235507242715,-0.07771123801508258,0.1789112389087677,0.06906297590051379,-0.001237340169814481
2010-04-01,0.020337766036391258,-0.009865853713736649,0.02616927014204903,-0.07229656981888101,-0.04775221309354229,0.009459666325710714,0.021152487689895288,-0.05297052713347153
2010-05-01,-0.0008450831788090559,-0.04597505377162071,0.058202743631504156,-0.1323382133868203,0.07325606721062813,-0.03433502046391368,-0.013454853601398921,0.02091393583047558
2010-06-01,0.0089032704440447,-0.1476661435195378,0.07871540425264317,0.09554471097775359,-0.15615133508559195,0.11854208074510098,0.12256423277514321,0.004933306186551779
2010-07-01,-0.028254942780432217,0.01511659717098588,0.062284684078632926,-0.06904931766773337,-0.0711200037790883,0.04878805484622717,0.10681465268135071,-0.016016219283493473
2010-08-01,0.04655305152902236,-0.03751195257618314,0.042942576818978014,-0.097444686871856,-0.04367965664113722,0.0501841027289629,0.021564327623872528,-0.05035026287528831
2010-09-01,0.026509639305564072,-0.029964370298243705,0.023838163326507896,-0.07763218635053777,-0.13235043133458785,-0.04381951875984669,-0.006669702984037853,-0.1752479500334028
2010-10-01,-0.012881202766528497,-0.15694176157315573,0.023503565782870075,-0.1572132110595703,-0.12588208961871364,0.13788698241114616,-0.0657742949468749,-0.11637062883712877
2010-11-01,-0.06683248453415357,-0.06469878855915297,0.032891301384222686,-0.05894360035213071,-0.03962884506871624,0.008072995115071535,-0.00026558836301167804,-0.06244915052199028
2010-12-01,-0.01594806806399272,0.06390280489410673,0.02025742492085134,0.04130686674989871,0.03629975741909396,-0.06114957854151726,-0.01617745097194399,-0.1190769630418697
2011-01-01,-0.02231467730150773,-0.09389331653004601,0.002196463553801827,0.0353214539476295,-0.03950512337107812,-0.08593272417783737,0.0805964728906041,0.11357847653644186
2011-02-01,0.03709445564219585,0.027623218262479418,-0.02974343158817594,-0.0002816526450341873,0.01330665132451442,0.00627205241471529,0.018201694446837616,-0.06335882443777273
2011-03-01,-0.018499748279842045,-0.0387313465277354,0.016177170133839052,0.040172123864515505,-0.09407446148895449,0.014552002539858222,0.01611810399308091,-0.010173075215917239
2011-04-01,0.0007974162984352845,-0.07933216790358226,0.07402404764856117,-0.10872969209258236,0.045956142487064484,-0.04102018661797047,0.028599662085374195,0.08888353764171332
2011-05-01,0.02718364927344597,-0.023215955921581814,-0.002811537326677986,0.16811068600683068,-0.2200899104918203,0.12537159025669098,0.06991108613354818,-0.0496222047318875
2011-06-01,-0.01527558439053022,-0.2290789747521991,0.005021186687214219,0.10783747950596595,-0.20566291866763944,0.10174931958317757,0.06435724418787729,0.008403688249453693
2011-07-01,0.0057992901509770975,-0.12054524073998134,-0.028110987952221996,0.07214270976941976,-0.2876768189091836,0.1169261522591114,0.07861563137599399,-0.1723326952524588
2011-08-01,-0.0020556352459467375,-0.16630751391251883,0.09565933243088101,0.08227231342401077,0.018817761672600623,0.024656576570123434,0.1607016935234978,0.21317716635448833
2011-09-01,0.053998547104688786,-0.08290766605309079,-0.003534527934169856,-0.09936059811222019,-0.16859271112949617,0.1290629245340824,-0.06349843682809954,-0.1877327410268112
2011-10-01,-0.02419407980946394,-0.07731227115506217,0.04631885921285637,-0.11533463179175532,-0.09841414228562385,0.08889779448509216,0.018444115107524254,-0.04464669651548628
2011-11-01,-0.03564321221067355,-0.07318356739623207,0.07070587489052096,-0.25476439675288415,-0.0604804725416245,-0.0070806307485327125,-0.11664132277170816,-0.1701070179401989
2011-12-01,-0.01132273616699072,-0.09961263054893131,0.04334348942274633,-0.04749635039870419,-0.050671374605548,0.013172634644433856,0.024829000522870393,0.08535992721436729
2012-01-01,-0.0052991624061877905,-0.05486514862804186,0.032160099784749145,-0.06299366924300122,-0.052428251552966335,0.08409088477492332,0.12369371329744656,0.09285326994640727
2012-02-01,0.010388445718070636,-0.03791645701442446,0.038819230310078987,-0.03759889627125725,-0.007832452144113279,0.004946314729750156,0.05034937035469782,0.01260895990359951
2012-03-01,0.004657440183039468,-0.029358165782122386,0.02737099345287551,-0.06276290696948321,0.0019047490035694454,0.055472846142947674,0.05060637547146706,0.07689795653584977
2012-04-01,0.005422174357450925,-0.13705637483369737,0.04852013797431753,-0.0880600745553401,0.10608717078162778,-0.004735578550025821,-0.009425763883406208,0.1436141804910042
2012-05-01,0.005932569038122892,-0.011599392053626832,0.07536743322144385,-0.09642346803821734,-0.03420230782320423,0.11343725956976414,-0.0245819010195278,0.002681916828831317
2012-06-01,0.10764700002395189,0.006992047807822625,0.04332710286953311,-0.0914174062547399,-0.08104945262593607,0.019933944568037987,-0.04631396205652327,-0.17532192065682212
2012-07-01,0.035389879933343485,-0.012494303241726899,0.0572676986347938,-0.04537128912868784,0.06153372026258899,-0.005409781006164849,-0.03972933550054828,0.06257164436326901
2012-08-01,0.060812669734542184,-0.028263977063553675,0.06283804693299791,-0.21369842006199394,0.08569065361253676,0.017401548102498055,0.007348022911520231,0.07028550329342695
2012-09-01,0.008285345796209116,-0.08480278331609,0.049207228627325836,-0.22640699770913195,-0.09921504965712948,-0.04254714585840702,-0.10713012090751102,-0.09656353315836948
2012-10-01,-0.0045170264246945195,-0.08468619059948694,0.021890384833449905,-0.16624547207533422,-0.16132090841570207,0.014499012613669038,-0.013062832433552968,-0.1419166129239848
2012-11-01,-0.022712171865770448,-0.11140030941792897,0.016324682350175968,0.12653008548181446,-0.07550549963789602,0.012308580335229635,-0.03541448463996251,-0.057529820732667415
2012-12-01,0.02684247572548114,-0.04050359573392641,-0.027971550066401996,0.11727049279568799,-0.13931853876959893,0.02844804199412465,-0.0016172203634466443,-0.0699884507437827
2013-01-01,-0.020965094893024516,-0.059048130753494445,-0.005430491317225539,-0.08649105456338,0.01849169212002908,-0.0038746651262044907,-0.02508379319416625,-0.014548496881001433
2013-02-01,0.021045293229130596,-0.04425362816878728,-0.0012305462260501108,-0.02727005908738321,-0.024198012186154243,0.030977739952504635,0.03566559758924302,0.05376537815785744
2013-03-01,-0.04585933656646655,-0.0726119482091495,-0.009798466529953632,-0.062178909333784185,0.0709362207881866,-0.1561571005731821,0.014884671684177148,0.04487526668629176
2013-04-01,0.0033277867791744378,0.003498778512169208,0.005247254275541375,-0.025557612638864944,0.028594937776365587,-0.288148932158947,0.0074309177164520535,0.008889677291604834
2013-05-01,0.04217835716330088,-0.06479828041933831,0.026436135732987222,-0.004582051118251993,-0.10568850463436497,-0.06073319353163242,0.07908334334691365,-0.07387874516802775
2013-06-01,0.0949201904810392,-0.06206250261692774,0.03713012092571328,-0.01721561455459737,-0.15426773217416578,-0.06927823647856712,-0.0915999391249248,-0.08006605359030441
2013-07-01,-0.10182238542116605,-0.07697869801805134,-0.04640826550514802,-0.05961789457655664,0.029004208983913544,0.19372690469026566,0.12416879336039224,0.06672417299008705
2013-08-01,-0.02795328601048543,-0.06415607585083871,0.1262266458808512,-0.06270706653594971,0.1380715278848525,-0.07743070367723703,-0.0037251616872492287,0.16322386726527147
2013-09-01,0.017755010093633946,-0.07760183264811835,0.09376321095919264,-0.23262551916179372,-0.013672290069441642,0.030069786589592695,-0.06421512879786037,-0.09672112867865765
2013-10-01,0.03207464200946001,-0.05475094630604699,-0.01950770636777515,-0.06521975816185795,-0.13806073656005244,0.0006892005330882967,-0.014381383218625116,-0.13057757431352643
2013-11-01,0.04053694840807181,-0.10113575096641268,-0.03447257171290508,0.2154943880750172,-0.2612406688351785,0.013425895012915134,0.03234083010327248,-0.0009515210428655568
2013-12-01,-0.03583567933394358,-0.038265184100185125,0.034385136720063034,-0.018301621468654317,0.0010629881158350936,-0.24499908089637756,0.0318774687392371,-0.006925925271401943
2014-01-01,0.01103559938760904,-0.11308894803126654,-0.03232973614248677,0.047222847369179796,-0.09437982113130632,-0.10192844085395336,0.09801969286941346,0.1416238785629541
2014-02-01,-0.044841752029382266,-0.05465120609317507,0.008394989603455517,-0.042571399861307285,0.007237026828431314,0.11802381835877895,0.06965334394148417,0.08883316751936791
2014-03-01,-0.009857454838661047,-0.04747290430324418,0.06585922902045042,-0.1272724413160068,0.1102106225106024,0.16728177666664124,0.03051704948856717,0.06055729594868674
2014-04-01,0.06394611671566963,-0.032536953776365236,0.055738508809303894,-0.01543720822725723,0.07630025427187642,0.10051632300019264,-0.022130545583509263,0.04973671281001937
2014-05-01,-0.0059486767993523525,-0.039022650924466905,0.058764313766057945,0.014370122451835603,-0.04890660545037639,0.09238231927156448,0.056585532923539475,0.029146477160319477
2014-06-01,0.11515323359232682,-0.02854838302092893,0.06339322721612627,-0.20990129282225423,-0.13145749126711198,0.2040443755686283,-0.06586483724060513,-0.12689653626630004
2014-07-01,0.04465118193855652,-0.12361553630658559,0.02889037334724613,-0.1351997145076296,-0.2361206998748164,0.18212812021374702,-0.15668579687674838,-0.19859136410162484
2014-08-01,-0.03072620297853763,-0.2357452398254758,-0.0016240757363645928,0.10443536648109777,-0.24622570603124558,0.1118405070155859,0.10634573797384897,0.06178381367468498
2014-09-01,0.014745250003985487,-0.1678537932180223,0.027899978601414226,-0.043752347466660964,-0.22419563704921353,0.11748610064387321,0.07886058695259549,-0.07931498259725706
2014-10-01,-0.018038030069034833,-0.1365460544115021,0.03255492589180021,-0.047747696291154884,-0.18208433062799514,0.14695585705339909,0.08083959065732502,-0.04985899152890058
2014-11-01,-0.014004616711575251,-0.07747658306644077,0.05204991127053897,-0.027185989849602996,-0.09793659011202474,0.08859154768288136,-0.0697612797930127,-0.04378843947615422
2014-12-01,-0.03335308068646834,-0.0929279075491996,0.0241584110789109,-0.051534826408571266,0.06681629005939729,-0.005896718939766288,0.01711343548127583,0.0641359462284706
2015-01-01,0.011399446341853876,-0.0381260799864928,0.0006941778153397036,-0.013053565939415746,-0.032003407156275164,-0.016485722735524178,0.04929301151562304,0.03352260977869303
2015-02-01,-0.016328461038378567,-0.09272338024207524,0.02252551443550898,-0.04382263869047165,0.014443656489733727,0.03291635774075985,0.026543511166459036,0.18092989921569824
2015-03-01,-0.01744005076873761,-0.00704780797518435,0.01232634210770113,-0.037077825460860976,0.10350400642041237,0.022558572236448526,0.009736250199022746,0.030023368521475458
2015-04-01,0.025833573622199204,-0.030251108996924903,0.005951503872115543,0.0015669596145179733,-0.047780119723850684,0.04932465497404337,0.004182392287821996,-0.008593359962105751
2015-05-01,-0.07355581825742355,0.003160790185488406,0.06703096171976,-0.1565760640955683,0.1149723606724893,0.09355762042105198,-0.15892629467305683,-0.027472502224042385
2015-06-01,-0.00858883552539807,-0.09487780431906383,0.0636740965579731,0.016553323271114435,-0.20698215211591414,0.024130691308528185,0.11499794111365363,-0.07058918790918
2015-07-01,0.09024698860370195,0.029064697169122244,0.05850745196305756,-0.13794123904028935,0.041039489329822605,-0.011223546462133527,0.0029540736050832836,-0.05211964984175185
2015-08-01,0.005302807280363944,-0.04823100087898118,0.03850237074969472,-0.022257104126819922,-0.05436562482387789,-0.027573471888899803,-0.032302205051694594,0.008765991750947187
2015-09-01,0.05857330961869313,-0.10790468326636724,0.07312134772107222,0.04742208923866499,0.009932192493109934,0.07355434354394674,0.19746115165097372,0.17594332006615654
2015-10-01,-0.052031175448344305,-0.13419638964391892,0.027579633330089462,-0.1167486185458169,-0.10775574032337434,-0.12381219305098057,0.08297884393306006,-0.009918752008340729
2015-11-01,0.009728314426655952,-0.00042677631773542436,0.02023945798746486,-0.1345881664041263,-0.08559812220834917,0.10395098477602005,-0.0273815356194973,-0.06387147160483078
2015-12-01,-0.050542609622845285,-0.11584863421462832,0.058038399109373924,-0.015248918433242768,-0.12870488628264395,-0.11510192416608334,0.06886688116494388,-0.05781151564188407
2016-01-01,-0.028688438379993804,-0.026665687827127322,0.04410562847835431,-0.013016830128965092,-0.023404782217356465,-0.02499731257557869,0.04054875246116093,-0.03638599907428446
2016-02-01,-0.039282365200611256,-0.0745946452731178,-0.019946475040869438,0.01515475616081437,0.004673449532879937,0.07188659626990557,0.07255610255968002,0.11130990066998442
2016-03-01,0.009840174864691038,-0.041560110236917226,0.01805743162074815,-0.10826056128117575,0.034036445281197945,0.13992142863571644,0.0643388909243402,0.0582239052779238
2016-04-01,-0.028455987429389585,0.0030736560888943217,0.05116216649395833,-0.11385585834730916,0.07809404163591323,0.16962584108114243,0.00016141150678907122,0.011891135814743983
2016-05-01,0.03470697153646212,0.007832458331471398,0.054788001833240625,0.04342863920019634,0.05231031607235632,-0.04540781490504742,0.03333626403695061,0.07368005602292611
2016-06-01,0.02924362698999735,-0.037325923109338396,0.07465534836755715,-0.19937829295201087,0.04783321412340287,-0.10150295682251453,0.035165966976256596,0.022838283067857717
2016-07-01,0.008727996091693058,-0.04024772594372432,0.030927387390123764,-0.08562297296168199,0.1120338156338661,-0.15437135472893715,0.08277454191730135,0.09739021180381238
2016-08-01,0.03883031841654044,-0.13535252461830777,0.04729814928672884,-0.015957470038043917,-0.05280171190538714,-0.0072436482878401875,0.06439532297441647,0.15312132071441328
2016-09-01,0.0012090300711301656,-0.07842710862557094,0.04476910200563894,-0.2249020693907097,-0.07574059549839265,0.0104326824657619,-0.10039021216687702,-0.10733785973468297
2016-10-01,0.04730006823172936,-0.08731088822796232,0.058475902061099594,-0.11754688709529477,0.03960733151724262,-0.004531248414423317,-0.02913781397399448,0.013652241880625067
2016-11-01,0.05254482850432396,-0.04715785118085997,0.028702433126560158,0.00028737806350187354,-0.1875580318512455,0.05072780419141054,-0.04777832755020686,-0.21078750281266764
2016-12-01,-0.06183824000450281,-0.048029267539580665,0.05634026466936305,-0.013035494111367125,-0.013033344200061213,0.08163380436599255,-0.06769139186612197,-0.057637801682445367
2017-01-01,-0.0748177646444394,-0.0972318063889231,0.010207902127202007,-0.019172059177462734,-0.011645651031886377,0.0321238161996007,0.021475418692543394,0.11729897117950548
2017-02-01,0.0033817490419516196,-0.01763042306438798,0.016438925260866898,-0.06197306758432246,0.07754856299969458,0.050051650032401085,0.023398551912534805,0.06048216051618818
2017-03-01,-0.021130839416470665,-0.09638437380393347,0.0673021446319594,-0.07446613996776182,0.023550884197315863,-0.12332981452345848,-0.027990295507368586,0.057538535813210716
2017-04-01,-0.030382553545328286,-0.11541648280052912,0.0740155469680178,0.07987661815401333,0.06100935561041678,0.015366959851235151,0.06188090181066876,0.13530640534951655
2017-05-01,0.006092677895839398,-0.09035567442576091,0.010321078066160715,0.10378257329784221,-0.1508478796289813,0.18131574615836143,0.10934549428167797,0.042725435759819734
2017-06-01,0.14668281834859115,-0.009392954719563326,0.07852324136141418,-0.22902533189574284,0.0042103497581856865,0.1440146192908287,-0.0361375164772783,-0.07405576466674536
2017-07-01,-0.012294578795822768,0.014040982794193996,0.04427781247574351,-0.11690313469118147,0.0012097862406423496,0.15758376568555832,-0.014894175387564159,-0.06886351276451434
2017-08-01,0.05673305059854801,-0.04057608810918672,0.08611236091541208,-0.19074558322109392,0.0364439892432382,0.11904359795153141,-0.08622087183452787,-0.03483605007050743
2017-09-01,0.09840511358701265,0.051686429374274756,0.014544663734842039,-0.15779986087955644,-0.054744811307999394,0.1622692123055458,-0.05963681808983286,-0.11457745248163251
2017-10-01,0.008479577775758047,-0.09574758864584423,0.02916992601493131,-0.17922342713199443,-0.10658181723087065,0.13297566212713718,-0.08795238499130521,-0.10703113717092595
2017-11-01,-0.01197607496019023,-0.2032213445220675,0.007704652818864671,0.1502146805400279,-0.22313481857699732,0.2241835556924343,0.08575329202271643,0.08890463013044546
2017-12-01,0.00768995163245843,-0.02239016549927848,0.0238703239871108,-0.12065702632291993,0.08184960893084926,0.11429421603679657,-0.07845851814463024,-0.03584211193759677
2018-01-01,-0.00806811534298154,-0.08125514501617069,0.020758588325934135,-0.03385677266476759,0.025559934757409558,0.12520031072199345,-0.009027974059184391,0.06528599581248325
2018-02-01,-0.01392087612587672,-0.060372604500679744,0.013850520675381025,-0.059336718561044374,0.038106072573892535,0.10294860228896141,-0.009011092507058666,0.06897262179515731
2018-03-01,-0.0035209754983393043,-0.04505762564284461,0.029313628413323044,-0.12658578691197864,0.05400043822103931,0.16489574685692787,0.007224793412855693,0.06269461567133246
2018-04-01,0.011519137053535534,-0.12751086836769468,-0.0038123203684454383,0.03879969355775349,-0.06876643146238019,0.11060829274356365,0.09665609115645998,0.06442383771211328
2018-05-01,0.05907283092920597,-0.08380602867830368,0.0186563179274832,0.07279767696537189,-0.23708069516766456,0.0761760538443923,0.1174951380207425,0.0078119363793185065
2018-06-01,0.027380719995842528,-0.10020339950209572,0.0772049900252318,-0.0384340896757681,-0.03728241689743534,-0.06528784520924091,0.08978209680035,0.10805153091188888
2018-07-01,0.0036170301385796987,-0.16490041854835694,0.024152829892177513,0.021687362676680977,-0.06168249754175063,-0.04880871623754501,0.20670141492571148,0.13981833004615676
2018-08-01,0.051693771607600726,0.009853977133475599,0.05483737323379172,-0.21867729834656216,-0.06638543019371648,-0.016604188131168485,-0.06532899059710048,-0.19225129778956024
2018-09-01,-0.018822914705826685,-0.16579975684483847,0.019764267009399508,-0.1454734868967711,-0.030120939857536746,0.06692103575915098,-0.016471675286690392,-0.02669906112509714
2018-10-01,-0.025987903802440714,-0.10619014501571655,0.030293048399945965,-0.005574420845108246,-0.09313149437788994,-0.09177377447485924,0.04626941645429248,0.013798135529521487
2018-11-01,-0.027683641080959484,-0.12389811731520153,0.015147760564434357,-0.08742361148791526,0.033284014751834255,-0.17381206154823303,-0.04211143723555973,0.007009255030835179
2018-12-01,-0.04477789195684286,-0.12893029266879671,0.031226218772539196,-0.06326833990082811,0.061210010561250874,-0.13493378646671772,0.05531400442123413,0.09805313508275529
2019-01-01,-0.05627712378135094,-0.06595390094887643,-0.006088951899521593,-0.12638880245721162,0.07994757184097843,-0.09448948316276073,-0.012138269098830364,0.08075419865863424
2019-02-01,-0.020889048106395282,-0.02910656011885121,0.02720949604459431,-0.040653183945079344,0.006081380190387849,0.03852722933515906,0.0026282306117493483,0.028170718693397417
2019-03-01,0.018252245253489282,-0.020805524573439645,0.03253264028740966,-0.09002962441586736,0.12513987960353976,0.10307871736586094,-0.03045106173626014,0.05510029658465319
2019-04-01,0.015092928129328916,-0.08017425203607197,0.03206301041865263,-0.031858741013861415,0.04886065820051778,0.05072252359241247,0.08762891980863752,0.09118884172238095
2019-05-01,-0.046919395144169145,-0.029199406327236267,0.042864727531222335,0.04189212375612401,-0.13453599906736805,0.15933932736516,0.0973599368617648,0.02644571515036301
2019-06-01,-0.05684916001672928,-0.12828393706253596,0.1982279337834621,-0.1370896487983305,0.03943833552541271,0.057637556456029415,0.11197196585791451,0.09486119092350276
2019-07-01,0.135313026033915,0.10711582643645151,0.06658289635526962,-0.2223159395047088,0.023871370320839268,0.10901435278356075,-0.02110223795863844,-0.08383799396770102
2019-08-01,0.10987664931095563,-0.015049227069885958,0.021710211834600333,-0.22510559256397075,-0.164236536910457,-0.021227446850389242,-0.08989733244691576,-0.1888951575252372
2019-09-01,0.006000574033420819,-0.1057232597044536,0.08613467216491699,-0.029214213032331036,-0.17555324781325557,-0.0506138801574707,-0.003842106532482874,-0.06272859976325237
2019-10-01,-0.004609730094671249,-0.07688277179286594,0.05073512674889703,-0.28052063130620697,-0.022730097595241763,0.000530272773175966,-0.07379245190393356,-0.04636238683277453
2019-11-01,0.09241068878999123,0.08362489087241037,-0.019337408298599548,0.025313636705056944,-0.08517211122858909,0.06658756174147129,-0.06680005806542579,-0.2723220788257223
2019-12-01,0.013511974651079912,-0.06650427711151895,-0.016432463366916214,-0.0008871474775916605,-0.1475049723540583,0.11041493155062199,0.07107494044161979,0.043375084412769535
2020-01-01,-0.03099746643923796,-0.06312760302708263,-0.003041217333056789,-0.027680605538745424,0.051298929798987605,0.08030302822589874,-0.0227559082919643,-0.016008586373547434
2020-02-01,-0.00397170356546457,-0.03539258614182472,0.0009012600892911787,-0.05085132460095989,-0.03831898793578148,0.03211085684597492,0.040039908850476855,0.056392027878425496
2020-03-01,-0.003745516833777611,-0.0416950455733708,0.017847598570844402,-0.04816021381029442,0.03294366742334058,0.04629022441804409,0.05720838726986022,0.06950100437856056
2020-04-01,0.04843426008637135,0.004173214879951307,-0.011101986646004347,-0.01491746072893712,0.02568253886795813,-0.04864341579377651,0.04874089555371375,0.02580191153036037
2020-05-01,0.037776738620148256,0.019756192341446877,0.06985266463480135,-0.13315796629706425,0.041636794565185424,0.005666451179422438,-0.02096315177844926,0.009973123538452136
2020-06-01,0.02382504467207652,-0.24484383563200635,-0.027649577005185944,-0.038231773051752974,-0.18526929761132888,-0.12588241137564182,0.11327865223089853,0.05967282283474023
2020-07-01,0.0906647050466675,-0.044142658866587144,0.11165160415829092,-0.07192833877321499,0.0213578688882051,0.060807676054537296,0.14395155012607574,0.04985261656029124
2020-08-01,0.10468427593318315,0.0752760363476617,0.06375459387250569,-0.2678503073863129,-0.08252028736375994,0.03625643439590931,-0.07885797570149103,-0.18769836341831048
2020-09-01,0.0250411037212381,-0.011181788119886604,0.06897285094727641,-0.03468156583718399,0.006190405768011847,0.02000146545469761,0.05128167262661182,0.031007262287845075
2020-10-01,-0.02440848029576815,-0.12111049145460129,0.024812033507918968,-0.06503591230556147,-0.12043310749915338,0.031812156084924936,0.07049615539255596,-0.021436098228457948
2020-11-01,-0.0694485051700702,-0.19119658640452794,-0.003400085277963376,0.007390763276993339,-0.147100321708187,0.13085350394248962,0.09082277083680743,0.05350676955471576
2020-12-01,0.0108582225556557,-0.00011601653871669745,0.03515554497531359,-0.16299937643221954,0.04212635479146434,0.07710424717515707,-0.023402111338717595,-0.08039951429400646
2021-01-01,-0.02469437626691965,0.0014003256746079951,0.017349867561859068,-0.029938626311608214,-0.03868746421029491,0.06344787776470184,0.0511057304573201,-0.056893215842649975
2021-02-01,-0.037418161160670795,-0.06275557957234837,0.05676532839087473,-0.1382099047525605,0.0575197680342582,0.11708452366292477,-0.0018000851074854531,0.0531082894180862
2021-03-01,0.031019336400696863,-0.07987417990253086,-0.024963405145251236,0.08003351403706109,-0.1732427025994947,0.044964198023080826,0.05743728019297123,0.13478203138834993
2021-04-01,0.030412871677141923,-0.003412198497071153,-0.00017299654259197956,-0.06341646189120279,-0.03129472775805381,0.01210459042340517,0.023391320414486383,-0.06426166165882433
2021-05-01,0.02830768720461772,-0.0014386055270387303,0.11744965947624567,-0.1341553988741405,0.05263281205008107,0.09227581322193146,-0.1469560641618002,-0.06786176646259469
2021-06-01,0.07469748934874168,-0.03185107017911616,0.04122168284611426,-0.05327548776099931,0.042371599063757925,0.15186398290097713,0.010263901647357713,0.05051273275429095
2021-07-01,0.032914349666008584,-0.02046384227772554,0.13456564612578656,-0.19181081608160216,0.1761022113984631,0.03413024125620723,-0.058799405537900466,0.05895761956631298
2021-08-01,0.08414871847400299,0.0008343388409619885,0.04874981696838918,-0.14982455924375732,0.07693438880866574,0.15834758058190346,-0.035340441280000266,0.040719747333459455
2021-09-01,0.01996257843879553,-0.05757633951448259,0.014500366291874832,-0.12535635215132984,-0.13945304578350437,0.1540688145905733,-0.020239821502140588,-0.12916855409111777
2021-10-01,-0.032185435008544185,-0.1535436049813316,0.035181615933559944,-0.0552840086061563,-0.16362805279993242,0.1429723296314478,-0.06689252597945076,-0.13169378671847598
2021-11-01,-0.019960334309591696,-0.056676375901415235,0.026100417734056282,-0.12215216880414023,-0.03608613004607539,0.17273914068937302,-0.12908185166972025,-0.11420189075067011
2021-12-01,0.00064387577227675,-0.06991334348207429,-0.020424117995561035,-0.017676295351181457,-0.057863432072824045,0.099411616101861,-0.042231101875326464,-0.11401173304504073
2022-01-01,-0.032980694220616266,-0.08830115908668155,-0.0317716444640056,0.07275479720599615,-0.08982736617326736,0.01249207416549325,0.04009103491192772,0.04764593298166571
2022-02-01,0.01589701331865329,-0.03670134714671544,0.006434068832870411,-0.021570116114705357,-0.05616365421202875,0.05988914519548416,0.08179896466788791,0.06805635778836801
2022-03-01,0.0018423681075756366,-0.061275663652590344,0.003560986437335395,0.00012463852224537907,-0.027523988917950663,0.06055077072232962,0.05446416458913258,0.04892197083419478
2022-04-01,-0.01767098411129644,-0.06323019486098062,0.03551866629741331,-0.10231750002547875,-0.0361289708845077,0.039047987665981054,0.027935079165867394,0.010740659921102121
2022-05-01,-0.030565632578845207,-0.02763682000693821,0.04544712373635908,-0.13394788352411183,0.04566861616988336,0.03116128034889698,0.024022037784258522,-0.01935689565791211
2022-06-01,0.09604023926210804,0.020304018454182716,0.014311969077781492,-0.021680248484237868,-0.12242965880901582,0.006923770415596664,0.05903214038837523,-0.14702450011817503
2022-07-01,0.017248076709130634,-0.24088298281033835,0.00372879625554534,-0.06520197685085126,-0.15743148903692922,0.02020124113187194,0.19430177907148996,0.08350734559582992
2022-08-01,-0.033846256108238146,-0.07219797532473292,0.029876531250234966,-0.19719315998589815,0.04827101384439776,-0.00658816599752754,-0.015805972119172413,-0.015803852813764358
2022-09-01,0.03310731397225306,-0.07518166232676733,0.03239273471568806,-0.13627567842825133,-0.1770427991305628,0.05678392015397549,-0.0032646089260067257,-0.07581899178699708
2022-10-01,-0.04148117194955166,-0.12291346100114642,0.014700218900174335,-0.13322105158620806,-0.16644556195505203,0.052138203755021095,0.02731945033052138,-0.09444097817783625
2022-11-01,0.03092751121864869,0.013307607289226283,0.07310137287646101,-0.1554441207380437,0.11126054150442924,0.03368682926520705,-0.008189216078746887,0.02099584630677398
2022-12-01,-0.015824631286355164,-0.08552147164231255,0.012715698719240618,-0.034481745713682316,-0.07465673430312064,-0.08859806694090366,0.09275930623213449,0.013228223829622
