,zgu250_cluster1,zgu250_cluster2,zgu250_cluster3,zgu250_cluster4,zgu250_cluster5,zgu250_cluster6,zgu250_cluster7,zgu250_cluster8,zgu250_cluster9,zgu250_cluster10,zgu250_cluster11
1965-01-01,0.8550546765327454,-0.4286165388537125,-0.8269214913958596,-1.4825673153003058,-0.1314433557646615,-0.033608893001521076,-0.46717212958769366,0.9975864128632979,1.5468611436731674,-0.04935908579715976,1.839647889137268
1965-02-01,1.6435915231704712,0.005430873798232683,0.2862773303474699,-1.1797656615575156,0.4709791924272264,-0.5242366481710363,-2.4990266019647773,0.010432144203646616,-2.7806383721968704,0.24436287305973192,-1.7497393488883972
1965-03-01,2.4207513332366943,-0.14080245729903101,0.19773835582392557,-1.6857041666905086,0.09784533509186336,-0.011471342467875392,-2.0055027170614763,0.2979535496596134,-1.914148120319142,-0.3082340790165795,-1.0298459231853485
1965-04-01,-0.3579004108905792,-0.10245353193350241,-0.42722619005611967,-1.7428964376449585,-0.08584953445409024,-0.1033379178908136,0.29663812707770953,0.024626217782497406,0.1531115240033935,0.013502203445467683,-1.2383265048265457
1965-05-01,0.5658004879951477,-0.055680728294480016,-0.20759492402984983,-2.5638021528720856,0.25104816470827374,2.2796319590674505,-0.9984889491037889,-0.8688904119260383,-3.2020267318276794,0.059165874565089184,-1.1842578649520874
1965-06-01,0.4240885376930237,0.19280123458781714,-0.45578025636218844,-0.5160014455517133,-0.08507797361484595,-0.005336031231477304,-0.11034767905419524,0.06366717544468967,-1.7598655293969545,-0.06309615931025257,0.35279974341392517
1965-07-01,0.40476495027542114,0.31585968296292805,-0.04171125058616911,-0.502625759691,0.0029264651987302515,0.3926891971517492,0.7328234612941742,0.12449546519554022,0.8154473760548759,0.04354475617960647,-1.6001634299755096
1965-08-01,0.5325525403022766,0.30689885918523224,-0.249320197673071,0.33456835274895036,-0.2555730885693005,0.13886501115781288,0.20834910260005432,0.15665297255371555,1.8922567367553709,0.28362988873764317,-1.3137413561344147
1965-09-01,0.7619543075561523,0.16884096491504724,-0.41862155000368756,-0.008184797479771078,-0.25832730212381905,0.5735491712888081,-1.1495059186762029,-0.21131289276209744,0.2098900868612177,-0.042963807505589945,1.8394136428833008
1965-10-01,2.7297539710998535,-0.025050743469889735,-0.44936562577883404,-1.8849849700927734,0.37202869674989153,-0.34224457210964626,-2.1976460110057485,-0.29445870807676605,-5.3235018954557525,-0.12403974930445352,3.2860171794891357
1965-11-01,0.513055682182312,0.08286097100083258,-0.1355031682621865,-0.09865367319434881,-0.16731782151120048,-0.5447022340915821,0.9338471022519198,0.734691818555196,-1.058047922218547,-0.3934962330041108,1.2387588620185852
1965-12-01,1.8799691200256348,-0.031233833394419982,-0.04264605009839648,0.4612057780226072,-0.24698036057608466,1.6439325279659693,1.3132294470613652,0.08656685663895174,0.7759237114120932,-0.17296706360799294,-0.3382750228047371
1966-01-01,3.4359288215637207,-0.442405275895562,-0.2069455704518727,-2.0275612672170005,0.13664813180054936,2.3606172314396607,0.5138966508887031,0.31444396484981885,0.4313894492738387,-0.2580318186018202,-0.8690205216407776
1966-02-01,0.48430001735687256,-0.1896735857909834,-1.1638827267147247,-0.053882556191335126,-0.16863069364002772,0.15510460016904054,-1.244402609088204,0.9644456885077736,1.734811593504513,0.3054786611486364,1.628977209329605
1966-03-01,0.29120829701423645,-0.1191700323366783,-0.21547597079049974,-1.5452718983093898,0.18398427803601536,-0.10375585407018661,-1.5064450827511875,0.026412299749526108,1.5851606340969309,0.05175609624496212,-0.2706502564251423
1966-04-01,0.14346306025981903,-0.18774128296005896,-0.3640000664052509,-0.41336401676138246,-0.10514964482613971,0.8224736761163781,-0.1217761838977987,-0.26965981180017645,1.87989262973561,0.20485091264601105,-0.6460108608007431
1966-05-01,-0.22367899119853973,0.007662956904567464,0.09424438079198202,-2.306621273358663,-0.09140587145728724,1.0830306344562106,1.996934007514607,-0.8731599106933131,0.41365404339397654,-0.12219880742055397,-0.9563060849905014
1966-06-01,1.6301778554916382,0.18443259554849545,-0.028986865211100808,-2.1780088543891907,0.08085372059472969,0.6169138131318268,1.7982486974109302,0.4107067982355753,-0.8025498951182646,-0.33256941371493864,-2.0677384734153748
1966-07-01,-0.7472736835479736,0.3183538015459625,-0.017481635413354353,0.2684419664243857,-0.06911437958478928,0.5974634378044693,1.1522333730350842,-0.008536293876893593,1.834951779421638,-0.07550410788368295,-0.2617117203772068
1966-08-01,-0.14671646058559418,0.2909099342117847,-0.3038903077443441,1.1548742651939392,0.08010399261755602,-0.5609959363937378,-1.1900312521240928,0.32036313504883734,1.1727547820876625,-0.1231826427910063,-1.0850227624177933
1966-09-01,0.18166875839233398,0.2483915065375852,0.04543231445409003,-0.976294589539369,-0.1660955138504505,0.7427091951723451,-0.24317968636751175,-0.2327702036409667,-1.8548229161430807,-0.0036790384911000724,-0.8018583804368973
1966-10-01,1.4018746614456177,-0.04526234008896519,-0.360412753763653,1.555879165728887,-0.25018466902630665,-0.3061247368653615,0.43086619539694354,-0.37236033063946344,-0.6168409305460313,0.10046854753185201,2.4752619862556458
1966-11-01,0.6305498480796814,-0.010416003495035037,-0.0726099879968734,2.47690627972285,-0.868536957672664,3.652051863846955,4.957291754809293,-0.7764028780388109,3.087791274575626,-0.5462989762977317,-0.25983812287449837
1966-12-01,1.8528145551681519,-0.09829567771562389,0.7039094964663188,-1.1101461946964264,-0.3277818007128579,1.8964738757522017,1.2304842472076416,-0.5803155176567308,0.986429610673119,-0.48910727103551227,0.1440313644707203
1967-01-01,1.9625002145767212,-0.2837733693525825,-0.2729529781000955,-0.8087462435166042,0.17789538417543682,0.6235769501438847,-0.6921409883282401,-0.015565261922099373,-2.9226210187463195,-0.022147054335585347,0.9342539310455322
1967-02-01,-0.6268704533576965,0.06419754993747658,-0.6371735816910153,0.48799741392334306,-0.17559899549399102,-1.619056639847932,-0.5695853721011769,0.4145908084782687,0.35180927199475903,0.049612436581540985,2.1392185986042023
1967-03-01,0.20544074475765228,-0.10695890851423774,-0.8536428213119507,-0.7568271830677986,0.07208696167383874,-0.4403535966519956,-3.4294337034225464,0.3452540798620744,-0.6320308674784267,0.2799039637600934,1.105741485953331
1967-04-01,0.3180263042449951,-0.04193520986698043,-0.5822275366101947,-0.5473659684260687,-0.05466175664748464,0.01670535895283575,-1.5851863405921243,0.016872838816859505,0.6818431703483356,-0.20201944366649344,0.8179079741239548
1967-05-01,-0.34230852127075195,-0.0750023084627071,-0.8347683009647188,0.6416152541836103,0.1658329873212746,0.6196849875979953,-1.0411763055758043,-0.6714860146695917,-4.326201537076164,-0.029357212285200752,2.4114450812339783
1967-06-01,1.3604401350021362,-0.01686025725703844,-0.07610673173552468,-1.5599115441242855,0.189861495579992,-0.01919890271016845,-0.8619618009437214,0.011814255831819592,-1.0779373786028692,0.15327381315054717,-0.21086852997541428
1967-07-01,0.600490391254425,0.27637953909350116,-0.08388482743785496,-0.17482422602673373,-0.08110344809080873,-0.059559134145577744,0.18739519132809204,0.4077004663871996,1.9161301500657024,0.04202298544071339,-1.6359391808509827
1967-08-01,-1.457435131072998,0.27320764853920737,-0.1644545899970191,0.18804962746798992,-0.12351580496345246,-0.4294051616280167,0.45928894118829205,0.630120165420301,2.013151785906623,-0.32232585880491466,-0.844191312789917
1967-09-01,0.5572075247764587,0.19906108648004667,-0.2558037993453798,-1.2422069907188416,-0.17855332366057802,0.5154409894236811,-0.19257976250215011,0.20913991964224612,0.39763148216640243,-0.2890414385883896,0.3737204149365425
1967-10-01,2.0235157012939453,-0.0019341289118247134,0.11314476529757182,-0.25781908382972085,5.8787232351928e-06,1.55024958981408,-0.11527460407127034,-1.2302074468497073,-1.835098161416895,-0.18156121174494425,1.7978793382644653
1967-11-01,1.675698161125183,-0.07913491465676,-0.1764243734734399,0.8295437321066856,-0.11685831206185476,0.24520415398809645,-0.15685800462961197,0.10652563562898924,-2.4348877808626956,-0.02238910162338504,3.3956095576286316
1967-12-01,1.3443959951400757,-0.02719061055653532,0.8456310346013024,-2.134932577610016,-0.04987258331051894,1.312327716085646,1.7970368266105652,0.19367955850832388,2.5570404880187088,-0.34222842918501956,-2.7371996641159058
1968-01-01,1.9665724039077759,-0.10130466289923225,0.008850462091643186,-1.9337218254804611,0.21437053967799458,0.5179941654205322,-1.5503107146783308,0.052542250716325005,-1.5875441186568315,0.21298673969727974,-1.7364969849586487
1968-02-01,-0.20891347527503967,0.043284895659332544,-0.47476720951852347,2.0553577691316605,-0.36281961947679514,0.8487756605501527,2.311082590710033,-0.3265813218824791,2.295000763500438,-0.18859226946477536,1.238434687256813
1968-03-01,0.4211617112159729,-0.08415558808286426,-0.06532113821733566,-1.6391515731811523,0.26496409305504387,-0.816512714933466,-2.608370239084417,1.0193465333996397,-2.6496271876727833,0.2015137286097915,1.7146934568881989
1968-04-01,0.8955294489860535,0.0011117363178079398,-0.9263312532788232,1.5252094715833664,-0.09652643597551754,-0.4058747103920689,-1.8371117385950955,0.3364627334204587,0.8129164576530455,-0.08594299908037538,2.6095691323280334
1968-05-01,0.07047441601753235,-0.10416438462029042,-0.7630381555784317,0.7143066575129827,0.17499833234718867,1.4981033625426114,-0.13075291433117606,-0.5634981574434222,-0.7383203681777505,-0.1931918164094289,2.030322104692459
1968-06-01,1.1798889636993408,0.10844489008607999,-0.41594484022685463,-1.0914035141468048,-0.09061978863818304,-0.3868503978958836,-1.0542241009798916,0.47199527422587073,-2.336320631644305,-0.1646055667488663,0.9971175342798233
1968-07-01,0.8343592286109924,0.22340374933162208,0.0011963317991190014,-0.5677070468664169,0.0011713018466252831,0.26931701986878004,0.6220414557240226,0.8360137542088826,1.078748089425704,-0.3117040627532535,-0.5208974331617355
1968-08-01,0.6745731234550476,0.24446446291157897,-0.1633303328638985,-0.558875563244025,0.04324882424303463,0.6833714467507821,-0.3212045200846412,0.22599455533605634,1.854369745535009,-0.6219190027978685,-2.796327769756317
1968-09-01,-0.048254795372486115,0.22185877175398278,-0.22225681514967055,0.06612082167218129,-0.19178739083664756,1.1089056730270386,-0.26942813260988757,-0.2525151227459763,1.939697125378777,-0.21342066703019316,-0.9922495484352112
1968-10-01,1.766449213027954,0.028315671837665667,0.8457380391302564,-0.821262908478578,-0.22375445280756268,1.267477649229544,1.1065412651408801,-1.0835186098561143,-2.6428564506418564,-0.0840264958915887,-0.3219063952565193
1968-11-01,2.045560359954834,-0.15096675971863976,-0.14366054286559424,-0.04038941115140915,0.020710626683597053,1.3554193355419017,0.7461662319573489,-0.20950684944788614,0.07198858896599096,-0.614799835063793,1.2958113849163055
1968-12-01,2.0165820121765137,-0.25392863112436215,0.2104809773819787,-0.6160883853832881,0.11411208127226147,1.2560377518335977,-0.3146891566840085,-0.47670589251951734,2.3854960413540107,-0.25048730549988923,-0.15608751215040684
1969-01-01,-0.10264141857624054,-0.09043503185393105,-0.6641627777190435,0.26212213560938835,-0.003978005926390843,-0.7963215311368306,-0.6274668330496008,0.7408987392078746,-0.09135866866392248,0.15814228466263522,3.963615596294403
1969-02-01,0.5744783878326416,-0.1512270683134106,0.20831924464021412,-0.03407612287749847,-0.225761133645262,1.1180608360855666,1.80034339427948,-0.5208222703500227,2.715429663658142,-0.44418512671082105,0.4780549556016922
1969-03-01,1.638051152229309,-0.22402544256667017,-0.1035280969171297,-2.479145427544912,0.15715819650462695,0.07913263031729945,-1.5635223551229998,1.238808035850525,-1.0257160838912514,-0.2608367966281043,0.33414099365472794
1969-04-01,0.6830472350120544,-0.2749205475122156,-0.2812655908720834,-2.033037568132083,0.8649351341383797,0.3383168191821487,-1.9821555777029558,0.08889832392786488,-3.886054894503425,-0.5795837552459151,0.22830983623862267
1969-05-01,0.6393132209777832,-0.20790181949105063,-0.390572597583135,-0.5715319886803627,-0.10770902569804872,0.7078752473548606,-0.7652488621798429,0.24114653016581677,-2.1366803085102752,0.176978870122521,0.6449978798627853
1969-06-01,0.13618126511573792,0.08850352654994374,-0.3383122029758635,-0.5895631387829781,0.045568090198295455,0.8652397327952914,-0.6380921060388739,0.22702544476046704,-1.189850621363696,0.11405648870600593,0.6367219239473343
1969-07-01,0.18556839227676392,0.3758504357136471,0.027273730596616155,-0.30440029998620355,-0.19473726195948463,0.5873383195311934,0.6051368334076621,0.2679409177014322,-1.1321205426664913,-0.1239654642564279,-0.611179769039154
1969-08-01,0.7160603404045105,0.3902986855574057,-0.3117300215221587,0.9034192810455959,-0.19275205475943427,0.36004858988302724,-1.1414602398872375,0.4783715262557521,3.6347662701326255,-0.2987403008672926,-1.281483769416809
1969-09-01,-1.2350517511367798,0.2767325287133875,-0.2921530178615025,-0.5333798006176949,-0.29681974223681856,0.7308101764431706,-1.0861320251768285,0.2702595158056779,0.14662537723779678,-0.3023996949195862,1.4981810748577118
1969-10-01,2.6302294731140137,-0.038971565663814545,0.17595429505620686,-0.6561229626337688,-0.21540780684777666,0.7355829079945881,-0.7071707736362111,-0.5078022227142797,-2.4370719404781562,-0.20787180573851974,0.9510407596826553
1969-11-01,0.4682445824146271,0.06693870773617651,-0.4426973561445872,1.8947831044594448,-0.6756550499371119,1.0368365932393957,2.154335921460932,0.3520724448290738,3.2234637176289276,-0.36547810391143515,1.9109062850475311
1969-12-01,2.575485944747925,-0.12060371293148525,0.5471234520276388,-1.8901658554871879,0.0723693985491991,1.1428430124565407,0.8266253227537329,0.17034599952625504,0.09632748277748332,-0.8496833068353158,-0.7157876342535019
1970-01-01,1.2311362028121948,-0.05488750905218259,-0.12983733876830056,0.2313526812940836,-0.16790121527654783,0.23949044170203032,0.2782874655994502,0.25776380842382257,1.9216512932496912,-0.10220188371561191,0.15788059681653976
1970-02-01,1.460951805114746,-0.09873942799971137,0.03442702859285332,-0.73655949284633,0.0692012919379132,0.7780104323669715,-0.41746100918813184,0.5953506086811875,-1.4946607982411102,-0.046977373184981165,0.08523568511009216
1970-03-01,1.690861701965332,-0.06457677924297225,-0.29397239642483847,0.24302468324700993,-0.21370769079242433,1.6406849578574851,0.6654177199710499,0.1493417742577466,2.2195637226104736,-0.22221890588601428,0.6163709238171577
1970-04-01,1.6715916395187378,-0.11726883305630215,0.16904366867882867,-1.2357054899136226,0.26536623814276283,0.13226684596803454,0.4835063422268087,0.7122801560344117,-0.07407500901642967,-0.6459188682061654,0.37614427506923676
1970-05-01,0.9127281904220581,-0.10784954672128383,-0.5021041347866967,-0.4268493503332138,-0.1519906733717237,-0.21514784958627486,-0.10721050202846527,0.24294850952697522,-1.7271360930274513,-0.12497140301598442,0.323956198990345
1970-06-01,0.8810836672782898,0.19796226226108177,0.12207478284835815,-0.8263570566972097,-0.09727639678333486,0.3546137776639726,0.35408901220018213,0.27692719842448377,-2.0415567299898933,-0.16891025006771088,-0.6198788061738014
1970-07-01,-0.29701417684555054,0.26679387394811066,0.0017022101452485437,0.44710220148166024,-0.2854423065270696,-0.5835942096180385,0.44994012198664923,0.33323737708005036,-0.6559724755146924,-0.067780960213255,0.10918630287051201
1970-08-01,0.06604552268981934,0.1922068881316924,-0.011442226934291068,-0.7344444592793783,0.03602361705686365,0.11334290934933555,-0.16627376052466306,0.3794718420866764,0.6941700682920567,-0.09170629911952548,-2.044592797756195
1970-09-01,0.6251896619796753,0.12765844732942716,-0.08702062602554049,-0.45774495229125023,-0.020199101085641553,1.019022089463693,-0.13582979074933313,0.04393805213498347,0.743275530198041,-0.3368674053086175,-1.355554610490799
1970-10-01,1.593206763267517,0.1508165413225201,0.2765355897801263,-0.9940914809703827,-0.3694904968142509,0.3163639042112562,0.026035952297123997,-0.058032007831515686,-1.5120997148401596,-0.20857911418985436,0.10930635966360569
1970-11-01,3.3888533115386963,-0.012231556515038853,0.14275540375993365,-0.26851433018843335,-0.3473827349288123,0.954274226118017,0.5847811698913574,-0.24715646198301602,-3.190285318038043,-0.29064127140574986,2.4408623576164246
1970-12-01,0.3046737611293793,-0.08382477181058536,-0.5656901569593521,1.8775533884763718,-0.40166838360684254,-0.6867119007640414,0.18404175273396753,0.40390762415799225,0.908962681012995,-0.3069516685273912,2.391163259744644
1971-01-01,1.6366301774978638,0.0008958990318359624,0.2227642351672763,0.8147325366735458,-0.1254667527973652,1.9061137128759311,1.1749630624597722,-0.1248157498511401,2.206021372009726,-0.5348112296175074,0.6341124325990677
1971-02-01,0.9164506793022156,-0.13613443769199748,-0.4401227902798426,-0.45592791090408963,-0.20095101956810268,-0.1327789354103583,-0.4986387084830891,0.17162879759615118,0.16474092707914464,0.22081872103390868,0.16205208376049995
1971-03-01,2.0292599201202393,-0.34237995114124997,0.2892916933411644,-1.5878445158402126,-0.02480147439720375,1.7735274853529752,0.618325715715235,0.04637797899318464,-0.05948063095702844,-0.565584279872753,-0.9657111018896103
1971-04-01,1.7983254194259644,-0.33469265195685377,-0.7998282710711162,0.04769304456810157,-0.11533364387495176,-0.6501539989754005,-3.9352528073570947,0.9379879091725204,-2.0703610251931583,0.13737624718083274,3.835814595222473
1971-05-01,2.3085579872131348,-0.20570765498658303,-0.8066478939283462,-0.291062363733848,0.04642720201185771,0.6914035037711814,-1.7017471519383518,-0.4735073808467749,-1.3616967727156246,-0.18738849019562756,3.096567690372467
1971-06-01,1.8839408159255981,0.25848292968642544,-0.009976202134220373,-2.325083563725154,-0.12421631919486181,0.7422226446646231,-0.3647174686193466,0.5557596231951858,-0.854568271075978,-0.4545097549756368,-0.2767028287053108
1971-07-01,0.10505468398332596,0.268389578436462,-0.24428110392320726,-0.3356011894841989,0.041927666669445376,-0.8416266904936895,-0.02547158563340252,0.3379857901370886,1.0415663613992578,-0.5045433287267331,1.520070731639862
1971-08-01,0.06640444695949554,0.3296372756152086,-0.2449925101938702,-0.33881521473328274,0.021932051250977174,-1.0641231581016823,-0.2857956357977607,0.5049841873573534,0.14427306459230535,-0.3593157562944624,-0.00796491396613419
1971-09-01,-0.3514288365840912,0.16666774598645492,-0.44183518205370226,1.196397840976715,-0.34442690334149767,0.820314277101446,0.9106520224701274,-0.07734219684745326,3.3977522569544174,-0.05756114023151221,-0.09916990995407104
1971-10-01,0.7467421889305115,0.10238966681587865,-0.0699965904156367,-0.6023135657111804,-0.3425851730363709,0.7793512609269884,0.19122731279243121,-0.013345584386225903,-1.171656303546008,-0.17738921774758232,0.11390138417482376
1971-11-01,1.2620234489440918,-0.07039243486565604,0.38937855334508986,-0.1678291087349256,-0.24842947189296993,0.029609793866122208,1.2039754878390918,0.029171277966463204,-0.0846512451329652,-0.5716714594099256,0.11837274767458439
1971-12-01,-1.0961310863494873,0.3063803407507883,-0.6894478485697791,0.48938210432728135,-0.6069193993295942,-1.7461938990486991,0.5857237360694192,1.025125023090478,1.575145125389099,-0.17224826194621898,2.396644651889801
1972-01-01,-0.45133933424949646,-0.2477392764158652,-0.774287325995309,-0.005682574798508237,-0.14289861012782368,-1.2757548579463251,-1.142755150794983,0.7213243029334329,1.364393882891711,0.14012341422063332,2.5556680560112
1972-02-01,-0.5723512768745422,-0.06188365145468376,-0.6277505130994888,1.936121533314387,-0.29077745441879543,1.0028920791767262,0.07598508488048207,-0.3421233007402131,4.303228153901942,0.1700779492104495,0.7424703240394592
1972-03-01,-0.2013697475194931,-0.24153818966637197,-0.6536378037361872,-0.4844317212700844,-0.10531085011150154,-1.048710169615569,-1.6023879701440984,0.7034913608522125,0.6878366803421693,-0.03180869475558952,2.5177031755447388
1972-04-01,0.2486933171749115,-0.19118114256523025,-0.03477597076978002,-0.2823960346480211,0.10560349162135804,0.5739342835214403,0.6196853112090718,0.39298701466936053,1.2510647668558008,-0.47524792176705816,0.45583005994558334
1972-05-01,-1.3244214057922363,-0.005655824272355564,-0.5204574692816961,-1.1619803806145987,-0.14291794172355105,0.7308849581965693,-0.6348024715076793,-0.29542441620971216,-0.11002397274269776,-0.3970182880207344,-0.19126007333397865
1972-06-01,-0.026408124715089798,-0.008998314758211794,0.1263660157010669,-1.8707013378540676,-0.3093976793544633,0.18235337403085494,0.21678197451613165,-0.36941610954024573,-1.4518241671954883,0.2494547654081274,1.7398454248905182
1972-07-01,-0.6738719344139099,0.12243649279567557,-0.15024024815786452,0.7410035779078802,-0.32829400151967997,-0.6278472366156401,0.8922125805508007,0.04742956635626879,2.010618939119227,0.0014453851488522356,0.9967763721942902
1972-08-01,-0.3747604787349701,0.19825044232355038,-0.4076709349950155,0.26900386437773705,-0.004681639672656144,-1.5659324548862597,-2.1471312100237068,0.3812312628283645,-0.10395226452280493,-0.11731869092694035,0.571984089910984
1972-09-01,0.5706172585487366,0.062281050732438,-0.305612740062532,-0.024762755492702127,-0.41322128048964907,1.7415236543726036,0.10385517538948492,-0.3173951172467434,1.218107868643368,0.05855047730384049,-0.4521939903497696
1972-10-01,1.0133516788482666,-0.09405940351351887,0.05336169685636248,0.034196150954812765,-0.3500259082232203,3.0444014955449985,2.8775383125651968,-1.237568710789536,0.44971423990586223,-0.15173806912369198,-1.389414519071579
1972-11-01,1.9645382165908813,-0.14954221920228342,-0.5037152341433934,0.2647220157086849,-0.03803900243448359,0.19764753955381886,0.12941467999057335,0.2856777472929521,-1.3682460083680994,-0.061981787008267855,2.39428848028183
1972-12-01,-0.687059760093689,-0.026895050746454322,-0.5091671432767596,0.8435384059945743,-0.3012738057545253,-0.04368748308883773,0.9727087210525166,0.08927216245369478,3.0630963690140667,-0.20589901617279757,2.7060136198997498
1973-01-01,-0.4550130367279053,-0.07932542390386824,-0.16247922820704325,0.40119364857673645,0.17655716676797184,0.09442727184957928,0.1570585776459087,-0.21244601318330475,1.191607818884008,0.1356608337826199,-0.6579120457172394
1973-02-01,2.0871317386627197,-0.2767594137661894,0.4924194443793524,-2.021529773871104,0.30621314155203955,0.278538989799994,-0.8230181580240076,0.24441162293607538,-0.49188299214138703,0.11644653148121303,-1.6596508026123047
1973-03-01,1.3446660041809082,-0.35992315117741974,-0.205209194904282,-2.4715197583039603,0.453810766339302,0.14375717275672487,-2.070675925775008,0.2818281451861063,-2.660630555713878,0.13221896908901354,0.005116960383020341
1973-04-01,0.39899611473083496,0.04856559172482558,-0.22480017727329618,-2.500067899624507,0.17207425885966846,0.061070187776177016,-0.6909625096754595,-0.3657633608037775,-1.1368349194526672,-0.4004416918313061,0.5410782247781754
1973-05-01,1.1431262493133545,-0.18994335977124496,-0.37274140687215895,-1.6403247912724814,0.022414150381726877,0.5088351390979908,-2.0216551694003018,-0.15594279675772696,-0.9134216343655305,0.07609566328702148,2.2770752012729645
1973-06-01,1.9344881772994995,0.060110985183380025,-0.21108878510338921,-2.3885605235894523,0.061756226101091924,0.4443740955105534,0.33147887072779914,0.47437575730410486,-0.18889259766129884,-0.27773341646900884,-0.7569754868745804
1973-07-01,1.0382418632507324,0.2028204815488466,-0.012590511081119379,-0.9717054665088654,-0.15366584328668456,0.7132614652315775,0.10095657780766487,0.8114994475335785,0.5218851653968586,-0.25143187355112145,-2.0316366851329803
1973-08-01,0.035125620663166046,0.2641656239267806,-0.14916314255623592,-0.02909181251501044,-0.12587919565183775,0.593921818115093,0.45159198343753815,0.5749511447819796,2.370707252446343,-0.3140815154269889,-1.5966327488422394
1973-09-01,1.0332623720169067,0.24431658462739328,-0.40247678047134766,-0.27499465892712277,-0.32683916922126494,0.2747368757371549,0.38453154265880585,0.2699503844434565,0.050315025317318296,-0.16256585993148662,-0.14265830628573895
1973-10-01,-0.3246811330318451,0.11334287028917125,-0.07099394819566182,-0.14658657213052115,-0.3968640895826476,2.0138323307037354,1.0561272501945496,-0.29657977548512543,-2.4635309682172886,0.003890531499766641,0.11936296708881855
1973-11-01,2.7283718585968018,-0.11459845052638525,-0.47438669772375197,-1.394028589129448,0.14102210157683917,-0.36931570481370996,-0.8294574916362762,0.25749795816161414,-2.893355664084939,-0.19789619578255546,1.046140193939209
1973-12-01,1.9049774408340454,0.000337340510745441,0.035668647892418366,-0.007945953499681007,-0.41119315262351713,2.6459146428991245,1.4055541970513084,-0.7768425074490634,0.8494696196387795,-0.32754432823922897,-1.5770864486694336
1974-01-01,0.7609879970550537,-0.19115377479875592,-0.8985327822821482,0.05319730844348669,-0.0232992776935654,-1.3373733670623213,-1.5262305736541748,0.07809523041501189,-0.46407356858253473,0.061295850685349214,4.104625582695007
1974-02-01,0.509645938873291,-0.14548412930797525,-0.21881810611202604,-0.2810485971470674,-0.16783647505300384,1.2145411085199427,0.4401093518192118,-0.38394237106496637,3.2847940921783443,-0.3418189783891042,0.7687816768884659
1974-03-01,1.0819015502929688,-0.3494637742848464,-0.6013049256233942,0.5460713058710098,-0.023248819966933554,-0.10952298287992124,0.06441348655657335,1.211141004706874,0.880100972512189,-0.33952130211724174,2.521640658378601
1974-04-01,0.11070074141025543,0.09636825449030165,0.3864899632476625,-3.1322531402111053,-0.1855578938765185,-0.003524172266393348,0.16309573230418292,-0.17651510283802493,-1.5192508697509766,-0.47009940500612607,-2.0561231672763824
1974-05-01,1.0245455503463745,-0.10924005592373057,0.19708566722415743,-1.2999095022678375,-0.09591790315295967,0.8771981354112978,-0.726528059352528,-0.7956574360529581,-2.3029755143558277,-0.16091683948481522,0.10525640100240707
1974-06-01,0.21804717183113098,0.08437740550914281,-0.056930436264900935,-0.9816136211156845,-0.032765997041549,0.9074832554216737,0.11734782125462186,-0.434084056001721,-3.571801325854133,-0.04049439880031126,0.6855645030736923
1974-07-01,0.17205393314361572,0.19668048956024817,-0.21818271350292934,-0.08632646252711615,-0.05400108639150857,0.28763463099797565,0.3242912278933959,0.34583359956741333,-0.03720881033907918,0.002361181692254764,-0.7471439242362976
1974-08-01,-0.1358484923839569,0.08170368595862053,-0.28580971771762487,0.05236481471608083,-0.039662320965102735,-1.2303464942508273,-0.11882362887263298,1.0166196209011655,-0.7213289685109082,-0.28803091910150314,-0.0549150537699461
1974-09-01,-0.04238642379641533,0.14734763494679626,-0.10482991735140483,-1.1818436284859977,-0.07110859400459697,0.9060415956709119,-0.43145567178726196,-0.08511703009858275,-0.24465278667562146,-0.22412619932934089,1.0681580007076263
1974-10-01,0.30818086862564087,0.10780651174800497,-1.0653591581753323,2.282329152027766,-0.5338240414857864,1.283720577204669,-1.1595960367809643,-0.46193938363682135,4.355829603531781,-0.28816988622700723,1.3094478845596313
1974-11-01,1.7533948421478271,-0.1637339067291206,0.6325144143331619,-0.7230045894781749,-0.32495454485927305,2.836206003471657,1.293004642833363,-1.8698117949745872,-2.1291150766260483,-0.5086607403225368,-0.16785882413387299
1974-12-01,0.35652071237564087,-0.22300408339836228,-0.226871438679241,0.04989163717254996,0.21644814738205498,-0.2070389688014984,-0.43714950707825745,-0.10675775508085886,1.499826943173128,-0.09188899011523635,2.2091637551784515
1975-01-01,2.0946037769317627,-0.29110547522423974,-0.142823691879,-1.0587492336829505,0.14826882896678786,0.40596130269545094,-2.1213256499984046,0.29042031277309766,-1.7700942123637478,0.285437923890573,1.6138695180416107
1975-02-01,1.330997347831726,-0.291921660094194,-0.527460447379521,-1.5526081124941509,0.09818126979683126,0.9319859522360342,-1.6314066269180991,-0.05810328505255959,-0.8734582978136398,-0.04139575348408134,0.308458786457777
1975-03-01,1.2988519668579102,-0.21786559635484723,-0.013284162352127689,-1.832991217573484,-0.06813913184617246,0.8426524422786853,-1.0195558044043453,-0.2539087877129063,-0.271885929738774,0.13002480069796243,0.32127056270837784
1975-04-01,0.0158125851303339,-0.03937644700349217,-0.47660597733088905,2.6446039477984113,-0.4393570125102996,1.007476559391728,0.7985261353579435,0.0637583773244511,4.101696084527408,-0.2740932007630666,-0.26546716690063477
1975-05-01,1.6386620998382568,-0.14222305215580364,-0.3697486505621956,-0.6849375863869985,-0.006356211296016616,0.1266277774616524,-0.7090665400028229,-0.5507467371044736,-0.7044857039171106,-0.1628992596158275,2.0927955210208893
1975-06-01,-0.09896085411310196,-0.06294298234959723,-0.05861179725754829,-0.9643529231349628,-0.025282899982162883,1.235988625773677,0.8389204740524292,0.0625712006832614,0.4087936790550456,-0.165445026424196,-0.06758180446922779
1975-07-01,-0.7220876812934875,0.26176760733967097,-0.15960752609230225,0.3103032397727172,-0.2635273816330092,0.7595375732139305,1.144823431968689,0.054345680682948136,2.8643381946227127,-0.09352584817895182,-1.007843241095543
1975-08-01,-0.508874773979187,0.14116547896828452,-0.14624790776343574,0.01914873137138784,-0.06398021775696958,-0.6982784028406496,0.18750273368575357,0.6591222051418189,0.36918880308375635,-0.15254797482932053,-0.5558717995882034
1975-09-01,-0.9204530715942383,0.2325127871943192,-0.3253080305599031,-0.9900317837794622,-0.2620810908930642,0.39692007833056975,0.3559603609822013,0.31804440147948987,0.3102877999053282,-0.06902655241666017,-0.1357684750109911
1975-10-01,-0.1456456184387207,0.10232841464835155,-0.3747225517318362,-0.745584194858869,-0.34324074430125096,0.20055144473358436,-0.2448063005100597,0.11120975920648285,0.6819952498464023,-0.189924046949104,0.9489994496107101
1975-11-01,0.684296190738678,0.06490747483683304,0.3828574858960651,0.054911652114242315,-0.6933234632015227,0.4578011455359282,2.4709747596220537,0.027036785402081227,0.3089125322944977,-0.4891139489633065,0.5207661911845207
1975-12-01,1.123142957687378,-0.2294219925370015,-0.7038585486866179,0.5667721231778463,-0.15941719923700604,-0.5192551347944471,-0.2809738740324974,0.7838032462380149,0.38195743280298566,-0.2083987549499229,3.0629312992095947
1976-01-01,1.531967043876648,-0.3065500880630923,-0.5240930687813532,-1.1848177760839462,0.271772061075483,0.3325970912421191,-0.8584040809761394,0.7862030556707671,-0.054662811624653196,0.10252950919999015,-0.784783810377121
1976-02-01,-0.6563940048217773,-0.23155474746730967,-0.688249511378152,-0.6457524374127388,-0.03749311435967683,-1.4868044190936618,-1.7799871889027683,0.7453609145048893,0.5034126779612372,0.16844763799949927,2.121747136116028
1976-03-01,1.2774308919906616,-0.3666115478730538,-0.6315300861994426,-0.6955067316691081,0.11671274634344236,0.40552762371522405,-1.8286209214817395,0.6277904817552277,2.0376827786950504,-0.17445959426738597,0.6639969348907471
1976-04-01,0.8097935914993286,-0.14996893808875286,-0.3462794990766616,-1.0528814047574997,-0.1797504989164216,0.8970528289123817,0.30022781680930744,0.4801721283883759,0.6319859010331771,-0.3391816108315079,-0.11875526048243046
1976-05-01,1.772184133529663,-0.2328079770988142,-0.8586523078736805,-1.1022025098403296,-0.0024743041389488746,0.3623847608213071,-0.7901706478812478,-0.19364573738791724,-1.4107997803127064,-0.14104225017406322,1.7594142258167267
1976-06-01,1.0194361209869385,0.0794034136432997,-0.08553708238261087,-0.9571490809321404,0.029323712390448363,0.5396609505017598,0.5224434828216379,-0.17306584526192056,-1.9225271309123317,-0.1343399010322712,-0.2531654015183449
1976-07-01,1.323290467262268,0.18626634084003074,0.051372201137599494,-1.0969199240207672,0.00808837856831295,0.7009294297960069,0.5811328915032473,0.5745941942388361,1.5520507798475376,0.04390076975579615,-3.047640025615692
1976-08-01,-0.4996900260448456,0.2393580028708552,-0.1937431593736013,0.37501923119028413,-0.06109663684453282,1.8695107212773074,0.10412732477892529,0.10217866211226492,4.7778960536507995,-0.16333412517000126,-3.148723840713501
1976-09-01,0.9154759049415588,0.08611209480695321,0.10828403312535513,-0.4839252059658369,-0.15225535524742942,0.3938799654995953,0.01477845415303653,0.06538938843842708,0.1739243374151342,-0.28626358619442693,0.40495533496141434
1976-10-01,0.48756274580955505,-0.017368503597000956,-0.25929178865182967,0.06783469580113888,-0.4295828885265759,0.13840580704035582,2.097497880458832,-0.23068914359266107,-0.2826807034366271,-0.6151920115506208,1.9484753906726837
1976-11-01,0.22134831547737122,0.1022074109231922,-1.2253309999193465,3.017078091700872,-0.6505576627595083,0.0977636832329962,1.7682122913273899,0.5570190422462694,5.565709226271685,-0.300516077765712,1.7647530138492584
1976-12-01,2.3315417766571045,-0.3332919428046321,0.1992314344360715,-0.14314929333825907,-0.002647563607232379,1.741639110777113,1.750652627511458,-0.19553651412328082,1.9069031757466932,-0.5727676329789337,-0.11706874705851078
1977-01-01,-0.5752041935920715,-0.02637505268966648,-0.4470919924122947,0.9484019130468369,-0.2168637035148484,-0.4966575790334631,0.015541823284531181,0.0789288149187059,1.979581222814672,-0.07171552904226161,2.3880304396152496
1977-02-01,0.5628806948661804,-0.07110745449301223,-0.08796618453093938,0.6103092183669409,-0.07922895518796784,0.9817843083982114,3.084522756663236,0.11970594976887558,1.3513626421199125,-0.2776945078814471,0.14401936903595924
1977-03-01,1.951333999633789,-0.49529335868190716,-1.0971268018086753,-2.555669595797857,0.6823260337114333,0.2599487977999228,-1.3288919221271167,1.439989696849476,-1.4613622251678915,-0.1143760151333279,1.2908126413822174
1977-04-01,1.4255480766296387,-0.16940625410684398,-0.32647046304884414,-1.2308359146118164,0.14939312157886367,1.4072093698713513,-1.307004283774983,-0.07119151678952304,0.8219584822654723,-0.06433414226328885,0.3951225057244301
1977-05-01,1.490598440170288,-0.2823667626985362,-0.802256166934967,-0.24817159088949364,0.23114976606198717,1.3272874885135226,-1.6035000031644648,-0.08640772465503577,-1.9147858900182386,0.16597085804850967,1.3240998983383179
1977-06-01,1.2435250282287598,0.09370277255353794,-0.08321167635066169,-0.8903126542766889,-0.1742835555757795,1.2678418998365049,1.2881868264891885,0.06617870407574104,-3.100756336660946,-0.10560939985292929,-2.0173338055610657
1977-07-01,-0.10963421314954758,0.16102902066539712,0.07433874000396047,-0.6985199948151907,-0.3225712105631828,0.4084746870729658,0.4938053813847629,0.3237465340079683,2.3076365975772632,-0.014106987941044348,-1.7267471551895142
1977-08-01,0.5911144614219666,0.1567003802514412,-0.1256913301490602,0.37653322021166485,-0.14866727537342478,-0.17685839147479446,-0.6853861564939673,0.6370594104131062,1.323815040728625,-0.35975440232842054,-0.07812646217644215
1977-09-01,-0.5192864537239075,0.17363123700652325,-0.10640377267485573,-0.18030529220898947,-0.3753479304058211,-0.20519751641485426,0.32903602854772046,0.34684710430376453,0.1834684215924319,-0.18291550653952138,-1.9050401449203491
1977-10-01,0.602655291557312,0.011195091556915096,-0.31784591930253164,-0.939918930331866,-0.19936036052448408,-1.4818153999469896,-1.0499004613269458,1.0350942611694336,-3.086416160359102,0.19925184271953722,4.02650773525238
1977-11-01,0.1861734837293625,0.15467869144090465,0.036138837181386496,-0.43987051273385686,-0.389039543058191,-0.12494649876047063,1.2030857530507175,1.1175339872186834,2.3074707564185646,-0.4954226039074085,0.5586722493171692
1977-12-01,0.5879212617874146,-0.23594928879133414,-0.6854574595178877,-0.8747012664874395,0.1762694546154567,-1.1103579291590937,-1.625245674089952,1.0843234531807175,-2.3580940330729763,0.016325882946451504,2.4948251247406006
1978-01-01,2.128669261932373,-0.09018245717169533,-0.3114419324057443,-0.6741903101404508,0.07242850427116666,0.1951079953599859,-0.2895219082182104,0.2627894733891343,-1.0376298252274008,0.23392198814286125,-0.6558119505643845
1978-02-01,0.9107118248939514,-0.26515999310453175,-0.26218403308164506,0.24123997427523136,-0.02030066181240337,0.5766400032573276,-0.20242257213050668,0.5914595090981686,1.0289077373111948,0.11145081371068953,0.3626527264714241
1978-03-01,1.121596336364746,-0.2138030361121809,0.18684974028950646,-1.194564625620842,0.12768263529453958,0.6682212705965395,-0.9023759852756154,0.14643272892995313,0.49737520954188175,0.0017174637091725512,-0.07998568937182426
1978-04-01,0.9449461102485657,-0.4200609217227345,0.523713550397328,-2.3324767748514814,0.17939253843256403,0.06517970037681085,-1.0471162470904263,0.8319115999973181,-2.465705485904918,-0.2764777452857406,-1.2591847777366638
1978-05-01,0.5602444410324097,-0.11118142537667718,-0.8572469864572798,0.5281989773114523,-0.2680976209895951,-0.7276512958385326,-1.313798265023665,1.0127179550402092,-0.8537469541325288,0.15511434111330244,0.7900325953960419
1978-06-01,2.2565760612487793,0.0006653877175216314,-0.2421239834456217,-2.2185417513052625,-0.00951459099139486,-0.6451301552631237,-1.3652213595130227,0.49062854412830237,-0.7792578900561613,0.12470990143440387,-0.4625251889228821
1978-07-01,0.834053099155426,0.18935774413632675,-0.1852113221372877,0.3248498775064945,0.1872798694031579,1.0970983240339491,-0.4627532241019336,0.45388006802761194,2.4228453636169434,-0.09514470757157714,-1.9876502454280853
1978-08-01,-0.26848530769348145,0.18778649014486395,-0.3114075178191775,-0.4623185532788436,0.028958480938204693,0.10485890562887544,0.2938702702522278,0.4517237796927943,1.59647920552422,-0.442226810587777,-2.0359881222248077
1978-09-01,0.23228222131729126,0.01436025166595486,-0.23543091402167365,-0.7442360122998556,-0.24971054600817813,1.2130453630729956,2.305660464546897,0.18095591980399506,0.5847553119939916,-0.05826944554293597,-2.110411524772644
1978-10-01,0.8536757230758667,-0.02606538924532877,0.16572418667021252,-0.43098603685696923,-0.15332642942667005,1.052941326741819,0.5763893100348386,-0.6220841949636285,0.7152510916485505,-0.3322441544797685,-0.02447150880470872
1978-11-01,-0.9420223832130432,0.04229013558844446,0.021440433781771434,-0.33686744670073193,-0.3165238137756075,-1.2498063069802743,-0.4353772848844528,0.34169554710388184,0.3596185761339524,-0.2840321649003912,4.26128476858139
1978-12-01,1.9533196687698364,-0.31606214986720554,-0.15795484540008364,-1.4997209111849468,0.18343676679900714,0.23902031006636443,-0.565403632142327,0.6065683834480516,-1.3097025015774895,-0.2783459921677907,0.4056491330265999
1979-01-01,0.8702734708786011,-0.20876216216826105,-0.0706684243466173,0.6237154826521873,-0.36199295095035006,1.4236793473914817,1.6007254069501704,0.5459205670790238,2.6867757825290455,-0.5611296053285951,-0.559736043214798
1979-02-01,1.7472913265228271,-0.0800196133868795,0.6374751528104147,-1.919680585463842,0.2623219575200762,1.1176186579245107,-0.9280912578105927,-0.029768379913135006,-3.0421435832977295,0.0458134441739983,-2.5049859285354614
1979-03-01,0.5293219685554504,-0.1819416880607605,0.28340830689384827,0.18113409169018269,-0.09768500125833919,1.416020040158872,0.3955933858047832,-0.33470629291100934,1.7655923086054184,-0.16327727999952105,-0.5607832968235016
1979-04-01,1.7008671760559082,-0.15812250719943519,0.2246302862962087,-2.3550570011138916,0.4290606294359479,0.96164897636131,-0.282152420417829,0.13403203902822552,-1.312155758633333,-0.8464652079123037,-0.9509114176034927
1979-05-01,0.15341311693191528,-0.23888378915652425,-0.09820931369350071,-1.2536536902189255,0.19473770101155552,1.98577465834441,-0.7616740736094388,-1.3864008766232114,0.9528423933421863,-0.34733900317439326,-0.08770165964961052
1979-06-01,1.1097570657730103,-0.02899300044691059,-0.13873939890237083,-1.771711309750875,-0.17544673755764958,0.002997734204486564,-0.7956130260770972,0.11511702429164539,-2.4915900300530827,-0.03578824301560719,1.7676940560340881
1979-07-01,-0.0009133593994192779,0.19624747440848553,-0.19246389468510947,0.21810994173089665,0.0700547226837703,1.3718228649210047,1.1651009321212769,0.08911562688422925,3.182987956439747,-0.019385353489606467,-3.5108426213264465
1979-08-01,-0.6219726204872131,0.2045957555233593,-0.3585913351603917,1.4271064351002376,-0.12494440057447977,-0.06305983772984257,-0.7929735563018105,0.15911012887954712,2.539740590488209,-0.367506013976203,-0.9365455061197281
1979-09-01,0.223201185464859,0.1975803727834997,-0.24542010256222316,0.6609395767251651,-0.1923262673829283,1.4437603729742543,1.383950493552468,-0.35691107764388574,1.927103891092188,-0.07873519013325372,-0.8267510682344437
1979-10-01,1.6565876007080078,-0.047050022952993154,0.1601302552790869,-1.2547995895147324,-0.02052121895498463,0.9538384499373259,0.25926896116950293,-0.056108465474663353,-1.3981426463407627,-0.4838282311404193,0.1843290962278843
1979-11-01,0.31676819920539856,0.10383732511963643,0.031083325544993084,-0.05266247317194939,-0.8716095238924025,1.965445280075073,4.570929570631548,0.10399967432022095,5.332032021354226,-0.521300181194588,-2.6145413517951965
1979-12-01,0.4414430856704712,-0.23264845072383614,-0.05647254486878713,-0.12766113504767418,-0.07552054843732288,-0.27361608765743395,-1.2229280038313433,0.5508570056973081,-0.17310375457300858,0.003650528378784656,1.7052894830703735
1980-01-01,1.086663842201233,-0.1132781656695084,-0.19653968158222382,0.02659558861826857,-0.1691905382488455,0.2790265613132053,0.20107205279848792,-0.002448134491163673,-1.1294925037552328,0.024660016168598774,0.7635468989610672
1980-02-01,0.22386489808559418,-0.1344278874531598,-0.31649981226239887,0.12718778258810443,-0.07387708340372358,-0.7319982405062074,-1.061725142327222,0.1731265674937855,-0.04455135477816357,-0.0325871424542533,3.3267101645469666
1980-03-01,0.8056451678276062,-0.3155242809107606,-0.026539500270571028,-1.5939861536026,0.30602629163435524,0.6609399009633947,-1.4310862530361523,0.026380135254426434,-0.20938368842882268,-0.08435897805072642,0.003874395042657852
1980-04-01,2.325943946838379,-0.5115710513692507,-0.16558468341827393,-3.1626862784226737,0.5646618881395884,1.0922330397146718,-0.5362836136059328,0.5917586611978936,-0.5687998498187345,-0.4896842219211437,-0.5924953520298004
1980-05-01,1.1578863859176636,-0.13268932070530637,-0.44633685832931885,0.14365582416454953,-0.2434786409139633,0.4946071240637037,0.6057225845076821,-0.29823886174144165,-0.7406252271988812,-0.15652316311995187,-0.5424035713076591
1980-06-01,0.5290484428405762,0.12713397892428116,-0.004540152648197753,-0.6975742677847545,-0.19067431400929177,0.41870284411642283,0.14273141595450314,0.0651473348790949,-1.3042093199842115,-0.062222833986635556,-0.6326583027839661
1980-07-01,0.582710325717926,0.24798770605678291,-0.326425191901979,0.5315142994125684,-0.0010028327648927058,0.5754629219019854,-0.3871124576438557,0.4395147164662679,2.8382836019291595,-0.283541116449568,-0.7814474403858185
1980-08-01,0.7092349529266357,0.28517388961684537,-0.3431727488835653,-0.0034364966268185526,-0.1221794235919203,0.7731153457253067,1.1896438219330527,0.19546026984850565,-0.5371200687745038,-0.005827165053536494,-1.2400466948747635
1980-09-01,0.19254621863365173,0.06204366054333432,-0.15803579063642592,-0.7082410777608554,-0.13262487149664332,1.0422067509757147,1.2052496725862676,-0.017433506295536503,0.20521475988275864,-0.21142108296906506,-1.4983519911766052
1980-10-01,1.7763129472732544,0.02837453667126911,0.007402394632143634,-0.31784968450665474,-0.1374761840062482,0.8695905407269795,0.10749751871282404,-0.6368687658598928,-3.6111842183505787,-0.16679812084745477,0.8991312235593796
1980-11-01,1.2436316013336182,-0.003362100072939631,0.13890622981957026,0.5121220524112384,-0.4592913069895335,0.4075499872366587,1.4161202040585605,0.21462467583743008,-0.8109431056415333,-0.2729155951076084,0.9848276525735855
1980-12-01,2.4646830558776855,-0.22180439300940072,0.41456985331716995,-2.574945737918218,0.4055981657334736,2.0119444087699607,0.7897770540280775,0.11509409682317213,1.480107973603641,-1.0298903341646548,-1.079666092991829
1981-01-01,2.9213879108428955,-0.5048844176278988,-0.025313498363608408,-2.211746573448181,0.21204670358981403,0.7229921442491036,-2.0830661058425903,0.07724419913508675,-1.8369825447306911,0.2362127105394999,-0.15963584184646606
1981-02-01,1.7257206439971924,-0.37783090497406435,-0.20475325485070547,-1.0897344599167507,0.0026768973579497208,0.6654702402927257,-0.49139098687605426,0.1624464424270572,0.6434473044732038,-0.23742210533883834,1.3608747720718384
1981-03-01,0.9195599555969238,-0.28231679133965937,-0.3025218489624205,-0.9959988916913669,0.21195550050054277,0.05423404207384144,-2.013662186535922,0.7454039924072496,-1.714988491114448,0.03457675791449017,0.36919426172971725
1981-04-01,0.30726319551467896,-0.029492881936086738,-0.3460300465424856,-0.9808510541915894,-0.07689088316900389,-1.4034373892678154,-0.8917585692622445,0.620058946537249,-3.0390876180985393,-0.0006198146837522034,1.5211670100688934
1981-05-01,2.3128178119659424,-0.2181931280753982,-0.4531998364698319,-2.1040894091129303,0.20376729911991526,-0.008290173934289703,-2.505360408262773,0.33813328905539075,-4.839349844876457,0.19789500920860853,0.9671833366155624
1981-06-01,0.03334563225507736,0.03430615638343382,-0.28510326076121556,-1.4402929693460464,-0.001039723740957145,-0.12908878701704518,-1.5156420794400303,-0.09906976060433821,-3.0188812929041244,-0.31387449966536624,3.269135355949402
1981-07-01,-0.7099238038063049,0.28982055439075954,-0.2115575862782342,0.6192885960141818,-0.03719407665942396,-0.6382694398915326,-0.4446211524985053,0.5663476207039573,0.4713881103431477,-0.021877848646707002,0.803932398557663
1981-08-01,-0.6062846183776855,0.10746562145125699,-0.4329715811070942,0.3890607816477617,-0.0664132713739361,0.14979335720892303,0.5240590057589791,0.05326967573527133,1.9236108836005714,-0.2773210406303406,-0.594974122941494
1981-09-01,-0.24698497354984283,0.2068666715017507,-0.31087384337470647,0.6634209305047989,-0.24177599698305127,0.7739228230935555,0.4866050048307939,-0.14122306849017288,1.3999438461135414,-0.056597286904299694,0.6578636169433594
1981-10-01,-0.03389237821102142,0.02837974420735534,-0.6359499125253587,1.4658302068710327,-0.45035704970359797,2.5043714929510044,1.6746552153067156,-0.6171935435497399,3.9248683873344867,-0.399758032074681,0.7063935697078705
1981-11-01,3.214775800704956,-0.20314224169287884,-0.1926988008476439,-1.1623565107584,0.12358887387173516,1.539928604055334,-1.3662957332350991,-0.5961154446457372,-1.3528424150803509,-0.18923613760206434,0.43628185987472534
1981-12-01,2.425734758377075,-0.2859406068291463,0.5925372242927551,-0.6109918157259624,0.0125986964641405,1.6803659774638988,0.717824020168998,-0.5775824640736436,-0.14019277604187236,-0.4938612933512087,-0.9192463010549545
1982-01-01,1.9699327945709229,-0.2827346744671674,-0.16189433989070712,-1.7221126705408096,-0.16668674403003284,1.1553474046565868,-1.1289771307598462,-0.10406587159994876,0.4473093239700093,0.027057387072730945,-0.951407179236412
1982-02-01,-1.3126760721206665,-0.03072373883824953,-0.4596637118430365,0.3565852530300617,-0.05391521512397698,-1.56237107736093,-1.2782102281397039,-0.05663991764639363,0.40880814194679255,0.165534198836044,2.176448106765747
1982-03-01,0.9786246418952942,-0.21487470244018125,-0.5623891240074521,-0.6883251791199049,-0.08740638648825032,-0.5594854553540547,-2.944382212378762,0.5199539842027606,-0.44078664744601526,0.10231780923075146,2.946529984474182
1982-04-01,1.4201936721801758,-0.2696437734953115,0.36054686421439763,-1.3576356073220572,-0.14935046700494628,1.2658182117674086,1.4688220891085537,0.24883753874085165,0.5338393151760101,-0.5063307506066781,-1.5183968842029572
1982-05-01,1.2799838781356812,-0.297021467081258,-0.10195495117278326,-2.5132040182749433,0.48710448401314865,1.8174764182832506,-0.3748774528503418,-0.6420709870078347,-2.461865369011374,-0.281208974343759,0.6867780536413193
1982-06-01,1.030832290649414,-0.06391762322942976,-0.1405931654430571,-1.3670936226844788,0.017452306513275416,0.8264135431360314,0.16898306255990808,-0.029501079045461884,-3.192703513538136,-0.1100391701415733,0.6234339997172356
1982-07-01,0.3991648554801941,0.17358319650233633,-0.1388254531082653,-0.1204109750688076,-0.10534518930528844,0.5582414291523121,-0.05102591081099077,0.07027839169357762,2.3334064904381244,-0.06343193214248727,-2.1749822795391083
1982-08-01,0.8234024047851562,0.16871945748866446,-0.14432670459860847,-0.2837155945599079,-0.0677472712205989,-0.13502707911862266,0.03812988712029024,0.4199943307674292,-0.12599036974065442,-0.3500787748230828,-1.4906975626945496
1982-09-01,-0.4064989686012268,-0.008199694500842566,-0.19260627173242115,0.2844712696969509,-0.05577886809727975,0.626020023116359,0.01967594196850603,-0.2899116864710143,0.0933568924665451,-0.1451538116843612,0.8955894410610199
1982-10-01,2.05819034576416,-0.078347288596798,-0.3821241358915965,-0.43338388204574585,0.10628603797938141,1.1047507877703064,-1.494980671189048,-1.4722687728477246,-1.429066850858576,-0.10808404121134016,2.4230292439460754
1982-11-01,-1.554659128189087,0.2224263800701625,-0.6137068782533919,1.1555107931296031,-0.13244821290884698,-1.612137754758199,0.11118209328163754,0.47780537244045374,1.8170614452923044,-0.09396733647143399,3.9565619826316833
1982-12-01,-0.08090480417013168,-0.023667259850132634,-0.07801544630811329,0.8023478711644809,-0.32766243176800863,0.3921113632343433,2.1192858164960686,0.38265820705529413,3.323641594718484,-0.2234919065678561,-0.12516571208834648
1983-01-01,-1.1194385290145874,-0.04892646217010391,-0.6980944247472854,-0.6775302812457085,0.01859880784260375,-1.7522577886228208,-1.190842417153445,1.3536244630813599,-4.52047305948594,0.3508863901650464,3.250814974308014
1983-02-01,0.496031790971756,-0.024399615194596037,0.003654746771124857,-0.8799575890103977,0.07846347455467496,0.3586297233899434,0.5180382593111559,0.5816922494859407,-1.265843738527859,-0.05751763711924906,-0.21469337865710258
1983-03-01,-1.0387890338897705,0.11934380925876995,-0.7324308866546267,0.35348519062002504,-0.13195562309452463,-0.7712130193357114,-0.7912566038695249,0.505280178604704,0.2600299523157232,-0.16176619187549307,2.145865559577942
1983-04-01,0.6215530633926392,-0.06401272831668317,-0.36632372509865535,-0.030316678263867896,-0.13313788388456615,1.184857443526939,-1.5841769901188938,0.3847001176891905,-0.4804601564126856,0.08377440411735464,1.291130781173706
1983-05-01,1.0871374607086182,-0.19952285457664812,-0.9323967354638236,0.26336501662929857,0.2561920987708228,0.48074987199571395,-1.409803872758692,-0.11904046616771004,-1.4461853048380682,-0.07704138341877195,1.2133383005857468
1983-06-01,0.4736499488353729,-0.034319347059223015,0.25749421190647853,-1.2250793476899466,0.1950569583901337,1.8415679534276326,1.6865712675181301,-0.952818447893316,-5.467421868268181,-0.15081150664223564,-0.47625306993722916
1983-07-01,-0.13452257215976715,0.1961969573732833,-0.005066165301416602,-0.012345768239659568,0.038244026446981084,2.1130109274828874,1.7780657518993725,-0.17862044500582144,-0.2957388320389916,-0.165847592331745,-2.1913255751132965
1983-08-01,1.2391035556793213,0.21228311767040844,-0.030171966534994897,-0.8444128558039665,-0.1078937468784196,0.9449700514475504,-0.031799778596244076,0.5327151128740022,0.9514529038878048,-0.16427096669320707,-2.749803364276886
1983-09-01,0.5233919620513916,0.2988134261587976,-0.03748376011138871,-0.902235321700573,-0.061487805630479536,0.39598875575595427,-0.1709395172921094,0.06346453094121181,-0.050227678216555535,-0.12461838346940499,-0.00022805383196100593
1983-10-01,0.014495582319796085,0.11744246306553693,0.19453073896112896,-0.7051432505249977,0.02877942086862666,1.6986948472482186,0.30348043550144543,-1.1746478803230054,-4.503912434858434,-0.09203495940676441,0.2736951597034931
1983-11-01,2.7557425498962402,-0.17243211328143807,-0.39404719358398804,-0.5537088339527448,0.12297044907297405,-0.0450820282653526,0.053137617016380485,-0.1506391799811161,-2.6919715544756717,-0.13035061182799162,1.4493805170059204
1983-12-01,1.7060601711273193,-0.08073977496422513,0.44992974116688683,-1.1857556800047557,0.12704981490969658,1.332053431758174,0.42202154343778436,-0.3291008373101552,0.6320686024778029,-0.3569469959647567,-0.7721269130706787
1984-01-01,2.1039886474609375,-0.17687772781076566,0.0931778745282264,0.2546386638035377,0.2203480606632573,2.089822733843768,0.5645645613020117,-0.5734865412567601,0.2803776632337009,-0.013752342029302207,-0.11799397878348827
1984-02-01,2.5061187744140625,-0.3065445683371853,0.3245708843072256,-1.5858141084512076,0.24806862430913104,2.9331074820624456,-0.473600524392995,-1.3508150071808787,-0.28609493199516745,-0.056059230808858516,-2.5193285942077637
1984-03-01,2.549197196960449,-0.33270937036460557,-0.1633065442244212,-2.1257340908050537,0.2960700275642531,0.36134672937569795,-1.0077406059611926,0.8443391684329871,-0.15640687197446823,-0.7017813347004077,2.2247661650180817
1984-04-01,2.486044406890869,-0.21253347816601606,-0.38727990218571257,-1.8327890584866207,0.18491516155855994,0.49480928315056694,-2.663883024995977,-0.42916531815673364,-0.3448203863466487,-0.21050576534536147,-0.21003780886530876
1984-05-01,-0.02330140210688114,-0.019992487898594896,-1.4179719345910209,2.2686168551445007,-0.4049832267420632,-1.5633088571053964,-1.4905184507369995,0.7933883052883726,1.598674409529742,-0.1545433782868915,3.304830491542816
1984-06-01,1.2250146865844727,0.021616963695892145,-0.25216663877169293,-0.46268894026676816,-0.09465275465377739,0.9948220517900255,-0.19759728827259757,0.24368932301347904,1.4839216190225937,-0.22792046268781024,-1.5389300882816315
1984-07-01,-0.3904353678226471,0.21077736582554563,-0.19109669540609633,0.2961512344578902,0.034904929010995796,2.4410358181706178,0.44648870825767517,-0.01804578456689011,4.518651962280273,-0.18916799238434542,-2.336071729660034
1984-08-01,1.7819623947143555,0.07419076708840652,-0.036300273079957285,-0.479312955091397,0.21806959328906875,2.126876733921192,-0.6768932396715338,0.41114380865386035,1.1172661009956808,-0.4945364815217477,-5.0335752964019775
1984-09-01,-0.41714709997177124,0.21970549099881886,-0.345250183627719,0.9521265824635824,-0.28751614902700695,1.3175629907184176,1.3162891973148694,-0.1497321395259915,2.2056914427701164,-0.40410591496361625,-0.5090190097689629
1984-10-01,-0.3281225264072418,-0.055892450708738516,-0.6850475356692359,1.0326453795035682,-0.22106281082545007,1.9382816773873788,-0.6265579299493269,-0.4112590443004261,2.2453471141702988,-0.7421113826610424,1.3460148870944977
1984-11-01,1.9376087188720703,-0.07005272511865052,-0.4293578011648996,0.2574287975827853,0.09940389676817825,0.16991865855676155,-0.5809596993706443,-0.7609801762031786,-1.5819773954503675,-0.18650752802689868,2.7841100096702576
1984-12-01,-0.1133919209241867,0.04386352768666308,-0.4440213243166606,0.6803793211778005,-0.12319312830056461,0.25419184455165156,0.21371665326031772,-0.19993666898120532,2.5808157289729396,-0.57551270281827,1.8587587773799896
1985-01-01,1.9642276763916016,-0.3540253135519968,0.8732092522439503,-0.8367951959371567,0.23152743067060197,0.7995050814416673,0.09544318203221668,0.20149268887259741,-2.1415126674315506,-0.21609450104059996,-1.0032571107149124
1985-02-01,-0.32268425822257996,0.14380286906806516,-0.5021561469350543,-1.0226724669337273,-0.08196921220847538,-1.5786466775117096,-1.0259129784323953,1.501181631377249,-1.9444982795154346,0.16184915547017698,2.289823293685913
1985-03-01,-0.5687857866287231,-0.26958358119910875,-0.3748225314276559,-0.8594600483775139,0.19557554540889602,-0.5719614249688607,-0.41507617993788287,0.819403204050931,1.4109571190441355,-0.35647609167628813,1.6357693076133728
1985-04-01,0.6292587518692017,-0.17789950673009308,-0.6949216836974734,-0.8065431689222654,-0.038768400970314226,0.5531199552394725,0.33641085028648376,0.41626980810454395,0.5913209389237796,-0.27990051441722447,-0.08128693327307701
1985-05-01,0.6829085350036621,-0.26880391466785486,-1.016306167557126,1.1871395011742911,-0.04475797925676618,-0.2832045433697877,-1.1283863674510608,0.2152728989268794,-0.8038562010316287,0.03870833596145665,3.0830618739128113
1985-06-01,0.696873664855957,-0.06066776392325549,-0.12542043945619039,-1.1905888716379802,-0.051350262947380536,1.1752126393494782,0.964647192846645,-0.015642828392711552,-1.7000822459950165,-0.23353337137787428,-0.9665632247924805
1985-07-01,1.0524226427078247,0.3346153128315026,-0.18345369469551814,-1.3489515831073127,-0.12641759323222296,1.6176557099377666,1.4775170521302656,0.09453690639047911,-0.34919466604204735,-0.2885965837372674,-1.2808574736118317
1985-08-01,0.4443254768848419,0.13529464182719378,-0.3159579067003159,0.829592285056909,0.027580456142979007,-0.2914234443947121,-2.1857357837937097,0.23850310932506213,1.3963815043954286,-0.5017035537295871,0.607818141579628
1985-09-01,-0.1327972114086151,0.14009816755711194,-0.4013546875544957,0.06159929325804114,-0.23667157760688234,1.3847841156853569,0.3565355119380084,0.017749395390803162,1.7648358555401071,-0.21919781963030496,-1.3261032104492188
1985-10-01,-0.34555694460868835,0.07769895691267202,0.11299935479958853,-1.2789194782574973,-0.15624013862439562,0.5822358859909905,-0.08596879514780911,-0.3586855801669034,-1.4055586036513832,-0.31467987983315077,0.17978718504309654
1985-11-01,1.353432297706604,0.03914004847617217,-0.003012377003739987,1.3746432960033417,-0.3472922635929925,0.47043462594350177,2.104627002369274,0.24793897614334567,0.6293760064770193,-0.5316080318556892,1.112482100725174
1985-12-01,0.2675224840641022,-0.08515355137872024,-0.5571688569727399,0.17599376539389294,0.09722464850970676,0.04931667267724319,-0.38371038707819854,0.53942957610795,2.513454416218926,-0.32675638794898987,0.2702723443508148
1986-01-01,2.6131980419158936,-0.224212882384448,0.4134528338909149,-1.4772130797306697,-0.10933372458176953,1.9428703520033093,0.745746290141886,-0.4172603289286295,0.5920837030691258,-0.07626236312919192,-1.4463087916374207
1986-02-01,1.630006194114685,-0.22218395286882428,0.30796903939474196,-1.704862341284752,-0.12310221791267394,1.4827215009265475,-0.10696039111776785,-0.07394733415408568,2.6323975885615627,-0.2922794609158127,-2.5838804244995117
1986-03-01,0.23188918828964233,0.05705062247497935,0.11889843181485223,0.002626405815438678,-0.18044058233499524,-0.24114692652667008,-0.6734646179459312,0.19313151186162775,0.3277052851284251,-0.1870572566986084,1.2824396789073944
1986-04-01,0.7957671880722046,-0.22640635429973335,-0.630175925436474,1.9286779065926871,-0.33514060612235747,0.005149409278399414,0.36750882863998413,0.5828565268805532,1.0306464398608488,-0.14282627790062516,2.378091514110565
1986-05-01,0.7801156044006348,-0.3663268307564964,-0.6832772067614964,-2.0414533714453382,0.35994289708989,0.5302272461078785,-1.6508099707690151,-0.4140357628013148,-7.151360371533562,0.2927707301245795,2.694213092327118
1986-06-01,-0.15062756836414337,0.08327617296870327,-0.19780477242810388,-0.3622797317802906,-0.09898337801652295,0.12287719658127537,0.23127604614604602,0.024579270658167923,0.19719291697530184,-0.17066730393303764,-0.2710599824786186
1986-07-01,1.1505626440048218,0.24026655395266036,-0.19468469988732112,0.2569034229964018,-0.08575297626001493,0.26445363958676654,0.30526556074619293,0.5251995541832664,1.2182919418110567,-0.39956611063745284,-1.7342115938663483
1986-08-01,0.6460005044937134,0.08067118240074372,-0.3523646366028559,1.13688533504804,0.05547819060406514,0.05016138915110517,-1.4426906000484119,0.3011761741204695,1.7733361791161928,-0.28374686285301487,0.2949525788426399
1986-09-01,0.8237851858139038,0.08801212403136241,-0.3492409984270732,1.595007007320722,-0.2452044348631586,1.2983078206026994,0.17310423268513245,0.0867607636433659,1.8513760145972755,-0.20939117228543316,-0.8084040135145187
1986-10-01,1.8774877786636353,-0.08628752974557205,-0.20519498558271498,-0.01072063751053065,-0.07008138511862073,0.9892102744844224,1.5902605923739346,-0.29358105225996534,-2.5270430480732635,-0.5252749831588179,1.0167030990123749
1986-11-01,0.8069078326225281,-0.18949659777359223,-0.4441033871400924,-1.2831511596838634,-0.1759385424000876,-0.23859844163612082,0.03244879401542924,0.1570937421285745,0.8878834107342888,-0.4099173954239598,2.8631657361984253
1986-12-01,1.4142242670059204,-0.31067796156439986,-0.06099870162350791,-1.4111467947562537,0.2833404977406774,-0.07381938673831798,-2.329804680564187,0.4515838893977078,-1.8946298781563253,0.44538974761962885,0.9299034625291824
1987-01-01,1.5938377380371094,-0.14375372671745193,0.11786937358833495,-0.782194547355175,0.09734745669577802,1.0201374689737954,0.730322843248194,0.0018047967883334918,-1.4471572111634645,0.09139781748806988,-0.8171264082193375
1987-02-01,2.3644556999206543,-0.5000171107305608,0.09007129286016737,-1.6678305963675182,0.08337630757263728,0.43208924708542995,-1.1389243331822483,0.4461838440461592,-0.5104575963581309,0.16078584724002412,-0.644209012389183
1987-03-01,1.1563191413879395,-0.2916239936586837,-0.6672578908148267,-2.2710164388020835,-0.1637327218694346,-0.06643524048505006,-2.8312070803208784,1.3683495196429165,0.37613927441484785,0.42946137211940905,0.06054447963833809
1987-04-01,0.6755598187446594,-0.125086097650125,-0.46013473045258296,-1.3586357235908508,0.14214591522301945,-1.1455735674610843,-2.597391876307401,1.28824638597893,-4.646509535172406,0.2585696677366892,1.2801267206668854
1987-05-01,1.8039193153381348,-0.35317036467538754,-0.2620261162519455,-1.3829771429300308,0.6942691547530038,1.3267988408053362,-0.6290712817148729,-0.6532408974387429,-1.1636774329578174,-0.15578090592666907,-1.1367464810609818
1987-06-01,-0.7431412935256958,-0.14561097806608175,-0.2700945805935633,-0.9530776490767797,-0.18659903268728936,0.4541612609669014,0.9371437132358551,-0.12215436859564346,1.4089838546865125,0.13936041957802242,-0.6900366395711899
1987-07-01,0.22547510266304016,0.19173070158756955,-0.13664586558228448,0.8008923381567001,-0.029261150796498568,0.4892964605931882,0.08918049491264603,0.054880564637256386,-0.833021367297453,-0.08948530863832543,-0.2313680574297905
1987-08-01,1.3718655109405518,0.2060539915528096,-0.2998727063337962,-0.6559445833166441,-0.01364758188304092,1.4076493404529713,0.6642732430588115,0.0445997906905232,0.977795965531293,-0.189946840206782,-2.2208136320114136
1987-09-01,0.7503558397293091,0.09160574892876854,-0.1374757272146997,-0.7355488215883573,-0.289678227688585,0.6417949442510251,-0.0931905328550122,-0.042749317645123505,-1.2440276496550615,-0.062089944603266535,1.1329418420791626
1987-10-01,0.30460628867149353,-0.010556272480269554,-0.48575940586271743,0.46201832592487335,-0.38623604923486704,-0.23395849598778617,-0.023916317149996758,-0.45378438451073383,0.7254394976531757,0.15206356291417722,1.747477501630783
1987-11-01,1.983962893486023,-0.18727716425774804,0.02623432581978185,-0.8664737765987715,-0.06346768433494226,0.8621724667372527,0.46145167540420184,-0.011047759714225927,0.8090143694597132,-0.31713142439171116,0.4729190468788147
1987-12-01,0.6225973963737488,0.05957561899238909,-1.2508697452999298,0.21398461734255156,-0.24944559804030825,-1.1331721588417336,-0.18353789028796283,1.0622978210449219,1.7497625421075258,-0.2381515723687631,1.5644508600234985
1988-01-01,1.1205182075500488,-0.06323311950119449,-0.44163430020922706,-0.9335626537601154,0.07091016907777105,0.6401210471435829,0.4215370186350562,0.15111564461028937,0.7893420317593742,-0.09774339419824105,0.4820873588323593
1988-02-01,1.2936651706695557,-0.2334805231698802,-0.3517579109895797,-0.8294481784105301,-0.2387923587645803,0.7981944967199255,-0.6697747517715801,-0.3311235796321522,2.157100859810324,-0.0930300948244554,1.4463575184345245
1988-03-01,1.026334285736084,-0.17549946484431414,0.2686653108823867,-1.9252883891264598,0.233933116708483,0.09588804095983505,-1.610444350676103,0.7077084797801393,-0.22033823325353508,-0.07935628570892192,-0.9352944791316986
1988-04-01,2.3569233417510986,-0.4323270119411845,-0.6381243467330933,-1.1311662693818412,-0.09145390774522508,0.931475007975543,-0.5766303024508737,1.341960375959223,0.4637086216141196,-0.15337039475087766,0.11085005477070808
1988-05-01,0.9987702965736389,-0.20290699223397485,-0.7209945292699905,-0.0884810695424676,0.03504644347620862,-0.3127166242511184,-1.3543317263776606,0.1316319022214774,-3.266640971688663,0.11886169237119179,2.5359809398651123
1988-06-01,-0.05035907030105591,0.11789972933245377,-0.16593406242983683,-2.1028007070223493,-0.19645895808935163,0.9749997545171666,-0.35450732843442395,-0.07117617536674846,-1.7629137810538795,-0.20632672089117543,1.2279418855905533
1988-07-01,-0.09190928190946579,0.2894788980484009,-0.09487091253201167,-0.705694096783797,-0.1350201666355133,0.16820352110597822,-0.3380175002596595,0.48238481536056055,0.0900038463227889,-0.023984457193701354,-0.18744120374321938
1988-08-01,-0.06772660464048386,0.2582504086091485,-0.17829296134767078,0.5083092177907627,-0.055100635758468075,-0.08377312786049312,-0.015390940560874615,0.3035126310406309,1.4129976139349094,-0.2878567686787358,-0.7934699207544327
1988-09-01,0.7256459593772888,0.23207395849093587,-0.18440378563744683,-0.20958577903608483,-0.1264974208814757,1.0290155808130899,0.28575861995870416,-0.015136503586263367,-0.3587629426928127,0.059711181179240895,-0.7278598845005035
1988-10-01,-0.25266364216804504,-0.25321643956950013,0.14978849462100438,-0.5346462751428287,0.05682169991944517,2.7197431634973595,0.2038387581706047,-1.4838894208272297,-2.6662670514162845,-0.32685170019114457,0.5677889287471771
1988-11-01,4.87166166305542,-0.2196787738464248,0.027562001542676063,-1.8497316787640254,0.002581001899670809,1.0575318778002702,-2.5513172149658203,-0.31432100769245264,-3.493034489014569,-0.052278868302151005,-0.111580491065979
1988-12-01,1.6803405284881592,-0.2761414353276642,-0.015099501858154934,-1.9188445061445236,0.37869366684130257,-0.028018170484790095,-1.1424905874512412,0.6057780348893368,0.06375276647946414,-0.3784750346784238,-0.9219621866941452
1989-01-01,-1.5327447652816772,0.14825779157625119,-0.6145004005659195,0.5606293678283691,-0.03551990459007876,-1.7147387619371766,-1.0854287581010298,0.5884147051608923,0.2646077643422519,0.19191762915364016,5.5380624532699585
1989-02-01,-1.071028470993042,-0.0470391828829134,-0.5446918663524446,1.4877991129954657,-0.154094717332295,-0.9934937512433086,0.21133888512849808,0.004514868752184239,0.2862490932731067,0.15862413026668407,3.2961568236351013
1989-03-01,2.021420955657959,-0.3426352856864392,-0.5122509740647816,-0.5824815481901169,-0.16160982527903148,1.0172507277241458,-0.8862752128731121,0.166097159186999,2.3641339119742897,-0.17546307709481979,1.243816316127777
1989-04-01,-0.9767728447914124,0.08594155521459983,-1.0200793544451396,4.317863782246908,-0.5009328148194722,-0.3510055718598542,1.84478759765625,0.005613908411539865,1.6955368659075567,-0.3806430708478998,2.5591054558753967
1989-05-01,-0.07302142679691315,-0.18602424943950815,0.03459027835300991,-1.8091335892677307,0.07813272199460437,1.0482019848293727,0.33914822746406903,-0.31430459383762244,-2.5329812484629013,-0.3823368085755242,0.2363947033882141
1989-06-01,-0.6100125312805176,0.08545494835141679,-0.02872456264282976,-0.5363899593551954,-0.14749524582709583,0.37361181996486803,1.0487127033146946,-0.24571883859056415,-1.9022722454632028,-0.19325462204438668,0.11036066338419914
1989-07-01,-0.0769008919596672,0.2073522814562623,-0.14011493573586148,0.6993829583128294,-0.11891290279371397,-0.14577910855964377,1.5168019316413186,0.05529881878332658,2.699777133324567,-0.1685773608861146,-1.6163422167301178
1989-08-01,-0.6036992073059082,0.20072991159600273,-0.255782955459186,0.762023280064265,-0.21636263866509708,-0.14884654018614027,0.9783213788812811,0.2045215530828996,0.7448241114616394,-0.35859983828332687,-0.3416198492050171
1989-09-01,-0.4742262661457062,0.2489698604798653,-0.4821786213488806,-0.11577149853110313,-0.24682373872825075,0.7787472120037785,0.7491741668094288,-0.26725237116669165,1.3938139466678394,-0.12330142436204132,-0.890389084815979
1989-10-01,1.825451374053955,-0.08245296776294708,0.08239532333044779,-1.5669219195842743,0.03527194993304354,1.727027032110426,0.4119994626803832,-1.0023956045959934,-2.537494371919071,-0.19283881066022093,-0.20950330421328545
1989-11-01,1.8938994407653809,-0.221679580043739,0.29135362378188545,-0.5262181783715885,-0.1541301341993468,0.3104950818750593,0.4077235744758086,0.355866506244197,-0.7032484254416297,-0.4065488499623758,1.0124357044696808
1989-12-01,0.0801275297999382,0.042460662063578486,-0.47125028712408884,0.31611118465662,-0.0440040004572698,-0.3290799480897409,0.03958139568567276,0.7035548036748712,-0.018680613378391546,0.11550699947056946,0.7104989141225815
1990-01-01,-0.2510998845100403,-0.031129409834532672,-0.7388765613238018,1.537930965423584,-0.5149869514363152,-0.6998897150710777,-0.22173440930518237,0.4437746875213854,3.5178237101610965,-0.2899480362733205,2.353971153497696
1990-02-01,-0.9603937864303589,0.09278438880409993,-0.7937634984652202,-0.35804777095715207,-0.23283208055155616,-0.42808996858420195,-2.250746163454923,0.5127333781935952,0.30274658518679,0.4926125760431643,4.199624955654144
1990-03-01,-0.5649189352989197,0.03730075460084727,-0.3390994809922718,-0.5819347376624744,-0.0035849428968504067,-1.0499387979507446,-1.7918670719320124,0.7166769919973431,-3.3500646843629722,0.350381213205832,2.3757055401802063
1990-04-01,0.8126327395439148,-0.2727204855059234,-0.4799056975614457,1.3291653245687485,-0.07800115937633173,-0.41511133313179016,-1.2236349961974404,0.8283011841051506,-1.1935644290026495,-0.18963202558181902,1.1937780678272247
1990-05-01,1.7174001932144165,-0.043951887899721175,-0.14131482513177962,-2.4701252579689026,-0.03873207273760012,0.04972776880970707,-1.0308947075497021,0.6772523125012715,-2.8716963880202346,-0.168408481059251,0.9318204969167709
1990-06-01,1.3792530298233032,0.146606637978218,-0.08856231080634254,-2.0303217073281608,-0.08230072978351796,1.4428628815544975,0.9432724931023337,0.3400303197629524,0.33121185705942263,-0.41509127175366434,-3.618209660053253
1990-07-01,-0.11102266609668732,0.40652252418894164,-0.2745223187264942,0.5111400038003922,-0.14149525335856844,0.21583353755650694,0.5061443895101547,0.4050432281060652,1.976106096716488,-0.4812200312261228,-0.49603860825300217
1990-08-01,0.22588536143302917,0.22318400967289026,-0.08314742396275203,-0.18283454701304436,-0.08435779517250401,0.9613518361692075,-0.15613018450411884,0.30254714868285437,0.9774066069546867,-0.20782849578945722,-2.2909751534461975
1990-09-01,0.8578421473503113,0.26270591876876187,-0.22112356410140083,-1.045245056351026,-0.2792484526123319,1.5304324803528961,1.5134596011855386,0.20164571928255484,-0.42160631102674145,-0.16467597473550724,-2.464222013950348
1990-10-01,0.4738752245903015,0.06482952707250354,-0.04308848153977167,-0.5578296259045601,-0.36924829972641804,1.3113535112804835,0.06118478168818084,-0.38477773919250025,-1.1495472753749174,-0.06022380182036647,0.666271448135376
1990-11-01,0.5416713953018188,-0.06443198088189246,0.2992825139136542,-0.4994170740246773,-0.3689510747790336,1.5268460468009666,2.7918634089556607,-0.3795891548648025,0.9557773085201487,-0.6811868813302782,-1.2086182087659836
1990-12-01,1.8027589321136475,-0.17709801314582288,1.2964883020945959,-2.090868353843689,0.012687677683840904,1.2221992015838623,0.21543540060520172,-0.7380130616101351,0.9361462558017057,-0.23207554110774287,-3.2995933294296265
1991-01-01,1.0226771831512451,0.018023320434378907,-0.38710907101631165,0.3965194647510847,-0.0974733182894332,-0.8450502598727191,-1.0012489828196438,0.37585783636931214,-2.2158468470853916,0.25634831852383083,2.94012188911438
1991-02-01,0.35597676038742065,-0.29431997050701736,-0.08837407720940454,-1.4970419307549796,-0.010026875783556273,1.4489996212500111,0.5799886177886616,-0.07043321701613339,2.37657813464894,0.0008547586966650905,-0.9011347591876984
1991-03-01,0.6741276979446411,-0.07762260420221678,-0.37462054973556885,-0.4698536979655425,0.02026459967185344,-0.21763478440267067,-0.6940309296954762,0.2090712162581357,0.7013671100139618,-0.1951135281059477,1.0537850111722946
1991-04-01,1.537219762802124,-0.2037079821170216,0.36177301690691993,-1.1569625387589137,-0.12972884412322724,1.3662902293381867,0.07168749685991894,-0.20282812642328665,-1.180119374219109,-0.35084314920284126,-1.6993044316768646
1991-05-01,0.5836349725723267,-0.08689246442116483,0.5643452207247417,-0.8541765312353771,-0.18274966361267225,0.1424421038892534,-0.26868708770383487,-0.520633522308234,-0.744305901667651,-0.13902711647528188,-2.5062069296836853
1991-06-01,0.7097616791725159,0.22416901840290554,-0.18908675937425523,-1.1768929660320282,0.02972704491444996,0.05666076516111691,-0.5978215147148479,-0.11497840962626717,0.7005583275766933,-0.6176752072793465,-0.6533916294574738
1991-07-01,0.4227246940135956,0.16745427544687835,-0.03693755937828904,0.24192553634444874,-0.0945666937955788,-0.5653648464768021,-0.2467953176660971,0.19233001000953442,0.3258671830682193,-0.10282364156511094,-0.2536723203957081
1991-08-01,-0.5709304809570312,0.2133410371525187,-0.2116423277627854,0.6341641768813133,-0.01867151918954083,-0.38485369748539394,1.3347641988234087,0.410937179218639,1.5903925194459803,-0.06874539647941236,-1.4167298376560211
1991-09-01,0.8344810605049133,0.1677668010684806,0.07871056773832866,-0.09129635679225127,-0.15187461727431842,1.760015774656225,0.5469513210383329,-0.15615080342148288,0.8091405034065245,-0.20935379520610525,-2.3978738486766815
1991-10-01,0.03888177499175072,0.0016889036436315995,-0.9127305377097357,1.336509610215823,-0.4872842558792659,2.2737940152486162,1.0280953212217852,-0.22877922112291507,0.28105091084452233,-0.05631266092812573,1.1571837961673737
1991-11-01,1.1903035640716553,0.046398773999281336,0.5124931179341816,0.5571623022357624,-0.5422891782862799,0.9795601721163149,1.3338663361289285,-0.28824435942100757,-1.2774932910414303,-0.2913548162689915,-0.172501802444458
1991-12-01,1.44125235080719,-0.19482032094203253,-0.7788828441074916,-2.3580948511759443,0.169778721673148,-0.8964957462416754,-2.546421777118336,1.25987222700408,-3.4291319987353153,0.30083250668313766,2.9854679107666016
1992-01-01,-1.9270766973495483,0.15486481953674638,-1.0753696873074488,0.8754066502054533,-0.37787913211754387,-2.3181670241885715,-0.9166804904287512,0.7466375827789307,1.7896257779177496,-0.07224182287851968,3.0434784293174744
1992-02-01,-1.517621636390686,0.16136408691674892,-0.8428899305207389,1.048580308755239,-0.27010368981531685,-2.166762837657222,-1.8934302709319375,1.0587859334367693,-1.4686956125147201,0.3017764952447679,3.267194628715515
1992-03-01,-2.308211326599121,-0.11355886367005362,-0.7027820462272281,0.5549245203534763,-0.10570748043911797,-0.9512445440998784,0.004004432015459646,0.31984003655838245,3.720422352061552,-0.13995251997753425,1.7411117255687714
1992-04-01,0.20065245032310486,-0.21672225754025956,-0.3339502073469616,-1.9576733311017356,0.1946391404739448,0.8238461834413033,-1.1575673114169727,0.859546119516546,-0.11432146763100343,-0.2374074249355881,-1.619376540184021
1992-05-01,0.869987964630127,-0.20943256750912734,-0.5365384121735891,-1.1484015733003616,0.02392140117340854,0.6594150706573768,-2.0970366217873315,-0.0700413729205276,-3.2334008637596576,0.17966749491514983,1.6742287576198578
1992-06-01,0.5790244936943054,0.021618459058899277,-0.31070056415739516,-1.1058006435632706,-0.0037771333674235,0.12444972440048499,-0.9698003530502319,-0.3598086310155464,-3.0014006530537323,-0.25706912080446875,1.6669711470603943
1992-07-01,0.24979370832443237,0.2641618251800537,-0.021880434914713816,-0.49468666935960454,-0.0655033891754491,0.87488928326854,0.7489641281691465,0.21297807494799295,1.2323240146917454,-0.19790596432156032,-2.735663056373596
1992-08-01,0.7900084853172302,0.21109144452592019,-0.24654240835280647,-0.09811622245858113,-0.11390939887080873,-0.28879866003990173,-1.2071048671549016,0.37626572179071827,-0.1430300557438065,-0.31576098667250735,2.0669974386692047
1992-09-01,0.00918033067137003,0.11847415860270111,-0.2253593078681401,-0.17757508903741837,-0.06995666772127151,0.23244097828865048,-1.0641754350878976,-0.06730949336832219,1.2575849890708923,-0.37167853227368103,-0.5641940236091614
1992-10-01,1.0666462182998657,0.1127840452630755,-0.7235815837269738,2.2706786791483564,-0.4085272018398557,0.38524410790867275,0.5184950137680228,-0.1040610625888362,0.7705678834634668,-0.17175964183277553,0.28195763006806374
1992-11-01,1.4477561712265015,-0.05016876253443705,-0.5312381755738032,0.4483541163305442,-0.10543223470449446,0.05778665136959817,0.5394496700980447,0.8819463578137484,-1.6553994487313661,-0.563517654383624,1.2266391515731812
1992-12-01,0.5439293384552002,-0.09465764316034989,-0.40311916243462337,-0.857758770386378,-0.22228344210556572,-1.1039045121934679,-0.9176895699717782,0.9946171984528049,-0.1534059753312784,-0.10277192211813396,2.182619571685791
1993-01-01,-0.47500255703926086,-0.16088738617762713,-0.8137460265840804,1.7559288690487544,-0.10010253504983016,-0.7502969768312242,-0.2304482697085901,0.9209778272744381,-1.285588916610269,0.09741567903094821,2.307313233613968
1993-02-01,0.10952049493789673,-0.24642451128489537,-1.3680754672913324,-0.051707432915767036,-0.2395218770418848,-1.8946654266781275,-2.700046246702021,1.4579042340769912,-1.3101172797820146,0.468015174070994,3.8792678713798523
1993-03-01,0.2755117118358612,-0.07522511230388158,0.17523492376009625,-1.854547237356504,-0.009503286232107451,-0.4425478478272756,-1.424328711899844,-0.1444774256511168,-1.713161082828746,-0.0143634215756147,0.7477489113807678
1993-04-01,1.6223443746566772,-0.37461615784067503,-0.6986517991338458,-0.707784357170264,0.1568095226372991,0.8835731281174554,-0.9218981997533278,0.45351936961665296,-0.5727396730114431,-0.43015725634716173,0.10653006844222546
1993-05-01,1.2692434787750244,-0.15955060510568217,-0.5217666782083966,-1.4937849094470343,0.0021409833737249884,-0.3498070493892387,-0.7451643997972662,0.04665104559425152,-1.2692587340579313,0.11297768602768579,1.8080034852027893
1993-06-01,0.7525852918624878,0.07950881312430745,0.08760009493146624,-1.5953601648410163,-0.14055952695863586,0.17860733248569347,-0.1883267340334979,0.3369228857936281,-2.1052798804114845,-0.19091675402941527,-0.39739321917295456
1993-07-01,0.5769099593162537,0.23314010509302918,-0.17722609142462414,0.22354268779357275,-0.2060613328857081,0.4681869789406105,0.8672821250828829,0.17569483906933756,2.564419718349681,-0.20314929661927397,-1.3000337779521942
1993-08-01,0.0818769782781601,0.27117538200297825,-0.1555084295216061,0.4018188764651617,-0.08715293370187281,0.2827660353095443,0.0025485102510587735,-0.036710159232219056,1.4141457922318401,-0.321511455156185,-0.040032416582107544
1993-09-01,0.18053199350833893,0.15590310516491743,-0.22670243467603413,-0.09762699094911417,-0.27806051075458527,1.103044549624125,0.7627238604155454,0.17114637250250037,0.2821306971942677,-0.11945326847058754,-0.9578888863325119
1993-10-01,0.40030524134635925,0.11148482141360432,-0.8189084274428232,1.5892229974269867,-0.35400792424167904,0.5765923747309931,0.4384831271388314,-0.29979779413252167,0.8144099046202267,-0.23502122472833703,2.410847693681717
1993-11-01,-0.2091865986585617,0.16258458646250443,-0.33120250418072655,0.5914150426785152,-0.5095324345997401,-1.0229293946866636,0.8846954865889116,0.5472838878631592,0.22677693735150728,-0.4096926914321051,2.335851937532425
1993-12-01,1.8991495370864868,-0.1511439471177652,-0.22117209931214651,-0.04449326079338789,0.039801706693002155,0.6665920769726789,1.1973844333128496,-0.04767282216837912,0.19506165648207943,-0.3528581725226508,0.06865900009870529
1994-01-01,1.7786016464233398,-0.2959616797071108,0.624411730539231,-0.9466756756107013,-0.09410065997924122,1.720882455507914,0.7175883108919318,-0.29606121507557953,1.0643440134385052,0.00023380074438776957,-0.5684990435838699
1994-02-01,0.43651458621025085,-0.05535503298463956,-0.001527941952060376,-0.6170674537618955,0.13277778135878698,-0.5338796862849482,-0.8303743871775541,-0.15517571433023972,-1.6806304454803465,0.25392660388240107,0.6784730404615402
1994-03-01,0.14099889993667603,0.027503469355509316,-0.9365516759100415,1.6069187472263973,-0.2838583130921636,-0.9574244419733683,-0.0037657078461382876,0.9825966574928977,1.5194412539987001,-0.04240087130003505,2.0471863448619843
1994-04-01,1.5813536643981934,-0.21318056633774665,0.18123679217838107,-0.8006283392508825,0.08100298499422413,-0.03162641768102292,-0.24854672903364355,-1.0692317377437244,0.7769565371906055,-0.11942345235082838,1.0302918404340744
1994-05-01,1.9661580324172974,-0.3723058902042013,-0.6677890107745216,-0.8348619565367699,0.2698947276387896,1.037765763424061,-2.6175414974039253,-0.4527197191209504,-1.1648830245522892,0.12871268446798678,1.024840772151947
1994-06-01,0.5805164575576782,0.18520697321690305,0.04062802042989504,-1.8639426678419113,-0.13533009748373712,0.5008980079933448,0.559470226818865,0.06416878578337756,-0.963438521413242,-0.12344106755874774,-1.213686689734459
1994-07-01,0.7275447249412537,0.21920309100352545,-0.07288948233638491,-0.5306484798590343,-0.20687037280627657,-0.13916446930832332,0.15287817540493878,1.0563384402881968,0.19314622177797203,-0.1890046453034436,-1.0911135375499725
1994-08-01,0.05222679302096367,0.29626560043281236,-0.08264983161574319,-0.5369377632935842,-0.06256677609469209,0.5656952659289042,-0.19314441491257062,0.48667522090854065,1.1725342449019935,-0.24030625268265052,-1.8559180200099945
1994-09-01,-0.5404430031776428,-0.012890814842892366,-0.33988562368211295,0.8061458667119344,-0.40276287389653065,0.24125526348749796,-0.8014844899827783,-0.18311006327470142,6.325885127572452,-0.3316846986611684,0.129910446703434
1994-10-01,0.2631286382675171,-0.07884921637219443,-0.13741581212906612,0.5847062294681867,-0.4797692809786115,2.545996727766814,2.1968120878393,-0.7718117851199525,1.831322207170374,-0.12793412639035118,-0.03187945345416665
1994-11-01,3.2694056034088135,-0.19757583947248863,-0.04788036679937726,-1.73691896100839,0.052973112490560324,-0.3732228444682227,-2.9286067594181406,0.34834848660411255,-5.02354713047252,0.41001243171868496,1.9362415373325348
1994-12-01,-0.007955661043524742,-0.30332153112115995,-0.3015271964527312,0.21882688937087855,-0.12183396943977899,-1.2390992155781497,-1.2973946603861721,0.2971195136055802,-0.6674438276711632,0.42097957597838503,2.525010406970978
1995-01-01,3.331115961074829,-0.2536256338509036,0.22276451899891808,-1.047420750061671,0.3592960802572114,1.7246387622974535,-0.19669490443034607,-0.44593544620456116,-2.5058534215478336,0.018896669563319948,-1.3697589933872223
1995-02-01,0.7224336862564087,-0.09251554876985685,-0.5077295714900607,0.30966708436608315,-0.05324193875172308,-0.23034323972684365,-0.9460586715828289,0.37168693361860333,-0.029982212821350374,0.19845867322550878,2.254592478275299
1995-03-01,1.537561058998108,-0.37237023803549757,-0.0443694181740284,-1.0417039195696514,-0.07327554880508354,1.7768337770744604,0.6412181664596904,-0.07277890249635234,1.4459285665960873,-0.1649562821344093,-0.38588903844356537
1995-04-01,1.4082155227661133,-0.4090228131119634,-0.2646401524543762,-1.4122686038414638,0.3487108807478632,1.0109544904143721,0.08368567478927699,0.2921040988329685,2.9015835593728454,-0.3972362864900518,-1.3094322383403778
1995-05-01,0.4028679430484772,-0.0169248018466251,-0.6214273827416557,-0.41959617907802266,-0.014130335434206893,1.4513350195354884,-1.6762251203710383,-0.2579358039480267,1.539442644399755,-0.5645480972749215,1.3125847280025482
1995-06-01,1.0459873676300049,0.10432435173383901,-0.42884420780908494,-0.9529076516628265,-0.14121951535344124,0.4987395471996731,-1.3696526939218694,0.38448350899147266,0.9525348158443675,-0.277478027122992,0.8567465841770172
1995-07-01,0.3514830470085144,0.27158537381131886,0.03551911074845564,-0.97796730697155,-0.13581662039671624,0.4327506930739791,0.34905255518176337,0.15802632904413974,1.789299354833715,-0.10825545285586957,-1.6140760481357574
1995-08-01,0.2576051950454712,0.3078264669633248,-0.2175828353280113,0.09516801995535693,-0.03338967050824846,0.6730546002034787,0.4015727476640181,0.3854900598526001,1.3174233191153581,0.010462013866614411,-1.392347514629364
1995-09-01,-0.2959073483943939,0.13914745248539348,-0.34264993099939256,0.35246505091587704,-0.2551876540694918,-0.44752224176018324,-0.3471138802441684,0.08896374792763681,1.8591202357236076,-0.38079715989254137,-0.5635404586791992
1995-10-01,-0.07146862149238586,0.10068314805836745,-0.1692796569494974,-0.5158147774636745,-0.330888240465096,1.2141428611896656,0.6826489486477592,-0.631047198266694,0.2700991490307976,-0.14333977467483944,-0.20713914185762405
1995-11-01,2.4519786834716797,0.00035057182941900596,-0.15771112271717616,-1.4989148825407028,-0.008288077411374875,1.3765917883978949,-0.9415829046206041,-0.35101836829474475,-1.7591385280384735,-0.2952921445722933,0.06010510493069887
1995-12-01,0.9265050888061523,-0.3227406404387783,-0.28730217544805436,0.7324877505501112,0.047887292956667285,-0.2781972289085388,-0.3658515147187493,0.3338057886470448,1.0626027689260593,-0.26467373525654825,2.041192352771759
1996-01-01,0.04356438294053078,-0.1936699093227655,-0.42869108063834055,0.7186736911535263,-0.049066656668271334,0.6058036729141517,0.24577750062400644,-0.1542592816280596,1.6154809909708359,0.1719920171631707,1.6829636693000793
1996-02-01,2.069406270980835,-0.2191411357530406,0.08290576792898632,-0.8211621393760046,0.2160427692745413,-0.04356866702437401,-1.6201898455619812,-0.05845758273746028,-0.13319990214179542,0.11410951890327312,1.1382773518562317
1996-03-01,0.0403471365571022,-0.25026218991884047,-0.7305313433919635,-1.0767656068007152,0.24146874036107743,-1.147505972120497,-2.1369117227467624,1.2025744626016328,1.1550544815904953,-0.11552033463010081,3.4455472230911255
1996-04-01,3.076608657836914,-0.22092940102160818,-0.6558241588728769,-2.4758932491143546,0.48296456890446793,0.043555531926729056,-2.566339752890847,0.006986110979183153,-1.1347342063398922,-0.3974211436730844,1.5065954625606537
1996-05-01,0.7035521268844604,-0.15764847187928752,-0.47076699279603507,-0.04448149120435119,-0.01108089179199721,0.45030061845426206,0.9846075014634565,-0.9313908490267666,-0.44179856777191157,-0.38801980791268526,0.5218714475631714
1996-06-01,1.3444002866744995,0.13220434037732406,0.10015607057582765,-1.5362076461315155,0.1127133412020547,-0.3402089907063378,0.5905065346847881,0.27164753639336786,-0.6493468494976268,-0.317880207741702,-1.241854801774025
1996-07-01,0.16472411155700684,0.24188081143607557,-0.29924139380455017,0.9744191542267799,-0.1493052180324282,-0.3727907107936011,0.2006201073527336,0.26105391708287323,3.079176299712237,-0.10737277291439197,-0.34783270210027695
1996-08-01,-0.22863762080669403,0.3148009029912277,-0.3088577162651789,0.25821949044863385,-0.026571489537933042,-0.9933729966481526,-0.20288313654336063,0.23870271715250882,1.4703080934636732,-0.46708677653913144,-1.2943926453590393
1996-09-01,0.38182738423347473,0.04582868915208629,-0.24952757216635205,-0.5582413946588834,-0.3247874123709542,1.1634874123114125,-0.19549229605631394,0.1222281406323115,-0.25294826311223645,-0.15509917780205054,-0.8401759713888168
1996-10-01,-0.06360603123903275,0.062045554669810016,0.15214275391328902,-1.1153596142927806,-0.19758973004562513,1.5607844900201868,0.9474263949827715,-0.44315696665734955,-0.5019939121078042,-0.3974840872817569,-0.2395021915435791
1996-11-01,1.0810158252716064,-0.094553293056891,-0.7905620194616773,1.983813817302386,-0.3446363710931369,0.9776482979456583,1.2619603763927112,-0.4954040050506592,0.25887132129248447,-0.3653943814613201,2.8561213612556458
1996-12-01,0.8669959902763367,-0.14878338281537445,-0.6582663172767276,1.1603849629561107,-0.42154009320906227,1.14535148496981,2.8741237792101773,0.1233000195387638,1.8573576913160434,-0.4915361051206235,0.3140762448310852
1997-01-01,0.3628757894039154,0.021278640438973064,-0.04753368862328075,0.1853125635534525,-0.23651495575904843,-0.6993151925228259,-0.42833760380744934,-0.02971252031398542,-1.1793311027919544,-0.018463654581595348,2.104068845510483
1997-02-01,-0.07819383591413498,-0.03939779921316765,-0.638978396143232,0.12056140694767237,0.01336761633865535,-1.4417870177163017,-0.7940126413648779,0.401360248074387,-3.2238921698401954,0.11517893936898972,4.364619255065918
1997-03-01,-0.2875068485736847,-0.4067455379056259,-1.086876363981338,-1.2503931919733684,-0.03482893308890717,-1.293884272928591,-2.5577891956676138,0.4965696822513233,0.013171952656086753,0.714601852275707,0.7057706266641617
1997-04-01,1.1508567333221436,-0.14443389126952266,0.005968530396265643,-2.4364454050858817,0.1065005814390523,0.2593118283483717,-2.48906747861342,0.34236388676094287,-2.5951559052747837,0.17984240419334835,-1.7787466943264008
1997-05-01,1.0901275873184204,-0.20569529331905742,-0.614590517112187,-0.6140682846307755,0.188672449439764,1.250534145920365,-1.9706900824200024,-0.8419516411694613,-2.6409697883269363,0.0779844268604561,1.209341138601303
1997-06-01,0.24034935235977173,-0.06854097608109595,0.2414768650418236,-2.064967155456543,-0.20836196573717253,0.7292080808568884,0.3494699231602929,-0.048718025738542725,-0.9213539607384625,-0.03853781079804455,-0.364111065864563
1997-07-01,0.6416200995445251,0.18393265109666637,-0.12506573860134398,-0.9605022147297859,0.008203708733032855,0.37111170865871285,0.3305025060068477,0.5043316971171986,0.14776835108504574,-0.1717883817575596,-1.9225598871707916
1997-08-01,0.014309411868453026,0.06009775253248886,-0.10907040642840522,-0.03859646773586671,-0.05631703617317335,-0.33374539128056274,0.5280197005380284,0.03331253361521345,1.5773871365715475,-0.23824972686944182,-1.9631853699684143
1997-09-01,0.9832907915115356,0.11916045151965719,-0.20604912369024186,-1.4448956896861396,-0.11221698618360927,0.9188903702629937,0.10705867104909637,0.3335561716195309,-0.9648634230389314,-0.3197557396358914,-0.522719994187355
1997-10-01,2.9264631271362305,-0.23022772560656912,0.14326200776156925,-0.5281003192067146,0.31141665365014753,1.9365855941066035,-0.9913320568474856,-1.1320914282943262,-1.2029194656540365,-0.1140624008796833,-1.0096941143274307
1997-11-01,1.3127411603927612,-0.14822347693040339,-0.22058596923237755,-0.027843840265025697,0.026750754165862284,1.4350263056931671,0.43466832827438007,-0.34810837471123895,1.6180760720196892,-0.31762476320619937,1.3676998019218445
1997-12-01,0.8925759196281433,-0.16533441736664573,0.325446469443185,-1.0565528025229773,0.17052654709134782,0.7118324438730875,-0.6899419155987826,0.06049559874968095,-0.31625722699305586,0.12956854921800118,-0.4283544048666954
1998-01-01,0.14471296966075897,-0.12239488497586318,-0.3433355618090857,0.6040981660286586,0.10897708790642874,-0.2793080276913113,-1.0367363014004447,0.2250508377046296,-0.3955955014509313,0.01906723611884647,2.995677888393402
1998-02-01,-1.292600154876709,0.09608540526578124,-0.5909666064239684,-0.15670376208921274,0.19813559151121546,-0.6240788985181738,-0.832538442178206,0.3178185585773352,-0.8969753104097702,0.4048654602633582,1.6236673295497894
1998-03-01,0.3814796209335327,-0.12208944265271576,-0.6097118059794109,-0.9098137418429058,0.05338341330311128,-0.8413560964443065,-1.8566546115008267,0.7758408784866333,-2.722038240993724,0.43917960590786403,2.2737084329128265
1998-04-01,-1.3491383790969849,0.024491480328667332,-0.14516252669550125,-1.0544603069623313,-0.28477925807237625,-0.3694134729879874,1.1858189647847956,0.6894667040218007,-0.10159606223597245,-0.025344855600485095,0.3298918902873993
1998-05-01,-0.021718686446547508,0.006195500781628448,-0.5169151084763663,0.5036576651036739,-0.24514445768935336,0.06693983795466246,-1.0581676255572925,-0.13185460684877454,0.7049482534913455,0.16923128730720943,1.357676088809967
1998-06-01,0.7398718595504761,0.15060002325286329,-0.1869083515235356,-0.09793234057724476,-0.2723123612148421,0.37893843319680953,-0.09268551048907367,-0.06123619210539442,3.3785602625678566,-0.2566960398797635,-1.7387904226779938
1998-07-01,-0.06684710085391998,0.3724360549953622,-0.1699493399688176,0.654855805138747,-0.14365556250725472,0.09249597787857056,-0.5820351568135348,0.06456515667113391,1.9638352534350225,-0.26056738915266814,-0.5166802555322647
1998-08-01,0.8188686370849609,0.5271850337444897,-0.18068498798779078,0.5707917734980583,-0.16558738425374028,-0.2598020765516493,-0.19189176911657507,0.06661194404869368,1.1709135244874393,-0.21560247297640198,0.1597432792186737
1998-09-01,-0.0047212932258844376,0.3144073024602004,-0.28176692624886834,-1.1944999297459922,-0.3826093194740159,-0.08377350038952297,-1.2644263831051914,0.24145525513273297,0.9193813976119546,-0.14775940389544875,-0.05313510075211525
1998-10-01,0.019763775169849396,0.21116334787556823,-0.1810707151889801,0.29685385525226593,-0.6627051425831658,1.5579037092350145,1.5080057761885903,-0.10744009279843532,0.928683578968048,-0.2990000501826957,0.5392830818891525
1998-11-01,0.6425641179084778,-0.04378941277383079,0.25722185770670575,-0.9307690585652988,-0.3270187282136508,2.2359755304124618,1.5944134105335583,-0.2141924292752237,0.05919937701786265,-0.8382688517923708,-1.4737507700920105
1998-12-01,1.8854631185531616,-0.14662058420584237,0.7062247821262905,-1.8223407367865245,-0.3333866064037595,-0.2925269857600883,3.2176353714682837,0.6686758362885677,-2.5027939501930683,-0.5502505434883965,0.19727513194084167
1999-01-01,1.7518446445465088,-0.3242572218599454,0.009286986841332345,-0.7074881965915363,-0.048640536676560125,1.9834057048515037,-0.01241453309458765,-0.5147136973612236,1.3071784201790304,-0.19738765226470098,-0.5588206276297569
1999-02-01,3.650979995727539,-0.5801030028034264,0.1883862628823235,-3.89653022090594,0.7852190307208469,1.8205540047751532,-2.4724990129470825,-0.5022647705945101,-0.4408131627475514,-0.47898662311059453,-2.283896505832672
1999-03-01,-0.5100454092025757,-0.1268820968312277,-0.7394789939834958,1.0080928603808086,-0.30980017036199564,0.17034974363115096,0.6674994799223813,-0.13036433268677103,3.733230338377111,-0.4689621152701201,2.0351821184158325
1999-04-01,-0.26768094301223755,-0.16614969977190797,-1.0282869849886214,-1.028465231259664,-0.15092546652470315,-0.052288126338411255,-0.2374727109616453,0.09617879986763,1.4489125679520998,-0.5131726463635762,1.7061053216457367
1999-05-01,0.8297186493873596,-0.06397519208176036,-0.22573233360335943,-1.2695851425329845,-0.07834509680313723,0.07470882739181871,-1.0919325731017373,0.4137469060493238,-1.5419658492593202,-0.35263540016280276,-0.3190964460372925
1999-06-01,-0.6768752932548523,0.18400428160815172,-0.06383319961882773,-0.8574567114313444,-0.09836138093045779,0.8015384276707966,0.20080532201311804,-0.5050399989792794,-3.710916813682107,-0.40090611135518106,0.6139001622796059
1999-07-01,0.5019100904464722,0.2075663964513322,-0.1003048870535124,0.88670135786136,-0.1376860908099583,-2.0082118334593595,-0.8565198291431774,0.6385376959136038,-1.1543608763638664,-0.27880293351632573,0.887211337685585
1999-08-01,0.08999739587306976,0.2887612287427338,-0.17468136336122242,0.17367120211323103,-0.27909797749349047,-0.2939276121280811,0.31520246782086114,0.47448968345468695,1.7260114936267628,-0.4889845296188637,-1.3039429485797882
1999-09-01,0.2751423418521881,0.2700248654459564,-0.30437534054120385,-1.1000130325555801,-0.32711486731256756,0.09416676367874498,-0.44453164393251593,0.07311153705372954,0.9439189644420848,-0.05905610267762784,-0.5148693546652794
1999-10-01,0.061710942536592484,0.14093168814417342,-0.37408996196020217,0.00837154705853512,-0.3031185695103236,2.1247704823811846,0.1432798294858499,-0.32537204749656445,-0.6513382582103504,0.13834101458390552,-0.40778014808893204
1999-11-01,1.0776647329330444,0.047744626940136224,0.7826803695587885,0.35887394721309346,-0.6603144641433443,-0.7362928655412462,0.5881016227332029,-0.39526228651855927,-0.6287361330845777,-0.6506732216587773,1.0777255147695541
1999-12-01,1.2371304035186768,-0.049450579033771036,0.22301351030667624,0.6538926934202512,-0.10579850391617843,-0.22026930970174294,2.7069121599197388,0.35654550248926337,-1.025016079930698,-0.51441032577444,0.9377723932266235
2000-01-01,0.4912811517715454,-0.04667959267824469,-0.08800896328120004,-1.4219316343466442,0.07102802794958864,-0.06728008113525531,-0.8813480761918154,0.6171249530532144,-1.5898317098617551,0.19693634024372805,0.6943438202142715
2000-02-01,1.4052608013153076,-0.07598956810756469,-0.03463313693091983,-1.4744561165571213,0.14462847528713088,0.5241595484592296,-0.9514933960004286,0.13186503766161023,-3.472696682986091,0.21303283671538034,0.8461110293865204
2000-03-01,2.0423922538757324,-0.11504815078117478,-0.25186776405289063,-0.957613376279672,0.0950436174337353,-0.4607057129895245,-1.2059977108781987,-0.1709050527124694,-2.262414027662838,-0.2565037321161341,0.5000867322087288
2000-04-01,2.4697425365448,-0.21424251542964454,-0.6696932372592744,0.47018534193436307,-0.17449882413659776,0.41110267241795856,-0.5235237154093656,0.5697233207298047,-2.422791894744424,-0.5433373429157116,1.4086827635765076
2000-05-01,1.8939400911331177,-0.21399142036975272,-0.6028977178391957,-2.2810379664103193,0.2506926655769348,-0.355936614451585,-2.5871466506611216,0.7193296696200515,-4.898925739176133,-0.1137141000341486,3.0283284187316895
2000-06-01,0.2956840991973877,0.29851103752431735,-0.14242086382139296,-0.3192249685525894,-0.23177699851138248,0.08532627037277928,-0.1689533618363467,0.2769462086937644,0.17818837043117072,-0.30600177469076933,-1.3996599614620209
2000-07-01,-0.21079693734645844,0.3249574085356484,-0.21504156646274386,1.3113662600517273,-0.1915739583117621,-1.133857391498707,-1.4779693701050498,0.43690200104857935,1.1184003423242008,-0.5416736006736755,0.45773088932037354
2000-08-01,0.07549134641885757,0.3125805460231405,-0.36286601708048866,0.9144686783353488,-0.21406260452100206,0.5946886760217172,0.29891353439201007,0.2066444492701328,3.0633281258975757,-0.1599309621033845,-1.4495933055877686
2000-09-01,-0.06693493574857712,0.27399161751841156,0.004334959833483611,-0.7599612697958946,-0.22012518186654362,0.6843830700273866,1.0103468190539966,-0.1279223823186123,-0.6795359008452471,0.0012521860534670175,-0.841139405965805
2000-10-01,0.8030227422714233,0.0025671888733099046,-0.6950441570509048,-0.03914025922616323,-0.38711279630661005,-0.605473087893592,-0.4327539693225514,0.14854290268637915,-0.47427893561475415,-0.24129571738066496,4.094977676868439
2000-11-01,-0.004741497803479433,-0.028903116012962773,-0.6656062744912647,1.344959189494451,-0.18269417009183336,0.5096753438313801,0.8413436737927523,-0.15528931310682584,0.6607867339078117,-0.3440504272778829,3.513592481613159
2000-12-01,0.7200847864151001,-0.07687913070262319,-0.7205841087159657,0.217852337906758,-0.0023655456191461,0.2739640849607962,0.8900020610202443,0.18759247931567105,1.6400551094728357,-0.22659177581469217,2.029532343149185
2001-01-01,0.6356412172317505,0.10572497693585678,-0.5939556019646781,1.5171566357215247,-0.11163637308137757,0.6277264268309981,1.1174070564183323,0.030205082712751446,2.3537176496842327,-0.13539037770695156,1.1556391417980194
2001-02-01,0.07917443662881851,-0.1994259970288881,-0.2747767205749239,0.12987852872659764,0.16926142520138193,0.3373958998256259,-0.7501038638028231,-0.0021992073126250143,-0.559414441094679,-0.0432283962490382,1.2176462262868881
2001-03-01,2.465134382247925,-0.2716265933614382,-0.4274199761095501,0.6765831882754962,0.04271927755326032,1.459974271279794,-0.4655930128964511,-0.07304093715819446,-0.4455942441435421,-0.19132221738497415,-0.5259105935692787
2001-04-01,2.1727805137634277,-0.09382747008766927,0.3181998218808855,-2.3794181644916534,-0.0478727975860238,0.9351885981029934,-0.09731260890310461,-0.3076929711934292,0.2749815364094341,-0.16262335357842622,-1.6092830896377563
2001-05-01,1.6872758865356445,-0.1979852856045038,-0.5955343445142111,-1.3182575503985088,-0.022113823797553774,0.47951390345891315,-1.1638495055111973,0.715654817494479,-3.211229338365442,-0.0980173686036357,1.8449194729328156
2001-06-01,1.185509204864502,0.2584563174717863,0.006436898616985196,-0.7695002481341362,-0.19684327500207083,0.5190409443996571,0.11143292385068806,0.5376445524620287,-1.8656571121776804,-0.3282045876538312,-0.6838102638721466
2001-07-01,0.379986971616745,0.24522200856410284,-0.17254441266968137,0.12018033303320408,-0.09485334823174135,-1.09326320665854,-0.550830906087702,0.4145480015061118,1.016022527919096,-0.2883138755957285,0.6791128218173981
2001-08-01,0.08418213576078415,0.24435971404465154,-0.130050451982589,0.9941964720686277,-0.17622504383325574,-0.8769168346016495,-0.9538777849890969,0.5273322715903773,0.035856784704853505,-0.25678964124785525,0.4080897942185402
2001-09-01,-1.5252019166946411,0.14443972580869432,-0.22718640310423716,0.23619183339178562,-0.08810565008648803,0.5971275545932628,0.9335992688482458,-0.4096696774164835,0.07055700920960482,-0.19893288888313151,-0.0013876862067263573
2001-10-01,1.0031969547271729,0.08457129899884613,0.010779470072260926,-1.0884923239549003,-0.17671396157571245,-0.3107895177823526,0.9946609085256403,-0.03046113151040944,-4.285246484419878,-0.2836200374144095,1.8806728720664978
2001-11-01,0.8715925812721252,0.18703035065825557,0.20875329417841776,0.007807138414743046,-0.6188545908246721,0.29766140160737214,0.4484242674979297,-0.011575328553039015,0.21914153852883506,-0.4345040630411218,0.037339325062930584
2001-12-01,2.836211919784546,-0.5195114394308816,-0.11962500533887319,-1.5182844052712123,0.5754354276827403,0.5629106804176612,-0.6046484817158092,0.25102631612257525,-1.5656527350930605,-0.4461780190467834,0.7402069866657257
2002-01-01,0.793205201625824,-0.044022385083453755,-0.5702962123212361,-0.5010835515956085,0.006353636854328214,-0.30803214068765994,-2.1014579317786475,0.836227789069667,-0.6780339514507966,0.32858683003319633,1.8587815761566162
2002-02-01,1.6523280143737793,-0.35770069545423483,-0.24062427026884897,-0.7302185520529747,0.04550783695386988,1.4659995282137834,-0.9299668398770419,-0.5176729776642539,0.10130861226250143,0.04151552156717689,0.6197834759950638
2002-03-01,0.9755165576934814,-0.028434894244435807,-0.19865076811540694,-0.20316451167066893,-0.09105874092451163,0.38351849825293927,-0.4811979152939536,0.5299886067708333,-0.16891389866085613,-0.10907585836119121,0.9982521086931229
2002-04-01,0.16435712575912476,-0.14733151650764573,-0.19355308087099166,-1.0209959621230762,-0.13689972194177763,-0.7294107918386106,-1.364347067746249,0.8263971769448483,-2.561123581493602,-0.02848860393795702,0.11952262371778488
2002-05-01,-0.1108514815568924,-0.0015883322831400685,-0.5285308829375676,-0.3875792336960634,-0.15418317967227527,-1.8551665323751942,-1.5940225937149741,1.1036608255270755,-3.495894810732673,0.08385547747214635,3.0800333619117737
2002-06-01,0.11197066307067871,0.1680091338258394,0.0736160735998835,-0.8413005620241165,-0.08601544957075799,-0.4484604078310507,-0.5544596097686074,-0.21234226949287183,-2.5345134384491863,0.055502330953324276,0.059760347940027714
2002-07-01,0.06504946947097778,0.1782931282486714,-0.16957461124374754,0.1704686631759008,-0.07542184154902185,-1.8402599626117282,-0.5600911649790677,0.23396590893918817,0.2559692982365103,-0.18542575891371124,0.0013339045108295977
2002-08-01,0.6733266115188599,0.2756253934242356,-0.2527311444282532,-0.6393750508626302,-0.2024409095091479,-0.42375094360775417,-0.5993348630991849,0.885809190345533,-0.7913346676265491,-0.32307411785478946,-2.482963800430298
2002-09-01,-1.40967857837677,0.11508195123202365,-0.08694572108132499,-0.33410455410679185,-0.36577286997011726,1.0171151823467677,2.428200840950012,0.10037025944753127,0.6180859225637773,-0.2393731916392291,-1.6205066442489624
2002-10-01,1.1073496341705322,0.020545743353350063,-0.4197033388274057,-0.0709978553156058,-0.29850559575217106,2.432357602649265,2.4891083890741523,-0.3339166216778033,0.5326630438075346,-0.3425531917148166,-0.8705168962478638
2002-11-01,2.438889265060425,0.05806791530528539,-0.3974719061737969,1.194292555252711,-0.22685141967875616,1.480934354994032,-0.4436220296404578,-0.5902061859766642,2.3405646576600914,-0.22891272825223427,0.1672772876918316
2002-12-01,-0.4347871243953705,0.09999347614570403,-0.4270040208385104,-0.49503492191433907,-0.033799316068845134,-0.8781232767634921,-0.6170498376542871,0.40216003403519135,0.11007046217427534,0.09344632012976539,1.6348625719547272
2003-01-01,0.8232690095901489,-0.17152744489656369,0.4920937120914459,-0.619392345348994,-0.10191701086504118,0.3447834816243913,0.6554491140625693,0.10921112967259955,1.091077660813051,-0.3673292972423412,-0.4322398453950882
2003-02-01,1.2183270454406738,-0.13825253281794803,-0.03926000513491176,-2.5319394965966544,0.19223556986876894,-0.9103214851132145,-3.4789340062574907,0.8928896802844423,-2.4722150143455055,0.19124422084402154,0.22346202284097672
2003-03-01,0.4850655496120453,-0.31294354670484303,-0.7513906274523054,-1.4588442941506705,0.05264363052057368,-0.6967982760182133,-2.8202671896327627,1.275516188505924,-2.4627412066740146,0.2768765721056196,1.576419323682785
2003-04-01,1.2483197450637817,-0.1794676125889093,0.19003142203603474,-2.232215801874797,0.03273167780467442,0.36637824442651534,-1.3702868060632185,0.4060120293588349,-1.2799430419416988,-0.0780105866767742,0.3771234303712845
2003-05-01,0.07476483285427094,-0.15243676976418832,-0.2262166923000699,-0.24127095627288025,-0.08865887565272194,0.7971259730833548,-0.244503298943693,-0.6449364803054116,-2.868581870022942,0.18959826341381777,2.5439026951789856
2003-06-01,0.9777690172195435,0.07998161542583519,0.20620209120568775,-1.5911867221196494,-0.09147369834993566,0.06988657707417452,0.7667141881856051,0.06263733023043834,-3.529409100027645,-0.08633432013017159,0.43789464980363846
2003-07-01,0.02028307318687439,0.3549912865732757,-0.041011951508976165,-0.5408889924486479,-0.15681932813354899,0.5353457397884792,1.1886862191286953,0.1806151234742367,2.5269515374127556,0.05532583497740604,-1.780627965927124
2003-08-01,-0.26464834809303284,0.234529648868131,-0.17497543068159194,0.4546204892297586,-0.17174343977655682,0.42369100782606334,-0.018207172185859898,0.011170590578606634,1.965193888720344,-0.32121779190169436,-0.9436184912919998
2003-09-01,-0.6086615920066833,0.25417355584426665,-0.2219351629416148,-0.34587594370047253,-0.3666327201894351,0.486040832819762,0.9018362245776437,0.13228855801351141,0.7877923986491034,-0.24558418878802546,-1.4629548788070679
2003-10-01,-0.5110771656036377,0.23617253337107916,-0.1012710499621573,-0.11520343056569497,-0.7768831082752772,3.0763195620642767,3.413213383067738,-0.828034317854679,1.6942835905972649,-0.6963415830223648,-1.1888930201530457
2003-11-01,0.1776871383190155,0.0614896941352898,-0.3286301380112058,1.171716923515002,-0.572939749274935,0.3377028085567333,1.7562891949306836,-0.2767896336136442,1.262712916907142,-0.2341157308331242,1.8035994470119476
2003-12-01,1.6275876760482788,-0.23444783939442165,-0.15878986035074508,-0.6194527571400007,0.14232323904122623,0.6106099596729985,-0.7502722469243136,0.07598361734187964,-1.5056191121830658,-0.002089109168284469,1.342349350452423
2004-01-01,1.7625012397766113,-0.1719449607419296,-0.3512403439907801,-1.7571546137332916,0.07391697727143763,0.3093431117358031,-1.2536745179783215,0.769266305547772,-0.382355074672138,0.1900168756643931,0.10449899360537529
2004-02-01,0.12160921841859818,-0.010599287121858396,-0.7079098196256729,0.25869140711923444,-0.2778439649513789,-1.7627039441355952,0.3682831132953817,1.2392328544096514,-2.556728440172532,0.15972756125308848,2.813149094581604
2004-03-01,1.561369776725769,-0.001989634261584618,-0.013517557332913082,-1.012718180815379,-0.4973495645182473,0.333018214614303,2.087843418121338,0.19692640864487848,1.4181805007597978,-0.5012508895662096,0.6962929666042328
2004-04-01,0.7359076142311096,0.04185358665778603,-0.8957184496380034,-0.1312756600479285,-0.2996775454708508,-1.4305822275303028,-2.223862572149797,0.4562803290107033,-2.057658924775965,0.006605839977661768,2.163805812597275
2004-05-01,-0.013547658920288086,0.18308714661799688,-0.9023319397653853,-0.09627603770544133,-0.24474055639335085,-0.2827456427945031,-0.3197029232978821,0.607960151903557,0.6263742990353528,-0.29036201260707994,-0.3003293089568615
2004-06-01,0.5870387554168701,0.21916476773544097,-0.05149350812037786,-1.5656422823667526,-0.2054822631180286,0.8452462377371611,1.1792201887477527,-0.06218333023064064,-2.740005009314593,-0.03807080426701793,-0.7113014161586761
2004-07-01,0.33445677161216736,0.2927375721259856,-0.20075589418411255,0.3078414437671503,-0.12116625106760433,-0.7227729316110963,-0.6124062971635298,0.49452005010662653,-0.9805077139069052,-0.34495167158268114,-0.025706144515424967
2004-08-01,-0.8419309258460999,0.2943886627613659,-0.26408244101774125,0.2240666188299656,-0.1645345373877457,-0.004915934901132627,0.5756530572067607,0.30716919537746545,0.926005226724288,-0.13648230168554518,-1.2831571698188782
2004-09-01,0.39668452739715576,0.3121656851029732,-0.37011213245845975,0.827142596244812,-0.33676797258002417,1.0636380425205936,0.32253380526195874,0.14401313030358517,3.248616527108585,-0.23821286029285854,-2.5235265493392944
2004-10-01,2.217918634414673,0.09344030224101645,0.128478565741153,-0.10610636478910844,-0.23681606565202984,1.369904147254096,0.5955972454764626,-1.2864744121378118,-0.8877926013048957,-0.14959747592608133,-0.08429070003330708
2004-11-01,0.3984116017818451,0.02166614933332927,-0.3561305148260934,-0.07994290596495073,-0.2581841977579253,-0.5032008996716252,0.9580127894878387,1.0372858155857432,-1.0513169800533968,0.07653740683087595,1.1403238773345947
2004-12-01,-1.1576552391052246,0.18953422845249446,-0.5060605704784393,1.0405544191598892,-0.5390121468475886,-1.2863764056452998,1.1008302596482364,0.5630603342345266,3.478911343742819,-0.26735737919807434,2.5005024671554565
2005-01-01,1.2069292068481445,-0.2675137049715284,0.2009921308074679,-1.321417217453321,0.24386529943772722,1.0640872849358451,-0.8024370805783705,0.0564123306310538,-0.5452516762649311,0.0753025765772219,0.9817133843898773
2005-02-01,0.33616578578948975,-0.10688515826010368,0.6170840490432012,-1.3741037497917812,0.019903184979089668,0.40711892975701225,-0.7074504413387992,-0.266631105632493,1.9606469308628753,-0.2516092801535571,-0.6364578008651733
2005-03-01,1.2225868701934814,-0.16577823061338615,-0.34696278827530996,-1.9855863104263942,0.3814287217600005,0.30159067224573205,-2.107936279340224,0.8492209694602272,-1.4581886284491594,-0.17066313712685197,-1.3876475393772125
2005-04-01,0.8197466135025024,-0.15127304154382626,-0.09131809430462974,-0.12890860283126435,0.0778679403343371,1.0466222409848813,0.3844979134472934,0.21690328915913898,-1.9131805966882143,-0.17433875688800105,-0.525793693959713
2005-05-01,-0.16176137328147888,-0.1450090655978297,-0.8254453539848328,0.21778026906152567,0.17296920663544108,0.4283504353629218,-1.2148193337700584,-0.3305255915179397,0.026700089630835196,-0.1617589896475827,1.1096842586994171
2005-06-01,0.45415693521499634,0.03532120354578529,-0.0737959873818216,-1.5468874325354895,-0.19336710018771033,1.4925827582677205,0.4219279031861912,-0.12258426709608597,-1.8866183126673977,-0.07138839336457076,-1.6988110542297363
2005-07-01,-0.16998301446437836,0.35311714024610924,-0.1573099089520318,0.0681804803510507,-0.17838914479528153,-0.3675170794681266,0.4553143951025876,0.37546394900842145,0.6219220512053545,-0.19510442184077367,-0.9909459948539734
2005-08-01,-0.7247428297996521,0.2519498198804721,-0.3745495563461667,1.2947384268045425,-0.22704327212912695,-0.6672022519288239,0.1247187229720029,0.21783894661701086,0.9556990335969363,-0.3383787969748179,0.6461604684591293
2005-09-01,-0.6079433560371399,0.3694501980929308,-0.17733850649424962,-1.2998420745134354,-0.41016215192420136,0.6807685450271324,-0.02772661814974113,0.2956108839222879,-0.26617104954579296,-0.3683315659010852,-0.7665060460567474
2005-10-01,0.6622726321220398,0.21827823259461096,0.12302159198692868,-1.0748075942198436,-0.24524219334125516,1.2560516595840454,0.12769745662808418,-0.7148091088641774,-2.2474823629154876,-0.1334693282842636,0.6187811121344566
2005-11-01,1.5963929891586304,0.10604449141193444,0.42279018532662166,0.05826334236189723,-0.4958104342222213,1.57597870738418,1.7591080882332542,-0.78831414381663,0.32935804303954624,-0.6459853715366787,-0.23475736379623413
2005-12-01,2.6355390548706055,-0.11009562393309365,0.7015783871923175,-1.2019645422697067,-0.5296093544789723,3.1874738357685226,2.556151964447715,-0.9882920619213219,-0.09991344721878276,-0.7640750871764288,-0.8666896820068359
2006-01-01,-0.059665750712156296,-0.31488078161024713,-0.2675263122433708,-0.9714494148890178,0.34219236778361456,0.27389266976603754,-0.5057185549627651,-0.22564634229197644,3.1999240903293384,-0.4225548218797754,0.6744787842035294
2006-02-01,-0.08139373362064362,-0.31747918733408753,-0.4458430267515637,-1.4247309416532516,0.00334525726170146,-0.13243475997889484,0.05085698582909324,1.5053157553528294,0.8105712778428021,-0.20167230180016268,0.9657769650220871
2006-03-01,2.5156259536743164,-0.28004681980106194,-0.24330843062627885,-1.2840259820222855,0.10421882782663616,1.7043080594804552,-1.079002158208327,0.006402942182665521,-0.22809360833729014,-0.06073987870304672,-1.7136876285076141
2006-04-01,1.460996150970459,-0.22842642706884467,-0.6791898892039344,0.25649292704959714,-0.1517066732048988,0.217132035780836,-0.5599318918856707,0.05333963217157306,-0.837589888011708,-0.15783511378146983,1.2210744619369507
2006-05-01,1.6027708053588867,-0.16854251144637525,-0.18277870757239206,-3.0638883511225385,-0.11657159775495528,0.44840118951267666,-0.17771448262713171,0.2132949052434979,-0.45014795135049257,-0.28231795187349673,2.1082980930805206
2006-06-01,-0.740835964679718,0.2503736967771826,-0.012942684060406117,0.11509453567365806,-0.5245817026921681,1.4872432858855635,2.078011767430739,-0.1921924226211779,2.160723945673774,-0.06604579587777455,-2.7195489406585693
2006-07-01,-0.19758199155330658,0.22505458811639062,-0.09652915455046154,-0.40120237196485203,-0.015346092238490068,-0.29831669396824306,0.7298949089917269,0.5842826583168723,-0.16200127189650254,-0.41154650626359157,-0.30814141035079956
2006-08-01,-0.3929574191570282,0.208432846505877,-0.2399117641505741,0.032930545664081975,-0.09326763185007231,-0.26680876811345416,-1.0179244659163735,0.3186012985128345,2.276646564988529,-0.4157048408631925,0.42611993849277496
2006-09-01,0.02250419370830059,0.22264517528910033,-0.174582696386746,-0.11764790397137403,-0.1997573035103934,0.1954006514063588,-0.7572636685588143,0.06969611753116954,0.9275122600443222,-0.07379815258361674,-0.4677875339984894
2006-10-01,2.4341259002685547,-0.23537383113108892,-0.2713845776660102,-0.8032766481240591,0.013822914167706455,0.5496600711787188,-0.8640692992643877,-0.39597153663635254,-2.2100760656244614,-0.01610314508003217,1.4295229315757751
2006-11-01,1.3512502908706665,-0.07504883261633591,-0.1496589964344388,-0.42811759437123936,0.16255648806691167,-0.22519753762969263,-1.6639034856449475,-0.2515341973665989,-1.1052606736912447,0.1179818891816669,1.8350604176521301
2006-12-01,-1.6312772035598755,0.13829057275409432,-0.40708542579696294,1.020320070286592,-0.18124133348464963,-0.6922885775566101,0.43663016774437646,0.12870279676986462,3.373992092469159,0.023006747856184288,2.6011577248573303
2007-01-01,-1.3108748197555542,-0.07796993243022704,-0.3771418616885231,1.0623734444379807,-0.14927930065563746,0.15010752335742666,1.6298937526616184,0.285775237011187,1.087008066037122,-0.0897775990543542,1.1453981697559357
2007-02-01,-0.3561708331108093,0.1566778815967936,-0.34388509534654166,-1.2340079993009567,0.1678693906537124,-0.7785249639440466,-2.5658111680637705,0.3429299728436903,-1.9833957447725183,0.4709103041225009,0.26632605120539665
2007-03-01,0.7032187581062317,-0.18083421697079297,-0.028973456383461046,-1.238457982738813,-0.1606531175119536,-0.01150758126405654,-0.6611423058943315,-0.12024302374232898,0.9058455333990209,-0.18799139393700492,-0.02337296260520816
2007-04-01,1.6492239236831665,-0.10209141272894094,-0.7487945613406953,-2.180401732524236,-0.1292444233383451,0.48291329984311704,-1.580008864402771,1.493062846588366,-2.5967967860838943,-0.3159887536808296,0.06889386102557182
2007-05-01,0.25496506690979004,-0.06883404099605453,-0.28237634826274144,-0.7983360439538956,-0.320800526865891,1.380537505503054,-0.666492838751186,-0.339026026653521,-0.8449243272052092,-0.09702607575390074,1.2875224649906158
2007-06-01,0.288779079914093,0.09674796126258206,-0.0884596524494035,-1.5481606125831604,-0.11690775198595864,-0.762967323815381,1.0212617164308375,0.6232993169264359,-0.11675818001522736,-0.03198891947114909,0.015066486084833741
2007-07-01,0.2974056899547577,0.35191413382409326,-0.05502993507044656,0.021920364815741777,-0.23974031209945676,-0.13589625833211122,0.09402951902963898,0.3019047054377469,0.5873734898426953,-0.216071390443378,-0.06191969383507967
2007-08-01,-0.5305746793746948,0.2505170417503572,-0.2266742643855867,0.7866478214661281,-0.2823757007718086,-1.2318217092090182,-1.7063333229585127,0.5102195974552269,1.7208993434906004,-0.12204075853029886,-0.16397330909967422
2007-09-01,-0.5989890098571777,0.25159248583753346,-0.08828802300351007,-0.6509243821104368,-0.328831427863666,0.8274991203237463,1.4501968568021602,0.4266007380052046,1.31752271862591,-0.1778963263388033,-0.9699421375989914
2007-10-01,-1.2349148988723755,0.06317749724421703,-0.4373206269173395,1.4117264499266944,-0.729240636740412,1.664412021636963,0.46975409442728217,-0.3224595026536421,2.7958568404702575,-0.22159485077416455,-0.04743044264614582
2007-11-01,1.703269362449646,0.0006557829205838727,0.02009247961853232,-0.3331932860116164,-0.16480015058602604,-0.27398800960293523,-0.2855785529721867,0.0455010597678748,-1.3811238548334905,-0.32288390729162425,0.2028602734208107
2007-12-01,0.8597234487533569,-0.10027577969389903,0.3200441598892212,-1.2017904470364253,-0.047317074079598696,1.0446996600539595,-0.011339163492349062,-0.38126833511121344,2.5526279912275425,-0.444741823055126,-0.9363102912902832
2008-01-01,0.2167183756828308,-0.26641792394745517,-0.157210301785242,-0.7835999131202698,0.18127007143838064,-0.12207261666103644,-2.3490903052416714,-0.45191641106750025,-0.6266642581014071,0.30042471157179934,2.155339866876602
2008-02-01,0.002073663519695401,-0.12323491170372762,-0.5066097137473878,-0.6668894862135252,-0.04012957547924348,-0.6656472329740171,-0.032125667414881966,0.8433206514878706,-1.6124851563397575,0.05356672530372937,2.587767243385315
2008-03-01,0.8999184370040894,0.09612490383672043,0.4231296479701996,-1.8119304130474727,-0.25611024882112227,0.9483527254175256,1.3437822461128235,0.5369268131978584,-0.7534765145357917,-0.29004925379046687,-1.4923954010009766
2008-04-01,1.4936317205429077,-0.28520952647840475,-0.23642569070770628,-1.0164200638731322,0.0060464055942637575,0.7231653840453536,0.44305402446876874,-0.12252150159893613,1.2882477220366981,-0.38409252409581784,-1.2068385630846024
2008-05-01,1.6837992668151855,-0.0990457727875508,-0.5359505258855366,-2.095692853132884,-0.06737698401723588,2.142985882582488,-1.9626320763067766,-1.0976778738426438,-3.654084486119887,-0.02034355161918534,-0.6974243372678757
2008-06-01,1.3536044359207153,0.19303986304242848,-0.03880001161070097,-2.003335952758789,-0.2706429255860192,0.5040133440936053,0.042635740034959534,0.6452525203878229,-2.177143798154943,-0.2018457899490992,-0.4005637764930725
2008-07-01,-0.3742170035839081,0.2457063802531068,-0.11645740873756863,-0.08064767656226954,-0.1862320117652416,-0.036195858761116306,-0.1848979260433804,0.6332357724507649,1.7632470411412855,-0.16692680893120942,-0.6477023661136627
2008-08-01,0.5453085899353027,0.2430047157784583,-0.27371370011851903,0.9770320107539495,-0.21291126364043778,0.2750692268212636,-0.8655124089934609,0.1156923332900712,2.936361467137056,-0.18427427168245666,-0.3106728009879589
2008-09-01,-1.8434902429580688,0.3023038447742731,-0.039506876575095315,-0.7511258125305176,-0.49019088702542435,1.184210733131126,0.7549990984526548,-0.2327564087781039,-0.2443863626788644,-0.1542262457035206,-0.8764441311359406
2008-10-01,1.8704771995544434,-0.048620285282672294,-0.16326817373434704,-0.030176240640381973,-0.17741734960249492,0.6279912811738473,-0.277407822961157,-0.5975349834471038,-2.66514192609226,0.12465904432314413,2.39500492811203
2008-11-01,0.3711419999599457,-0.013676638596914184,-0.335504575854256,0.5521549532810848,-0.4749920751367296,-0.38049930223712214,1.114604418927973,0.6723146998521053,3.231366942910587,-0.6841534265765437,1.4877422153949738
2008-12-01,0.7450236082077026,-0.006552013686635125,-0.06683010696655228,-0.17430710916717848,-0.49506234271185734,0.521712667412228,1.7892823977903887,0.00697928833577669,2.256658497978659,-0.45592909057935077,-0.9245404601097107
2009-01-01,-0.18551798164844513,-0.17652719373434364,0.024286706355356034,-0.5599217489361763,-0.12157397078616278,1.104093039477313,2.09111286835237,-0.2466935325752605,4.491104448542875,-0.4049712585078345,-1.3169082999229431
2009-02-01,1.4239314794540405,-0.3858248532657892,0.19296132737681979,-1.1732522398233414,0.18687141793114798,0.5514676372210184,-0.7300059226426211,-0.7017376747998324,0.4271294264232411,-0.31176882761496083,-0.0411052955314517
2009-03-01,2.0767908096313477,-0.3561667993035115,-0.3695801255248842,-1.6769209255774817,0.11956832770790371,0.03497690928203088,-2.627666700970043,0.19296608639485907,-0.3629548584713655,0.08337973720497555,-0.7625006139278412
2009-04-01,-1.2516084909439087,-0.07333186730532579,-0.5538480977217357,-1.5434343367815018,-0.07654654660395213,0.03334494583584644,-0.6638263436880979,-0.11076208091143405,-0.9620370233760159,-0.2794664215158533,-0.12781704775989056
2009-05-01,1.0092707872390747,-0.4150544673624173,-0.24045475182079135,-2.619797984759013,0.48824431640761234,0.6586239845664412,-0.35021931610324164,-0.45297511599280615,-5.026246870265287,-0.30201681786113316,1.0111933946609497
2009-06-01,-0.5123628973960876,-0.05517515393210129,-0.34962271650632226,-0.6719125434756279,-0.3811473292963845,1.0803737022258617,-0.6011200899427588,-0.31311430714347144,3.6424152991350955,-0.2688049718185707,-0.3830745071172714
2009-07-01,-1.0233490467071533,0.30090559116551574,0.13954232313803264,-0.03152438439428806,-0.3145640982048852,0.5169870676817717,0.6896375255151228,-0.10476550369551688,-1.5239678761538336,-0.17751106233508498,-0.4218132793903351
2009-08-01,-0.6238353252410889,0.1984272834280847,-0.128449508476825,-0.5818618461489677,-0.04444095372621502,0.5094102135411015,0.6257080219008706,0.18445046787912195,-1.2886697755140415,-0.1311896299874341,-0.5483933538198471
2009-09-01,-1.170953392982483,0.293211387076848,-0.24243797219934918,-1.0436623046795528,-0.3812125218766076,-0.2766789385566005,-1.0390382598746906,-0.1802601258863102,-0.23845186566605286,-0.07466362720286404,0.6022641807794571
2009-10-01,0.648613452911377,-0.04446142366234686,0.299572270540964,-0.3586113142470519,-0.24365726858377454,2.866031063927544,1.236119189045646,-1.078513716206406,0.7132297491326051,-0.5556530422634548,-0.28605256229639053
2009-11-01,1.1983487606048584,-0.05500042732332794,-0.838958862281981,0.46951575204730034,-0.38215137485946926,0.9351502965997766,1.2248684059489856,-0.09576979685913432,3.0557804247912235,-0.06478339847591187,1.734696626663208
2009-12-01,1.0478378534317017,0.025476754026513705,-0.3703540989330837,0.38705579936504364,-0.10125017724931239,0.706154273615943,1.584685119715604,0.2102394898732503,1.3313304852036867,-0.28813067409727305,0.5743294209241867
2010-01-01,2.109940767288208,-0.3873314656002421,-0.12703145011549904,-1.342577487230301,0.15020893354501041,1.2599402003818088,1.2401221828027205,0.0014963942565814111,0.8172910003101124,-0.08123681915027123,-1.5224677324295044
2010-02-01,1.0312331914901733,-0.14331184432540142,0.42451151779719765,-0.474301011612018,-0.23296358329909186,0.289874220335925,0.44416107914664527,0.2923538964806181,1.5652989639955408,-0.3685368431939019,0.5822350457310677
2010-03-01,0.5326566100120544,-0.016015204010714948,-0.01748290378600359,-0.6458017354210218,0.07825455229197228,0.21759771086551524,0.4158420657569712,1.2335911844715928,-0.6928138434886932,-0.44502693193930165,0.257249902933836
2010-04-01,1.3238557577133179,-0.13656095719673264,-0.7440574821971712,-0.821974997719129,0.11579439576183045,0.889705342275125,-0.2068315717307004,0.20814831509734644,0.8771784165326286,-0.543509147785328,-0.6752017885446548
2010-05-01,1.1839519739151,-0.15265732793740824,-0.802518782161531,-0.42975420753161114,-0.09759113059512206,0.4600640524316717,0.30967566100033844,-0.14774818537813245,-1.4949267401414759,0.0011976685426715347,-0.13327725231647491
2010-06-01,-0.5317481160163879,0.1578839207199258,-0.05691121554090863,-0.1590207995225986,-0.364664542887892,0.5322516516402915,1.485762271014127,-0.00999620903960683,-2.364910525434157,-0.023944791475379906,-0.6202694028615952
2010-07-01,-0.7493225336074829,0.28908722837206347,-0.07075046943057152,1.1227499693632126,-0.3215996016349111,-1.331940624448988,0.1761963590979576,0.2622397334286661,0.9432469220722423,-0.26263500805254336,0.5343633517622948
2010-08-01,0.3072209060192108,0.28109823314236926,-0.25283218849272954,-0.16243234276771545,-0.23711201335702622,-0.12838981217808193,-2.3224876685576006,0.46219622546976263,0.12316215125953449,-0.2970588152055387,1.7261902987957
2010-09-01,-0.5888086557388306,0.3301527298672099,-0.25597117131664643,1.4726638793945312,-0.3609267462577138,-0.6174811610469111,-0.5536984990943562,0.29745648304621375,2.5214849149479583,-0.27214884757995605,-0.6204647570848465
2010-10-01,0.795694887638092,0.15847226473647105,-0.4551667897474198,0.7206779594222705,-0.4718175423996789,1.7483122922756054,1.2989500706846064,-0.29646508169896674,-0.33870966118924756,-0.3496981605335518,-1.2706086039543152
2010-11-01,-0.17178218066692352,0.18168412883516769,-0.9592151358014062,2.538595348596573,-0.8235659450292586,1.0922895537482367,3.8675896146080713,0.4612283273176713,3.7255830624524284,-0.5029028764477482,1.2249165028333664
2010-12-01,1.9850525856018066,-0.044796767998749105,-0.6422392669178191,1.6482589145501456,-0.5671233470950807,2.51285919436702,2.4132211099971426,-0.17982318320057608,2.2440678933087517,-0.3746561982013561,-0.5329788476228714
2011-01-01,1.5969913005828857,-0.13244438549162638,-0.7266413597833543,1.1113298436005912,-0.13095471741897718,0.4790930284394158,-0.009761898863044653,-0.1265737594980182,-0.3467981429661021,-0.2489910081580833,2.7774229645729065
2011-02-01,1.5490390062332153,-0.12874756480606508,0.18824550012747449,-2.0187698304653168,0.032528486501957686,0.1510194468277472,-1.563115417957306,-0.7180948149074208,0.0914514941327712,-0.09912600809777224,-1.442863792181015
2011-03-01,1.4758292436599731,-0.08459001989431784,-0.8042165211268834,0.4761176183819771,-0.16510945611766406,-0.655827588505215,-1.1248851364309138,0.49727699070265796,-0.3439876963110531,-0.2043326695760091,2.701781392097473
2011-04-01,2.792302370071411,-0.43194084100320307,-0.6031416001774016,-1.8945341308911643,0.1184774695762566,1.0770193956516407,-2.06728997555646,0.30676887342424103,-2.6949193547753727,-0.1764089145042278,-0.002242241316707805
2011-05-01,0.9763643145561218,-0.21048857712409866,-0.4158069690068563,-1.9159282247225444,0.1637467449264867,1.4735552999708386,-0.10343761267987164,-0.3530691518928065,-2.390411145546857,-0.20931014032275588,0.06660685874521732
2011-06-01,0.4000319242477417,0.13954915421109804,-0.07704806824525198,-1.155958945552508,0.007188750065064855,0.12304531755270781,0.1436074349013242,-0.07343358840003157,-3.0135887510636272,0.038830115011444795,0.5423862859606743
2011-07-01,0.20126383006572723,0.21938303826560437,-0.26531430582205456,0.48768691097696626,-0.32443337674651823,-0.339237407401756,-0.5539528348229148,0.46343342824415723,2.3511237957898308,-0.11483796492770865,1.1285585165023804
2011-08-01,0.12706349790096283,0.4059117864555037,-0.19597308266730537,0.1436149701476097,-0.1349286309310368,-0.8247313124162179,-0.24871910837563602,0.7280315865169872,0.9296595173723556,-0.3149090817681065,-1.0049881041049957
2011-09-01,0.2138194441795349,0.14925553974970965,-0.06701385691052392,-1.161018138130506,-0.3076308273843356,1.211135917239719,0.24168664081530136,-0.015586284412579102,-0.25231005514369287,-0.16772760837166398,-0.6608058512210846
2011-10-01,0.495169997215271,0.054901644167765766,0.3135121294430324,-0.8942748109499614,-0.17123642776693615,0.25080185797479415,0.3540132533420216,-0.158583429275137,-0.4992606447023504,-0.03082123757512481,-0.771201103925705
2011-11-01,-1.2975959777832031,0.2272570636910452,-1.0799402991930644,0.756275902191798,-0.33841447106429506,-3.186771163234004,-1.7038994214751504,0.9061735687833843,0.5589920808287228,-0.005188362276250565,5.05131721496582
2011-12-01,0.3480226397514343,-0.02346567966988389,-0.07160486032565436,0.05331870246057709,-0.300695640700204,0.2519657214482625,1.4181028712879529,-0.11602584837060985,1.5335374018725225,-0.2640924795910164,1.6781245172023773
2012-01-01,1.0555460453033447,-0.29729424228130935,-0.3362076623099191,-1.0356435552239418,0.029422429257205552,1.7224405650739316,-0.8605236356908624,-0.09951551981044537,-0.8840747615870307,0.05417981150525587,-0.0991413276642561
2012-02-01,0.45386192202568054,-0.21261984193828745,0.5441802598181226,-1.4019458244244258,0.049961368287248266,0.4481790518319165,-0.6283611059188843,-0.49115500666878437,-0.03967521821751314,-0.08291931202014287,-1.2331201881170273
2012-03-01,0.5404447913169861,-0.33419459638461263,-0.6597031440053668,-0.738259901603063,-0.04819257384432213,-0.8891458312670389,-1.7536117271943525,0.6156977378960812,-2.3769390933653884,0.34236513354160164,1.304270327091217
2012-04-01,0.9050934910774231,-0.2258028782589335,0.10636188089847565,-0.1971635346611341,-0.21689071186951225,1.6362532421394629,0.12089944529262456,0.6608183185259501,1.4826846473357256,-0.604459974500868,-1.2215543538331985
2012-05-01,1.3904285430908203,-0.2740333617573053,-0.3052746610982078,-1.1378007630507152,0.05486888944038323,1.5649022879423917,-0.6405188956043937,-1.2543170741110137,-1.1667958953801323,-0.16510683905195306,0.44721871614456177
2012-06-01,0.17506451904773712,-0.033144582010490795,-0.05679719061368988,-0.027763893983016413,-0.33998138138226097,0.5779256975209272,1.0037837380712682,0.10707115359378583,1.4482409638517042,-0.22005954826319657,-2.3197411000728607
2012-07-01,-0.5307908654212952,0.31043056031348004,-0.22760278412273952,0.41725964595874154,-0.18046014010906217,-0.21708880861600238,-0.4585239697586406,0.25349789948174445,1.980035620577195,-0.18586523278995795,-0.1209048181772232
2012-08-01,0.043019458651542664,0.16234321913249056,-0.22328297297159833,0.40396740660071373,-0.09613148202853543,-0.297232413733447,-0.8219406686045907,0.2659041095863689,2.5497021044001857,-0.2559193582446487,-1.0958074033260345
2012-09-01,1.1727948188781738,0.11218667659961003,-0.12589600824174427,0.019494667261218034,-0.4366860591939517,0.686214753875026,0.1656372777440331,0.04459895814458529,1.5183545210782219,-0.08409941499983822,-0.11175732128322124
2012-10-01,1.463085412979126,-0.008135791999143615,0.1774539372750691,-0.16360610413054627,-0.3748262034995215,2.553606254083139,1.4417067170143127,-1.8125131274714614,1.0597977568121517,-0.04117764118644926,0.14797446317970753
2012-11-01,1.4932037591934204,0.16347371356588014,-0.37226645009858267,1.3697665184736252,-0.38685434098754606,1.3464722368452282,2.0328818397088484,-0.20410775235204984,0.647215501350515,-0.42805332276556224,2.4149633944034576
2012-12-01,0.7484596967697144,0.06471703379926548,-0.004739946286593165,-0.28289078424374264,-0.09329704833882195,0.9384020611091896,1.6817292029207402,0.26859345309662097,1.4118255061261793,-0.3433425945264322,0.16514291986823082
2013-01-01,1.7967925071716309,-0.2571360745900114,0.04531511859524818,-1.6997162252664566,0.047570972570351186,0.158741256153142,-0.5647869272665544,0.007673259118966984,-1.0136874283061308,-0.036960174502046014,-0.061579952016472816
2013-02-01,3.2809102535247803,-0.28874248685971116,0.5833084384600322,-2.1676748991012573,0.20389542249696593,2.2742801242404513,-1.1163179170001636,-1.721369136463512,1.5125960111618042,-0.22920912338627708,-2.430868148803711
2013-03-01,0.36787280440330505,-0.12429562253011785,0.19270829146816618,-0.9262592842181524,-0.15203328803181645,-0.09363518544921168,0.19943891939791766,0.006144013340500268,-1.053196980672724,-0.29155319487607034,-0.8842375129461288
2013-04-01,1.0278780460357666,-0.2651898374020214,-0.29273274398985366,-0.505367387086153,-0.12687109410762787,0.21176042932051198,-1.532382450320504,0.6308558763879718,0.5031381021527682,-0.06543114367458555,0.5134731531143188
2013-05-01,-0.7085264921188354,0.0447496299592542,-1.3254879485993158,2.2157264252503714,-0.20432219441447938,-0.49548204298372617,-1.2463390827178955,0.34251971678300336,0.3885138122474446,-0.012571621617233311,2.4436944723129272
2013-06-01,0.19998492300510406,0.19819283149611783,-0.21896614205269588,-0.9903155888120334,-0.21454513605151856,-0.021651749395661883,0.1112665981054306,0.3611557185649872,-1.2242305804701412,-0.28627338232817473,-0.5081148073077202
2013-07-01,-0.6772042512893677,0.32449971202393657,-0.07274478585237548,-0.13674370323618254,-0.18716328112142425,0.32841014089407744,0.7261526178229939,0.41490450049891614,1.4519842231974882,-0.30150189995765686,-1.2716731429100037
2013-08-01,0.3048332631587982,0.2644349991435736,-0.11003388180619195,0.333053773889939,-0.0994321291467973,-1.0384461394062747,-1.0277275334705005,0.3744152910781629,0.08256191606907283,-0.34186555831520643,-0.8956839889287949
2013-09-01,0.2776322364807129,0.24323438254880234,-0.22385547913256146,-0.909687081972758,-0.22057051371250833,1.2696414082138625,0.3696287220174616,-0.010093758729371157,-0.04259568693883278,-0.14629609606884142,-1.7284581065177917
2013-10-01,1.158716082572937,0.23360325836799514,-0.31655530134836835,-1.2736371407906215,-0.2500453165599278,0.10382755211106053,-0.9728300977836956,0.3866889711582299,-1.7175187082851633,-0.1936712198787265,1.850685477256775
2013-11-01,1.490811824798584,-0.023689378105418785,0.22375115326472692,-0.623064674437046,-0.3591338704739298,1.6834557056427002,2.3287632248618384,-0.6678629553679264,2.02467003289391,-0.5275240098988568,0.32534170895814896
2013-12-01,0.2099391222000122,-0.024154139551478375,-0.05625896599321138,-0.03271076905851563,-0.25171020201274324,-0.6041886629881682,0.8849660781296816,0.16641915973388788,-0.4324576872236588,-0.03858401819511696,2.2550909221172333
2014-01-01,1.5079604387283325,-0.244506878752104,-0.12989606530893416,-0.5621600275238355,0.08545352279075553,1.625990867614746,0.9060936217958276,-0.6034337661483071,1.1135932277230656,9.066959002531667e-06,-0.21968375891447067
2014-02-01,0.2676408290863037,-0.19144218572428529,0.13177697325036639,0.04229631352548798,0.059588566156370294,1.7871701055102878,0.8412241258404471,-0.7308232061790697,3.111680465586045,-0.157110255073618,0.14215268194675446
2014-03-01,0.490972101688385,-0.2243764383692137,-0.1376187251437278,-1.112033799290657,0.3069836380226271,-0.07196362647745344,-1.1114288460124622,0.05314354079239296,-0.06421542562106076,0.10314499614415344,-0.2713416703045368
2014-04-01,1.4533543586730957,-0.2411957987597291,-0.33204488101459684,-0.9977477292219799,-0.02353807212784886,-0.08972478961503064,-1.2425004081292585,0.042572950549197915,-1.9709331147810991,-0.14273015161355335,0.8294839411973953
2014-05-01,0.7465009689331055,0.012525338941896466,-0.17067312839485352,-1.4783413459857306,-0.23410559764930178,2.695059334790265,1.0300588878718289,-1.1088215943538782,3.329266870723051,-0.33795841866069365,-1.0973239690065384
2014-06-01,0.06528500467538834,0.020131037216371214,-0.250833375113351,-1.206714784105619,-0.07557109264390809,1.1893466666892722,0.7913995872844349,-0.15953556832038995,-1.5536033055361578,-0.19453515609105426,-0.01803285558708012
2014-07-01,-0.1880026012659073,0.34235239448681687,-0.2450117220481237,-0.25288481265306473,-0.35525001585483545,-0.3112094545805896,0.8076747032729062,0.45423462535395764,0.14907840420218074,-0.30273756495228515,-0.11167263612151146
2014-08-01,0.13356031477451324,0.3064485502914644,-0.32861505945523584,1.1398868014415107,-0.11061434634029864,0.2802185990192272,0.020810390229929577,0.07141297400900812,3.3386083210215847,-0.37779907385508216,-1.4114463329315186
2014-09-01,-0.16735118627548218,0.17093856569746851,-0.12084375179949261,0.02283193365049859,-0.21507862423147472,0.3701729079087575,0.16696314242753116,-0.2377001850894003,-0.9162093786632313,-0.11348230419335541,0.11803695000708103
2014-10-01,0.4036797881126404,0.10834942821045997,0.2893714322930291,-1.439793904622396,-0.30286604804652073,0.37598717543813914,-0.2821905707771128,-0.508058974237153,-0.8094361599753884,0.058987074428134494,0.964752659201622
2014-11-01,-0.12216533720493317,0.1845913034089854,-0.7443433716183617,1.2732083598772685,-0.5590852882180894,0.08738952930326814,1.6746823083270679,0.17906008570483237,3.11325052205254,-0.41643152082407914,1.5473245084285736
2014-12-01,1.651479959487915,0.027064934477839673,0.09005333163908551,0.20460067316889763,-0.35141943288700916,2.0940012402004666,1.9465851512822239,-0.40043976270791254,1.7036608036826637,-0.36937983499632937,-1.4504033327102661
2015-01-01,1.0636992454528809,-0.1636186850742555,0.08041681278319586,-0.9822997575004896,0.17061220215899603,-0.016561583443372337,-0.7762843234972521,-0.20897009155967017,-2.680886142394122,0.1418814890914493,1.3324113190174103
2015-02-01,1.9750484228134155,-0.19022318678842465,0.6250379340989249,-3.1366008023420973,0.28669597314936773,0.528469736929293,-1.8476024270057678,0.5464947133353262,0.9606417487649356,-0.2805617672425729,-2.094714045524597
2015-03-01,1.9931858777999878,-0.3104317775914367,0.6312731476057144,-2.127467095851898,0.4328737301485879,0.7893020908037821,-1.5502838925881819,-0.594223809964729,0.5890862906680387,-0.3435132956063306,-1.0003063827753067
2015-04-01,1.6544092893600464,-0.0807877629995346,-0.3846440996442522,-1.8723738690217337,0.12813081432666096,-0.1342538606237482,-2.763891491022977,0.8745558334119392,-3.8543950108920826,0.10229876885811487,0.37945136427879333
2015-05-01,1.648228406906128,-0.21053250406829405,-0.45676242027963915,-1.442652940750122,0.227747591478484,1.0683798127704196,-1.1166109280152754,-0.5142788092295328,-2.5288203183342426,-0.08694776506335647,0.5416281148791313
2015-06-01,-0.18631185591220856,0.15835574185344536,0.11542364954948425,-0.44035060952107113,-0.23909102060965126,1.7403250491177593,2.395011620088057,-0.5084374185764428,-1.4973533504149492,0.10681038515435325,-1.6149163246154785
2015-07-01,1.9654818773269653,0.0590901192225201,-0.22058832858289992,-0.005919245692590873,-0.27252866753510063,0.4686679001207705,-0.7368813184174624,1.0165319298252915,0.6078947554616366,-0.25093657550988374,-0.8469457924365997
2015-08-01,0.7658064961433411,0.2575879995252045,-0.3617441370373681,0.7866119965910912,-0.2289355599454471,-0.02413784084772622,-0.4361714151772586,0.3342440859837965,0.9227203972199384,-0.1419396036201053,-0.37238508462905884
2015-09-01,-0.88545161485672,0.15506827285591987,-0.7474726154690697,1.7545223236083984,-0.4858460277318954,1.0048080373693395,-0.49712173640727997,-0.22396388830560626,5.6483833228840545,-0.14790082695307555,-0.17185041680932045
2015-10-01,1.4397364854812622,0.018338827599941845,-0.24901564632143294,0.40590713421503705,-0.2488411696893828,1.186199762203075,0.3310733898119493,-0.7783124844233195,-2.0088853204951564,-0.04365133742491404,0.3248397633433342
2015-11-01,-0.08002394437789917,0.14871828992601852,-0.0006758179681907807,0.1347002573311329,-0.504539002265249,-0.2862133361675121,0.7087687199765985,0.13400415579477945,1.977538185961106,-0.08865548642697157,1.5058474242687225
2015-12-01,-0.5653315782546997,0.0857893534949128,-0.7359115140778678,1.5592252214749656,0.03886304330080747,-1.7483170385713929,-0.6217429583722894,0.8967026616587783,-1.0506040909711052,0.20666602585050795,5.171260237693787
2016-01-01,0.8457704186439514,0.09113653025157016,-0.2560693593252273,0.05108770759155353,-0.19939206540584561,0.02034136990982073,0.18533754416487433,0.599057882121115,-0.8374436813242294,0.11294288215813812,0.7097794860601425
2016-02-01,0.03419896215200424,6.347092468632569e-05,0.06714025955824625,0.6514561052123706,-0.39224659225770403,1.1757680663356074,3.1008129770105537,0.06888108045765848,2.972374593510347,-0.1636061817407608,-0.5114809051156044
2016-03-01,0.5676419138908386,-0.2020614247926524,-0.1672751491978055,-2.608121434847514,0.43406986764499117,0.4462511451156051,-1.3599323955449192,1.0869951862277407,-0.35913702757919536,-0.2022699349456363,-1.5349961817264557
2016-04-01,-0.16305242478847504,0.048476714693324666,-0.5442317043031966,1.5442430973052979,-0.4475701068128858,0.22625703778531814,0.6667536768046293,-0.26554311766768945,0.45913852312985587,-0.20289832243212946,0.6922405958175659
2016-05-01,1.080517053604126,-0.09186279395936241,-0.695019889445532,-0.7976665471990904,-0.009075187179925186,0.2901139082732024,-0.4849391227418726,0.48181947433587274,-1.9222110509872434,0.16489780887409491,-0.2884114161133766
2016-06-01,1.2770997285842896,0.15542355011886275,-0.45921394512766883,-1.0896708816289902,-0.1679452269205025,0.05956367348079328,-1.7385091293941846,0.5577627456549442,0.6482819423956029,-0.04954900661552394,0.842057392001152
2016-07-01,-0.4185810983181,0.3951330000246075,-0.08445772386732556,0.40919187789162004,-0.0726923080427306,-0.8140156666437784,0.19219959662719208,0.4052879232348818,-0.84238902610891,-0.2778327851383774,0.01217886689119041
2016-08-01,-0.27467501163482666,0.14036274711850663,-0.18941708618686312,1.6950820883115134,0.06823354134602205,-2.8561411080537016,-1.6885437748648904,0.15173652632669968,1.6277763773413265,-0.4036736433152799,0.040979329496622086
2016-09-01,0.8744070529937744,0.2358579929445831,-0.10423754297551655,-1.0738730430603027,-0.08778472297957965,0.4806060481954504,0.5212674086744135,0.010340993828845747,-1.9635412622900568,-0.40414336102980153,-0.7876113057136536
2016-10-01,-0.10522634536027908,0.03191452263526514,-0.36212404568990075,0.9319930026928585,-0.43280420026608873,0.6763300410023442,0.15558236363259229,-0.6234365430745211,0.28715258573784547,-0.3322229065276958,1.8888843059539795
2016-11-01,1.1497571468353271,-0.03002354166877102,-0.041039505352576576,1.5122253447771072,-0.4426862512316022,-0.03297944311742429,0.7017336785793304,-0.47683137835878314,0.9673954809413235,-0.5436853126243308,1.7620907723903656
2016-12-01,0.947841465473175,-0.18965866364223857,-0.3871976264885494,-1.862343524893125,-0.16623831221035548,-1.2932817141215005,-1.6320441256869922,1.2799529415188413,-1.3556788949405445,-0.3510727650589413,2.4568824470043182
2017-01-01,3.2758872509002686,-0.22644606274618231,0.3355455895264944,-2.4900774161020918,0.3804287207978112,0.18461697079517222,-1.8654700029980054,-0.45272721485658124,-2.7760538984747494,0.08760084984479126,-1.0301291197538376
2017-02-01,-1.3407363891601562,-0.15599737075013176,-1.1771249629202343,0.541177826623122,-0.3002621499555451,-1.3870912569540517,-0.8982720700177279,1.0960206840977524,1.3298083754146799,0.1272605249175319,3.8474419713020325
2017-03-01,0.8180545568466187,-0.07622553114320191,-0.5534401606945765,0.2325099272032579,-0.08366033434867857,-0.6677625355897125,-1.2066819451072,0.3144499478918133,-0.40258690714836115,0.03727833498959188,2.5008413195610046
2017-04-01,2.30780029296875,-0.17304790901466155,-0.4362890762942178,-2.1826383968194327,0.7161143102816172,0.27295422774774053,-1.2404032728888772,-0.0972101634198969,-1.3744032558272865,-0.8028618715427539,0.0832945667207241
2017-05-01,2.1382100582122803,-0.16527521148533889,-0.17686294657843454,-2.2978497048219046,0.14542826850499424,1.1909802754720051,-0.8686133406379006,-0.20706673914735965,-3.4999300451839668,-0.10336547814033649,-0.5862513929605484
2017-06-01,0.3462052047252655,0.22207624475720902,0.1872140204622632,-1.5656393021345139,-0.34859233668872286,0.18389867963614287,0.45266703448512335,0.23616942943948688,-3.1231897718766155,-0.349397212266922,0.2904307655990124
2017-07-01,-0.12200232595205307,0.32711331273468447,-0.19657108045759655,-0.2370468806475401,-0.25590788573026657,-1.0393184644204598,-0.6699385290796106,0.6252257661385969,0.931697996223674,-0.10948016273754614,-0.17643209546804428
2017-08-01,-0.3091885447502136,0.2874483524913519,-0.3481829805033548,1.7512809485197067,-0.2133237597133432,-0.8818528718418545,-0.532857125455683,0.16326654815312588,3.7574294735403617,-0.18322211172845626,0.12497086077928543
2017-09-01,-0.27898550033569336,0.23434699421197597,-0.5499385297298431,1.649392272035281,-0.3167783043214253,0.6440582650679129,0.6074328991499814,-0.29289002219835913,3.040338965023265,-0.08067172020673752,-0.590301901102066
2017-10-01,0.40755006670951843,0.10895516041298987,-0.15726149791762942,-0.8833607658743858,-0.10884136094578674,0.5824168523152669,-0.23268848996270786,-0.562229391300317,-3.312413131489473,-0.04733911267033329,1.2353961914777756
2017-11-01,1.3382842540740967,-0.11859708268877486,0.28666057402179357,-1.3479736944039664,-0.19768831719245228,1.4219074337570754,0.7101774215698242,-0.1646757690292416,-0.43839899932636933,-0.21901130676269528,-0.19171753898262978
2017-12-01,1.441392421722412,-0.18821509791092134,1.0705591667266119,-1.3037403424580893,-0.12659405225089618,2.1372909899111145,3.7609856237064707,-1.4129463470343386,3.4350268981036014,-0.8740401378384343,-2.4372024834156036
2018-01-01,0.9699828028678894,-0.02546396211419307,-0.7232995969908579,1.6944698989391327,-0.2111215011349746,-0.354087656294858,0.06139829585498029,0.19862556999379938,2.8865733567406147,-0.09707906455905349,2.141778916120529
2018-02-01,1.8980779647827148,-0.6624444689549192,0.3500445258049738,-1.3136032968759537,0.126929727516004,0.9026813838216993,0.9716962548819456,0.8325641805475408,0.7437414106200723,-0.24795523948139614,-0.9963253885507584
2018-03-01,-0.382006973028183,0.08495064898275993,0.7582459421384903,-0.9548123925924301,0.10138285745467457,-0.27378383609983653,1.8064145337451587,0.02619520845738324,-1.7231034881928387,-0.3925000903783021,-2.5265151262283325
2018-04-01,0.7690078020095825,-0.20989649732347945,-0.9460012827600752,1.0046415030956268,-0.05841182012643132,-0.32492961596559594,-1.3014752756465564,0.8394270232229522,-1.487113973673652,-0.059398160212569766,3.019767999649048
2018-05-01,-0.8496614098548889,0.06258692854726819,-1.0007095478829884,1.2305532892545066,-0.18718057711209568,-0.3320086609434198,-0.9082754904573614,0.11329358500061612,1.7336699892492855,0.02854917612340715,1.5615689754486084
2018-06-01,0.5674950480461121,0.11764924291154029,-0.17225642999013266,-1.413038745522499,-0.017048985630806,-0.9989684378659283,-0.10731796818700703,0.37114374113805365,-2.2217384156058815,-0.3096525039937761,2.2869251668453217
2018-07-01,-0.9227760434150696,0.22516238017820978,-0.08172661598239626,0.9563000251849493,-0.07030222165797437,-0.20736498689209973,0.555247271602804,0.26980247912984906,4.160252038170309,-0.21465796011465565,-1.7282027006149292
2018-08-01,-0.4876651465892792,0.17510149890268353,-0.2840542190131687,0.16579406025509041,-0.13044923543930054,-1.500554879506429,-0.4561467604203658,0.6749579852277582,0.5039256285218631,-0.484791287669429,0.06282062269747257
2018-09-01,-0.4570241868495941,0.11387044485186187,-0.19582662554014296,0.192132235194246,-0.4095159204942839,1.2103484736548529,-0.40741481564261695,-0.32286036646727356,2.138179014710819,-0.17720062147687982,-0.44099729508161545
2018-10-01,2.377368927001953,0.01394093351464876,-0.3981856717949822,1.4135558158159256,-0.17449488597256796,1.2552573725029272,1.0751261629841544,-0.676983098189036,-0.3168904167764327,-0.0985735061543959,1.122162714600563
2018-11-01,-0.10956800729036331,0.12706395396044556,-0.7310936138743446,1.7225701361894608,-0.4231910620416913,-0.6232753947929099,1.5842887488278476,0.45646058790611493,0.9162145502427045,-0.4321281004835058,3.373744785785675
2018-12-01,2.495659828186035,-0.12784515258292078,-0.16635895839759282,-0.9163277844587963,0.14282169618776866,1.6341411405139499,-0.46843303875489667,-0.02686008246559085,-1.4456362408750196,0.009032287979843439,0.2638638950884342
2019-01-01,3.3153748512268066,-0.515259109752279,0.1125762416493325,-2.665939678748449,0.4761526095015662,0.46135352717505557,-2.5399503382769497,0.4937041889537464,-3.567840772516587,0.3063013156255086,-1.3034778833389282
2019-02-01,0.711846113204956,-0.23519396781921387,-0.18543586844489687,-1.1596043904622397,0.18605869263410565,1.0804797764177674,-2.1425450390035454,-0.013629359785806048,1.2456396046806784,0.38636166740346833,0.9196202456951141
2019-03-01,0.7159762978553772,-0.21477339553161406,-0.2875237237839472,-0.37993015721440315,-0.12280750753624098,0.6223990961357398,-1.079784333705902,0.020419371624787647,0.8485278662513284,0.029949005693197247,1.1224741488695145
2019-04-01,0.7303411960601807,-0.3043288286303131,-0.8446551504589263,-1.992371181646983,0.038805577371801646,-0.5437294642130533,-3.0317387797615747,1.428198633771954,-0.6946099593358881,0.011304133847631789,1.2042605876922607
2019-05-01,0.8239418864250183,-0.2300042081886614,-0.7379840527262007,1.0085678348938625,-0.15630627583180154,2.0609930709556297,1.8420146270231768,-1.173073866150596,1.3875153134850893,-0.4544928945876934,-0.9045813232660294
2019-06-01,-1.2739567756652832,0.06030781168333242,-0.18861089788732074,1.1867944151163101,-0.14133012986608912,0.827201814563186,2.191691642457789,-0.10779744973688414,-2.9702495126163257,0.029776973166951423,0.37478145211935043
2019-07-01,0.47514012455940247,0.33192911618192433,-0.13052691661176227,-0.5764023090402286,-0.2501854406935828,1.388801689501162,1.032922687855634,-0.016818855973807247,1.0838532272507162,-0.09221200727754168,-2.657698094844818
2019-08-01,0.13885673880577087,0.19506188765378066,-0.24153650516555425,0.7149181018273036,-0.16345767570393424,-0.6116200928334836,-0.7930780676278201,0.17507969204223517,1.62773798493778,0.022522085863682956,-1.028822511434555
2019-09-01,-0.13153940439224243,0.2847914754504889,0.04017980148394903,-1.118785267074903,-0.30476599931716913,-0.13726512315096678,-0.14990044927055185,0.2541414038701491,-2.7217389906153957,0.04156686158643828,0.9121806174516678
2019-10-01,-0.7028263807296753,0.04693671641215472,0.08226017512026287,-0.7192147895693779,-0.20918734371662137,2.005113495720757,2.3185207085175947,-0.5770560466881954,1.070959778393016,-0.047315836504653645,-0.21674886345863342
2019-11-01,-0.36648666858673096,-0.14716801299175747,-0.05884366109967232,0.6306276967128118,-0.22920873016119,1.3142139823348433,1.7271384596824646,-1.1204146977626916,5.166910676395191,-0.3124972460446534,1.0402660816907883
2019-12-01,0.5054923295974731,-0.027703769295148447,-0.35952964708918617,0.6846750775973003,0.010210288954632623,-0.20552019554155843,-0.0289793105118654,0.26086575605652546,-0.2072361681391211,0.35121253243199096,1.7334042489528656
2020-01-01,-0.6992465853691101,-0.09208926012818243,-0.38534335437275113,0.6358049809932709,0.050967788722898276,-0.057911383057082134,-0.6140102039683949,-0.3830228791092381,-0.31087738187874064,0.3322266594127372,1.8468283116817474
2020-02-01,0.7335731387138367,-0.0851709395647049,-0.3946232653799511,-0.05633313752089938,0.1627707986959389,-0.8619582763424626,-1.5011637048287825,0.7305816267475937,-3.1706624171313114,0.2894996492951004,1.165463626384735
2020-03-01,1.0382978916168213,-0.1888719872689583,0.012268916526365848,-1.3985786586999893,-0.08386777979987008,1.353089345826043,-0.47160800207744946,-0.3117752346125516,1.9078107441172878,0.006441522337910201,-0.5299666151404381
2020-04-01,1.128723382949829,-0.09112690745944708,-0.6308769895916894,-0.784658764799436,-0.04283289890736341,-0.5837599988336916,-2.717615257609974,1.2700551387035486,-3.746352476232192,0.35771435057675394,1.2108947336673737
2020-05-01,1.1954134702682495,-0.18470830900568358,-0.518848995367686,0.5454142888387045,-0.08934461511671542,0.8356392935470298,-0.369246168570085,0.4883799137491168,-2.055513683487387,0.1591717755353009,-0.05656507797539234
2020-06-01,-0.37933647632598877,0.23492694320813032,-0.03628581762313843,-1.367642233769099,-0.13121617957949638,0.6908173362414042,0.558782538229769,-0.45120287122148456,-1.444377443369697,-0.03120584275435518,1.6867417097091675
2020-07-01,-0.27114030718803406,0.3558594995821026,-0.1312818910394396,1.1127255856990814,-0.19827823021582192,-0.0050969055370876076,0.3650080073963512,-0.16067429925456192,1.8792897462844846,0.029952230828779715,-0.12951777316629887
2020-08-01,0.03440943732857704,0.22519509977018332,-0.04446498517479216,-1.0279618203639984,-0.2394179414425577,-0.15188051318680798,-0.4642629487947984,0.4366407340223139,-0.6019444150083205,-0.13832877631540652,0.4914946109056473
2020-09-01,0.29282239079475403,0.21449898330258652,-0.43554962390945073,1.5503411491711936,-0.3495293802448681,0.3866219686137305,-1.4826372265815735,-0.013332876066366831,4.161281445447136,-0.1442566927936342,0.3878845274448395
2020-10-01,-0.640380322933197,0.08506446447170957,-0.5927167123272306,1.8012290199597678,-0.41180633540664396,1.5317300955454507,-0.05839680829508738,-0.2734237548076745,3.7135618574479046,-0.42831442422337,1.571001410484314
2020-11-01,1.360037922859192,0.04836825102987424,-0.07089919277599879,-0.9591504310568174,0.11902939794319016,0.8338570594787598,-0.49212121150710364,-1.0419831131443833,-2.2347762304193832,-0.19278490432986506,2.5114640593528748
2020-12-01,0.9843465089797974,-0.061683650587646056,-0.23686518626553674,0.654901812473933,-0.43757302420479904,1.4339474616227326,1.3821326873519204,-0.4703879807934616,1.7742020242354448,-0.15539420699631726,1.776987910270691
2021-01-01,0.47061479091644287,-0.0141538535310349,-0.5950900060789925,1.4292750507593155,-0.5473628107990537,1.435832072187353,1.4262635599483142,0.18928768959912387,3.59958059647504,-0.17861842557236,-0.44295717030763626
2021-02-01,1.5229568481445312,-0.17390994118972564,-0.6041620458875384,0.553702749311924,-0.2697659656405449,-0.4823092509199072,-1.7315315929326145,0.9158208514704849,-0.9422396035755382,0.09456276203747148,2.663511633872986
2021-03-01,1.7187546491622925,-0.1731247129574628,0.21046059472220285,-2.9837248226006827,0.4754296903099332,-1.3332014834439312,-1.8332829529588872,0.11292395718169934,-3.2425876925973327,-0.12074072879773598,-0.9647899121046066
2021-04-01,3.061297655105591,-0.4201987259824511,0.2669072754326321,-0.7844404006997745,0.12831689257706913,0.7631400117167719,0.047358993271535095,-0.9162203832106156,-0.8799686151392319,-0.40494035239572873,-0.14724990352988243
2021-05-01,0.20670665800571442,-0.043496397704305786,-0.900357323033469,0.9910061334570249,-0.2763543277978897,2.121979660458035,-0.46964446929368103,-0.00762547944869959,1.0573066332760979,0.05349830068923809,-0.6240832805633545
2021-06-01,-0.4740231931209564,0.2050796025235888,0.19407038177762714,-0.6832776591181755,-0.3304528338568551,1.1518554555045233,1.4951321211728184,-0.24716323523810416,-0.5387540249263538,-0.048952580740054444,-1.4317187666893005
2021-07-01,0.1503806859254837,0.20391922181760763,-0.10332173357407252,0.14793570153415203,-0.09961738251149653,-0.8317876193258497,0.038457780399105766,0.6443164113796118,-0.08568518849856713,-0.12609129426655946,-0.8651288598775864
2021-08-01,-0.11712022125720978,0.2531019314913683,-0.34703743599710013,1.130250096321106,-0.06233508299504007,-0.2561967681955408,-1.0328771038488909,0.30690923784718366,3.178542852401733,-0.32444336900004633,0.125337028875947
2021-09-01,0.07015431672334671,0.3011104506506047,-0.17394592009839557,-1.0892262061436973,-0.37776575024638853,0.5917981818870262,-0.09722212668169629,0.5819089936487603,0.5950479823000291,-0.007660795624057451,-2.1122802793979645
2021-10-01,-1.0209921598434448,0.1330947582150849,-0.1934506886062168,-0.3201726824045181,-0.4406157881021499,1.038333773612976,0.4021130840886723,-0.3324840782266674,0.9013803566203398,-0.06005291447595314,-0.8423163741827011
2021-11-01,0.31338751316070557,0.21649613766603068,-0.8737152531033471,2.8240752716859183,-1.042976656130382,0.1739411856289263,1.9986456090753728,0.4848683873812357,3.454634021310245,-0.152126368549135,1.8051385879516602
2021-12-01,1.9376195669174194,-0.32607104996560327,0.18486336228393374,-1.8029419084390006,0.21485083603433197,1.9806804480376066,-0.5723179064013741,-0.15805161586313535,-2.910265326499939,-0.4151584097632655,-0.17418760806322098
2022-01-01,0.5570557713508606,-0.014733306696297417,-0.3512006075609298,-1.0404609764615695,0.12627170820321354,-1.348323071444476,-1.7312297766858882,0.5610574375499379,-3.413541176739861,0.3391124860004142,2.006837874650955
2022-02-01,1.0095598697662354,0.0761119412704253,-0.07924033949772517,-0.41796282554666203,0.03928933957857745,-0.38847746672453703,-0.28686069629409094,0.7364878600293939,-3.5022206166211296,0.1722252203358544,2.0116910338401794
2022-03-01,2.0944395065307617,0.023043040238635643,-0.8037136424155462,-3.3876491089661918,0.16234885635120527,-1.0489151433662132,-2.585459839213978,0.016865741009965088,-1.107975752914653,-0.41844477808033975,2.0860135555267334
2022-04-01,1.2721142768859863,-0.10298421265373768,0.051329839265062696,-1.4084101965030036,-0.20356061203139167,1.1941971602263273,1.8161823803728276,-0.09771368720314719,0.9274049716837265,-0.8986698256598578,-1.572626382112503
2022-05-01,1.2088844776153564,-0.05484338272625292,-0.3693577079545884,-2.1180701752503714,-0.04208828655204602,-0.29936408003171283,-1.8059297041459517,0.4860854510105017,-2.608154451145845,-0.07878131474609727,-0.13278639875352383
2022-06-01,-0.11027506738901138,0.23594448264216034,-0.05774834592427527,-0.8811088899771373,-0.3809902018734387,0.6146759898574263,1.1487790129401467,-0.023861542682756077,-0.8328116115401772,-0.009483311980686806,-1.16642564535141
2022-07-01,0.7599323391914368,0.12925079380962212,0.008102997006582362,-0.17434771483143172,-0.1425218635371753,0.4088418351279364,0.004912912316451018,0.5605003147414236,1.3404088861802044,-0.1192368291042469,-1.978214681148529
2022-08-01,-0.7563866972923279,0.15263275151521388,-0.10627802638780504,1.1715869108835857,-0.09491320566407271,-1.368749803966946,-1.8827821720730176,0.010933941512396841,1.3357136179419125,-0.39022319294788216,0.9720847010612488
2022-09-01,0.35906922817230225,0.2972642720585138,-0.2534576469943637,-0.4467582330107689,-0.3585397132805415,0.8482486561492637,0.6621997464786876,0.03017536505605235,1.3948329231318304,-0.3143713154174663,-0.9013365209102631
2022-10-01,0.7027772665023804,0.00027240660618728314,-0.05296233686662856,-0.5021906768282255,-0.032547339131789546,1.707631128805655,0.5291493778878992,-0.7980768427704319,-2.2225937422584083,-0.2220591323243247,0.4928857460618019
2022-11-01,1.4348113536834717,-0.15096288751548445,-0.11332250599350248,0.18234487312535447,-0.1110894272902182,0.5203777993166888,0.3020867028019645,-0.4543115243767247,-0.6196775857140036,-0.687420975278925,2.916094660758972
2022-12-01,0.6412838101387024,0.037601285837066005,-0.8046302767026993,2.3220238586266837,-0.6583198904991149,0.6352615025308397,1.9029347734017805,-0.12024945833466269,3.24023681528428,-0.3643884702965065,2.289928048849106
