,zgu50_cluster1,zgu50_cluster2,zgu50_cluster3,zgu50_cluster4,zgu50_cluster5,zgu50_cluster6,zgu50_cluster7,zgu50_cluster8,zgu50_cluster9,zgu50_cluster10
1965-01-01,0.28591995006022247,-0.0029279836727415815,-0.02544325907365419,-0.051378230414082925,-0.18138054391028177,-0.011272217474273734,-0.149355609627331,-0.1284950565208088,0.48078367752688267,0.21109632574594936
1965-02-01,0.06628128821435182,0.12062911455537759,-0.019123742822557688,-0.16170649999572384,0.06677799556456822,-0.21703301652057752,-0.3622591203334285,-0.3745705702088096,0.20964407761182102,0.342228148992245
1965-03-01,0.03764229705152304,0.1471240146487367,-0.04469320847420022,-0.26648686297478213,-0.13625279698573367,-0.10837148371580485,-0.3417506010509005,-0.14001846313476562,-0.12032771483063696,-0.014374615588726904
1965-04-01,0.22923309841881626,-0.1409886660529118,-0.018357703811489046,0.017865625540575674,-0.0830144529611292,-0.0909792007626714,-0.23198826055900723,-0.17033062197945334,0.1223846072597163,0.40148829038326556
1965-05-01,-0.01753985922297706,0.04381827790947521,-0.07260635029524565,0.03535418560908687,-0.032661821116024344,-0.06451584600113534,-0.17304514699122484,0.03241509199142456,0.039822851041597974,0.020445790141820908
1965-06-01,-0.04426030361134073,0.043835406940357355,-0.020505486099864356,0.0233498987771811,-0.012516715681888689,-0.015107942493380728,-0.04007957473981614,0.024074319411407814,0.056477722578815046,-0.04842298535200266
1965-07-01,-0.10880068268464958,-0.04011019699129404,-0.019432884073466994,0.01909146686234782,0.011545969304484382,-0.034447620950035146,-0.07468577766535328,-0.08167237720706245,0.1016926486045122,0.0027143436734779524
1965-08-01,-0.07318468845408896,-0.02731540806445421,-0.018298951727047097,0.005841926641521915,0.0017224609340265604,-0.01986317865147784,0.03629964685031012,-0.06779895587400957,0.024137917041246376,0.013739568217156025
1965-09-01,-0.08117075523604517,-0.042693130671978,-0.02697241143323481,0.03377873029920363,0.026327597213463047,-0.030259881168603897,-0.02417066180165492,0.030354457822712982,-0.0817947688379458,-0.030522077129437372
1965-10-01,-0.06870548038379005,-0.014012778981351384,-0.011002841711160727,-0.0077616551049774695,0.0031303893118886884,-0.02320982968887767,-0.005498809703424865,-0.18441093238917264,0.25309811213186806,0.028225604014901012
1965-11-01,-0.0036365329794099794,-0.002287818785464647,-0.05992678634356707,-0.045951185447554437,-0.12576575850097227,-0.012007144254607123,-0.04837967674521839,-0.34184691580859095,0.1381397380360535,0.396630225273279
1965-12-01,0.3597970242085664,0.09591001652035058,-0.07669983606319875,0.012987730423769644,-0.16550986279904004,0.010633517711146458,-0.041337568751152826,0.16423238949342206,0.24055796010153632,0.3488645244103212
1966-01-01,0.2066775346579759,0.08430285196678311,-0.017637469136388972,-0.1338147347973239,-0.12207057484438723,0.05183407181018108,-0.0845173556430667,-0.03681377931074662,0.41875796658652165,-0.0827774118918639
1966-02-01,0.007894831588086874,0.09007956467422784,-0.0018063277821056545,-0.174616553610371,-0.1423931142813723,0.06065059050514891,-0.18837291601241804,-0.08849588984792882,0.12288065627217291,-0.25654191581102515
1966-03-01,0.36228218156358466,0.09147101903662962,0.001206950400955975,-0.04757567038459162,-0.20289645648338425,0.0251740770968231,-0.028581854284686202,-0.18267832019112326,0.05924073713166372,0.28487068529312426
1966-04-01,0.2309619894494181,0.026335212968143763,0.0009844443411566317,-0.10760755788895392,-0.20412196156004786,0.0013639138873062424,-0.031493187827222484,-0.14040520245378665,0.10638115262346608,0.06850548088550568
1966-05-01,-0.009001594077309836,-0.028367656483954073,-0.005596598566626199,-0.040280001778756416,-0.011960636089805146,-0.022202991955989116,-0.03794581337156249,-0.12511428106914865,0.06364075067852223,0.073783601132723
1966-06-01,-0.061630020323007004,-0.151322358379177,-0.033299592905677855,0.021668492005236687,-0.0029591361428020707,-0.046239773163924344,-0.14099329344782174,-0.013490623201836239,0.028265969428632937,0.016705858377883066
1966-07-01,-0.09263438861007275,-0.1015887833109089,-0.021436551469378173,0.053948854967471094,0.009020375953593725,-0.0554924931477856,-0.15333054550722533,-0.04068203270435333,0.061683064060551775,0.026850364744090117
1966-08-01,-0.06219027563929558,-0.09312841529939689,-0.039884934085421264,0.019587984969539028,-0.0060824474031236815,-0.05663179263875291,-0.03559490227523972,0.0027030101045966144,0.04352202106799398,-0.019803449798088808
1966-09-01,-0.027207380322658497,-0.07237962940159966,-0.003425573231652379,0.0015435282201055557,0.004717271486428422,-0.016416329890489578,0.2211862426324218,-0.17290105873888187,0.10187036490866115,0.05654669008575953
1966-10-01,-0.028753080202833466,-0.07667568530522141,-0.04335582307248842,-1.4644579536135069e-05,0.18314022413441833,0.006938139228401957,0.024582893021550832,-0.0814927572553808,-0.090256572834083,-0.041577338169400506
1966-11-01,-0.2847357612589131,0.11503429827736873,-0.11636099952738732,-0.09168896583780166,0.07674149434331437,-0.05717623374752096,-0.044688341372153335,-0.22783146663145584,0.15139915049076078,0.4800688761931199
1966-12-01,0.45061869465786475,-0.03940450283242207,-0.04656547534978017,-0.19037512040907337,-0.08358567638296477,-0.11453018397898287,0.06539580028723267,-0.2927684513005343,0.2742253510015351,0.5467791396837968
1967-01-01,0.16589734865271527,-0.025874484038236095,0.06665024848189205,-0.2060494355617031,-0.07058359997373231,-0.12931053501528664,-0.3884979761114307,-0.22823084484447131,0.3794302099517413,0.02151126436029489
1967-02-01,0.3493587607922761,-0.1600235992786931,-0.06320952525129542,-0.03586367613846256,-0.21182195821278532,-0.10642071028013488,-0.08357109173255808,-0.1854893700643019,0.466934751187052,0.10276896019394581
1967-03-01,0.1703792940015378,-0.09395796440395654,-0.11297570017632097,0.08573381891173701,-0.23684253994847687,0.026134084406736736,-0.015733391046524048,-0.1467606560750441,0.1614201148705823,0.03252841818791169
1967-04-01,-0.07557123899459839,-0.10585175717578214,0.04105477419216186,0.05885906998188265,0.022273177517132023,-0.1211838041608398,-0.15225045967335793,-0.03378778696060181,-0.020258687436580654,0.4383480892731593
1967-05-01,-0.19613582154978876,-0.07514036169239119,0.03544997452991083,-0.06959209398877236,0.06877633572464258,-0.07582372809584076,-0.044613598170233706,-0.04463146694681861,0.02695963651474033,-0.09240599778982309
1967-06-01,-0.04794156259816626,-0.11080648823111665,-0.04458822149899788,0.06239300653819115,0.003654900347997605,-0.019061829693414068,-0.18217664065898634,0.025929100811481472,-0.0035778415622189637,0.053023382161672294
1967-07-01,-0.06487443638236626,-0.021591641958437713,-0.025774570531211793,0.0237126023538651,-0.01615797969656931,0.003227844796571377,-0.16690636870871278,-0.03768249668858268,0.03763413655438593,-0.0031455693085892843
1967-08-01,-0.03294698975008467,-0.014803470934138578,-0.021311060845619068,0.0002811537987943138,0.027566539569639826,-0.033602070667453715,-0.11462649586153965,-0.050339566713029686,-0.003913182133276547,0.029655476100742817
1967-09-01,-0.04349694708767144,0.0014921172074608359,-0.048340919602196664,0.029670188744221965,0.053575535265492726,-0.03454624549359889,-0.10316148172041364,0.00915750353173776,0.040165547813688,-0.040480877774266094
1967-10-01,-0.0013993282387357042,0.015723645029699102,-0.053530702280113474,-0.023818606390587745,0.0843572154851027,-0.01648304279188852,-0.09251369674708329,-0.0004995125345885754,-0.10392356530896255,-0.001966792534893522
1967-11-01,-0.1273303495153137,0.25393734959995046,-0.014092170749790967,0.0453176487597727,-0.02216746059941574,-0.06034413000216355,-0.1253549685226936,-0.20160038362849841,0.2977800156388964,0.5399264968358554
1967-12-01,0.32558651721995807,0.0682188307537752,0.06181385833770037,-0.08753986368256231,-0.1434008840104224,0.05306267758478989,-0.2558213092532812,-0.20484163002534345,0.1676521264016628,0.23470917859902748
1968-01-01,0.3487766436908556,0.11002221966491026,0.08240612223744392,-0.07382825377487368,-0.12708139461530768,0.013071507517550443,-0.15110385692441566,-0.21118207411332562,-0.005253791459836065,0.26748521396747
1968-02-01,0.2680440311846526,0.0013319049578379182,-0.059109384164912626,-0.1301314321256453,-0.2021727637505867,-0.14418707908810796,-0.1845323439577923,-0.1976968618956479,0.4436913611633437,0.3368801222397731
1968-03-01,0.16911177207594333,0.07931723752442528,0.01758849793986883,-0.04564916955367211,-0.09535309714330754,-0.07268541769401447,-0.0873780462379549,-0.08371831341223282,0.17855589144996234,0.338847734607183
1968-04-01,-0.08192597685948662,0.05443708642440684,0.007656367233721539,-0.02230037935078144,0.08130645458127411,-0.004027427073467422,-0.03976299080486391,0.0787640024315227,-0.064425722562841,-0.007483960003950275
1968-05-01,-0.02384162103028401,0.011490804015421399,0.026832599724002648,0.03506577303332667,-0.02767246898630975,0.0037911451874753912,0.020145598397243256,-0.04065997898578644,0.06626376083918979,-0.052747298748447344
1968-06-01,-0.013090724773381067,-0.0007707336871866501,0.026424672250868753,0.015176787611938292,-0.01747916308297238,-0.007886944867267803,0.07883577023212816,0.014016260816292328,0.026884954422712323,0.016880726728301782
1968-07-01,-0.09664083304612532,-0.016465233456270368,0.010384104643890169,0.025213335550600482,-0.0010122481936877463,-0.0010471400880330318,0.07576609906904838,-0.036856603216041214,0.06475708713488919,-0.0060207300031414395
1968-08-01,0.009186845272779465,-0.0038795757527444875,0.04060867431689985,0.030537986106449557,-0.027381767794279987,0.002231042379060307,0.06383481051991967,-0.04468248987739736,0.03737564464764935,0.05258976911696104
1968-09-01,0.03479083838022273,-0.024499700349919936,0.034561419670353644,0.02637187379502481,-0.02968090940529192,0.01824648950148273,0.04393875452817655,0.05073271353136409,0.012677379085549285,0.00883063946205836
1968-10-01,0.09505073337451271,0.038974845380175344,0.02136588009307161,-0.01876524108792505,0.008084371187527415,0.016634052971730363,0.06464119982339588,0.038942498239603905,0.042242620007268014,-0.1000953265107595
1968-11-01,-0.0807380951617075,-0.027700276205352706,0.022488395916298032,-0.06346204468319493,-0.002629645857435297,-0.007342522007388038,0.06388273528393577,-0.07311812855980612,0.21535633131861684,0.20936922385142398
1968-12-01,0.30491977282192395,0.0499935455474199,0.021161860058782622,-0.019968718650840944,0.013461037420890701,0.03839676595620207,0.03135298680075828,-0.10447139767083254,0.1295345037111214,0.295663453065432
1969-01-01,0.12301962984644847,0.13686148267166287,0.033155026903841645,-0.12866917156404065,-0.09106668368191786,0.04813731522173495,0.04017534574457243,0.03882012583992698,0.229480756180627,0.04282733067297018
1969-02-01,-0.03964417492565901,0.07171866794427235,-0.015577445446979254,0.05793392417892333,-0.07795763372535437,0.030333269387483597,0.05627302087697328,-0.022431369870901104,0.14439219874995093,0.13631886014571556
1969-03-01,0.13136268471894055,0.11813276830841513,-0.020960619440302253,-0.1877799750335755,-0.1740050777583055,0.04284926564306826,-0.04232559243545812,-0.17001593654805963,0.24019668677023476,0.0683883993098369
1969-04-01,-0.07785313317309255,0.05471515743171467,0.057534749794285744,0.029689364976459933,-0.045234159054890484,-0.015926417718465265,-0.01578754654117659,-0.05406964570283889,0.27369385851281025,0.0699502917436453
1969-05-01,-0.18889656209427377,-0.018409111847480137,-0.017994367772189435,0.07311536539946834,0.018781127119568034,0.004330054680640633,0.005769252083172985,-0.06284452974796295,0.044893287122249596,-0.08071017666504933
1969-06-01,-0.022308044540493385,-0.07989336462581859,0.01413774625689257,-0.004000671117776825,0.07033820828081856,0.047740345267025204,0.049329672565720246,-0.048279704695398155,-0.07231374537306172,0.07187694740983155
1969-07-01,-0.048633579812619995,-0.04620323067202287,0.03570887929527089,0.04041279636083111,-0.026363399351986363,0.021826329867582064,-0.03056854794861055,-0.03578457304022529,0.062445551156997674,-0.010034727613226725
1969-08-01,0.010324210819342861,-0.04162297529332778,-0.014449333684751764,0.04131594192116491,-0.004882570749647181,-0.010043556323728046,0.05289494772167767,-0.00858319838615981,0.07817552957151616,0.0662751065996977
1969-09-01,-0.05367059341591337,-0.061268943781946215,0.015824536967556924,0.008869792274650066,0.03079773569610757,-0.02731066952283318,-0.1941471451929971,-0.10567568242549895,0.00594041942219649,0.07696662528010514
1969-10-01,0.07110877853372823,-0.0263847228066594,-0.024774702251306735,0.05110609795778028,-0.017507741568793714,0.029770433399322872,-0.15157788955405646,-0.1204959912733598,-0.03189887585384505,0.008686949821332326
1969-11-01,-0.04253695597467215,0.028074561965231802,-0.0599139224505052,-0.05669111926709452,0.1940628592397126,-0.12979937364926208,-0.07661506533622742,-0.17857735807245426,0.03438884325857673,0.2535907408365836
1969-12-01,0.49672372963117517,-0.11422281317851123,0.018569609801488696,0.010687869132286119,0.015489869869091143,-0.2162759771218171,-0.026646862719573228,0.05523243749683553,0.33038652368954247,0.5437495616766123
1970-01-01,-0.006699337340567423,0.25853193273731306,-0.03471062063908903,-0.12087427800701511,-0.02230293786441776,-0.03438753050726813,-0.19068652946575015,0.13375858014280145,0.3529366105794906,-0.15509561277352846
1970-02-01,0.37695963097655255,-0.16874329132192276,-0.04669483523684903,-0.1304697125188766,-0.13479194800618668,-0.1569579984690692,0.14531678867106343,-0.34322367473082105,0.377125186579568,0.44135348154948306
1970-03-01,-0.02535680389922598,0.17126601408509648,0.06940287858014926,-0.23987648948546378,0.049692670434293616,-0.1590725437209413,-0.14103122932069442,-0.3043399344791065,0.04007136781833001,0.2670844013874347
1970-04-01,0.12684631282868591,0.05024082082159379,-0.015760125461383723,0.027177630052451166,-0.057585411508318404,-0.006525553888767153,-0.14158898562777275,-0.024361393668434834,0.0033131118730774945,0.17525671193232903
1970-05-01,-0.03945664300218872,0.033348619791806915,0.014774776718695648,0.0037996432623795926,0.00803484843755272,0.0013710081426275744,-0.025115179482336138,-0.0339616902849891,-0.013759349738912921,0.16071594391877833
1970-06-01,-0.10987346910912058,0.06474798508718901,-0.002018233499256894,0.030940662949315963,0.026993700106379012,0.00611466821283102,0.0022270698465552984,-0.015535457906397905,0.04823066826377596,0.009820218054720989
1970-07-01,-0.029834315342747646,0.022936177750428517,0.01058326379279606,0.04523757003968762,-0.03513434350910321,-0.013730578074181403,-0.0008736335325474833,0.004792533052915876,0.05782148800790309,0.010272505012555763
1970-08-01,-0.05904601724899333,0.06762826997859805,-0.0012984994100406766,0.01887963453848516,0.010564615687643978,-0.0059379698910020495,0.012857054917178317,-0.031385249034924935,0.028566340915858742,0.015009097002733212
1970-09-01,0.00032481677961819196,0.08953303536948036,-0.015839564957786934,0.006252465649477897,-0.028411107478846967,0.015426375525625976,-0.024603618829346755,-0.004200026900930838,-0.00793280778452754,0.02830474852369382
1970-10-01,0.04722053671012754,0.032058018533622515,-0.035474266042001545,-0.012960921852819381,-0.035904526290759235,0.026101543492562062,0.07598542918761571,0.11802975427020679,-0.12841583894831793,0.23624555995831123
1970-11-01,-0.10155268499384755,0.05451011307099286,-0.028695670334855095,-0.17704712527413521,0.054637883120859175,0.01096540961313892,-0.036232770584961944,-0.320855975151062,0.03064402179526431,0.317203368131931
1970-12-01,0.04358541058457416,0.028163189178003985,0.026394736050860956,0.07147949429288987,-0.21421002670073175,-0.036773850788941256,-0.04089678655944618,-0.11910712177103215,0.15325469097920824,0.3386527586441774
1971-01-01,0.34339019785756647,0.15343670167174994,-0.020563243015203625,-0.08582062418422391,-0.17284975505210984,0.024389269182810914,-0.15286696508672892,-0.4288125038146972,0.34191744135958807,0.037317282448594384
1971-02-01,0.1940772261308587,0.12556082185576944,0.0062740815337747335,-0.0014168537980426223,-0.062107368254325765,0.02645521449881631,-0.09693839386397717,-0.19015072421594098,0.09437141540859426,0.2871139691426204
1971-03-01,0.014426190730022347,-0.05026908189642663,-0.02399034274276346,-0.09967439597652805,0.03768745809793472,-0.07658421590521529,0.034437332914083026,-0.1648148081519387,0.06432663649320602,0.5765148653433873
1971-04-01,-0.32688065067581507,0.03282852178695155,0.014177162665873766,-0.0016409864333728629,0.06986250969725595,-0.03740807139390224,-0.034948256706782414,-0.1569008014418862,0.0451344863644668,0.0861033510703307
1971-05-01,-0.08456920800001724,-0.06552879132476508,-0.005785083340015262,-0.023731644896249616,0.07284169780536437,-0.019755292482472753,-0.06947791039505426,-0.04363348876888101,-0.03503325528332165,0.0063479609357622955
1971-06-01,0.013157682817267334,-0.10126477070883208,-0.03380050911800936,0.03798623539267048,0.013608211310396733,-0.0005110666844867976,-0.129753254427045,0.008470456708561289,0.006797336806942309,0.05568859095756824
1971-07-01,-0.06498958024641742,0.06996289479966257,-0.02018494051299058,0.020555510456042904,0.004396018650854977,-0.05919579919931051,-0.10334967690355637,-0.052644952454350205,-0.019571080338209864,0.0027298681043948117
1971-08-01,-0.03986917031200036,0.019538128638968748,0.023397236509481445,0.04750872932134136,0.014990141851381518,-0.018125148238362494,0.06037053524279127,-0.02290875566276637,0.058107696739690635,0.00426267058803485
1971-09-01,-0.05851585579955059,0.00042268100728773894,-0.02205002456321381,0.03338282507273459,0.021040692768046553,-0.011903094127774239,-0.07160950050342317,0.015391781926155089,-0.06291156501642295,0.04592638176221114
1971-10-01,0.0919118847536004,0.03476622788345112,0.004998956865165383,9.011770500012884e-05,-0.050535519987764496,-0.06394744724840731,-0.10770493205271515,0.16645003448833118,-0.07948350560452257,0.1047934047304667
1971-11-01,-0.03602231407295103,0.08678765711831112,-0.03661187911347952,-0.06180946384706805,0.0482537586924056,-0.15509674275243604,-0.1556516789338168,-0.24265744469382544,0.10896576568484305,0.6303569445243248
1971-12-01,0.25418587028980255,0.04426776340194777,0.0016407400835305452,0.08732972125853261,-0.23438307181210585,-0.05298650043236243,-0.28507699276886733,-0.04876916381445798,0.15882993383066993,0.11673448607325554
1972-01-01,0.2383669271417286,0.031087777632124284,0.02602812382974662,-0.22840389320927282,-0.10604413462356783,-0.10103517891587438,-0.07517963793932222,-0.38440861485221167,0.2842111779110772,0.060455286158965185
1972-02-01,0.16129562712234,0.025796499468532262,-0.05559558339882642,-0.15190647494408394,-0.25131971063748215,-0.17802803903012662,-0.07908437766280829,-0.5279941450465809,0.45265039162976395,0.04797465382860257
1972-03-01,0.008436470575954603,0.19909925028389575,-0.016789179062470794,-0.03216423154357941,0.026651130805552845,-0.23311060425397512,-0.1882724756119298,-0.2206635475158691,0.1518396660685539,0.17299541773704383
1972-04-01,0.08572730357232301,-0.09191919337300693,0.058744252601172775,-0.0016056530688318513,0.0624321610994742,-0.14300736019740234,-0.1682358812175545,-0.14748989181085065,-0.013693797102730188,0.22593868466523975
1972-05-01,0.028100302037985428,0.08789286309597538,0.029817999893566594,0.010048661891731524,0.030713832714188267,-0.06993648067519471,-0.12909590686653175,-0.02077666873281652,0.07940988455499921,0.025622657715128016
1972-06-01,-0.009733909214644327,0.04368227559561823,0.02483672033122275,0.06911862160890334,0.06970108919580219,0.03693109579585694,-0.059407595179828944,-0.0498903983018615,0.010793900582939385,0.06663096495545827
1972-07-01,0.013835348553307678,0.036706121674939696,0.05571812544076238,0.03737888689483366,-0.02266525645071352,0.02447857798354046,0.0374687488610838,-0.05129640413956208,-0.012039727464850459,0.060865963594271585
1972-08-01,-0.009982007474679014,-0.022528192722329907,0.049696522546582855,0.050531141459941864,0.009218363983320519,-0.005906586208053537,0.03746102984045066,-0.0822122259573503,0.06431716361216136,0.06655961848222292
1972-09-01,-0.06667758216676505,0.047865042499467436,0.032932630074355984,0.051286053513326955,0.04591891988062523,0.00639898148742882,0.04046204883386107,0.058074701916087754,-0.05983497415270123,-0.017610507515760567
1972-10-01,-0.03325140063205491,0.0275997463248524,0.009936288734024856,-0.017800006354528088,0.13676575371916866,0.00592837600993949,0.062372918952913844,-0.21237041462551462,0.02532929481406297,0.008936315918197999
1972-11-01,0.016510589858112126,-0.02570558777626823,-0.038618613325525075,-0.09863664426149861,-0.030754443625329246,-0.015776191611547728,0.040479860834631266,-0.05985075099901719,0.10957326740026473,0.3509042641291251
1972-12-01,0.040192497165306755,-0.012965606269883174,0.03808863948506769,-0.17476126311286802,-0.05860184909592212,-0.03831341258577398,0.010968411487399363,-0.2403763478452509,0.2631720953754016,0.13788904135043803
1973-01-01,0.2989180386066437,0.14986533160303153,0.004627162707038224,-0.026490398111843293,-0.17107356811912966,0.0875332870998898,-0.0723485999247607,0.06629301065748387,0.5058431199618748,-0.1088365984077637
1973-02-01,0.46187250510506006,0.10842510006007026,-0.02142411030945368,-0.01287569832657614,-0.21456645827897838,0.054439716041088104,-0.054702276754017246,-0.4467390342192216,0.1486760697194508,0.4189784710223858
1973-03-01,0.26777789968511334,0.01134875723544289,0.04250650563335512,-0.12050048718529363,-0.0464343269106368,-0.0371325559712745,-0.10550990700721741,0.07379351691766219,0.11198016415749276,0.19713975489139557
1973-04-01,-0.04919952834429948,-0.06071047163477131,-0.03843248923658393,-0.07565336962861399,0.10939487059351424,-0.05650598354436256,-0.0374396984447159,-0.02633239057931033,-0.04797078269932951,0.3831189412337083
1973-05-01,-0.15355730834214584,-0.05505101426559336,0.03321045951452106,-0.04527266587941877,0.015837554885468015,-0.013294853773471471,-0.11252660450397753,-0.008023531938141043,0.007986361327181968,-0.09407271416141437
1973-06-01,-0.0686311446454214,-0.03353373384943195,0.034080995101248845,-0.01528127599627741,-0.0018343614729147562,0.0067106278210475635,-0.16185199184452786,-0.02445075152949853,0.013712376156555753,0.02594623499764846
1973-07-01,-0.07646580267211665,-0.1067984776169646,0.0028970429411856458,-0.0028310497591812764,0.019637467733151476,-0.020329926062274625,-0.013268687853626176,-0.04300715909762816,0.01752878472741161,0.08433638856961177
1973-08-01,0.022208696717153423,-0.07993989423209545,-0.0033707496186252683,-0.02658060421386073,-0.03901004371508746,-0.008988039995971564,-0.1771574013629088,-0.01724346794865348,0.05734419184071676,0.04617755946058493
1973-09-01,0.002740869177100451,-0.06180114898027158,-0.024810673494357616,-0.016046123158547185,-0.025555567527321025,-0.047831217179427274,-0.10098147151224754,-0.13841034336523575,0.04294608120939561,0.15256281655568343
1973-10-01,0.009163673562200172,-0.032075695401313255,-0.03684318216983229,-0.010462590463219151,-0.029531913534016678,-0.019748069698343407,-0.11551005437093623,-0.0677318735556169,0.13671453510011944,0.05454362656634587
1973-11-01,0.0347938469570616,0.06101567517308628,0.04922145453747362,0.017467850158291477,0.00634852757441326,-0.02708424990241592,-0.0851671850564433,-0.22156036712906577,-0.14089569449424744,0.2699395498404136
1973-12-01,0.1707623672226201,-0.16118746762182198,0.05046753794886172,-0.28089679056598293,0.12829481086260835,-0.1593241115679612,0.10494100130802275,-0.2494702555916526,0.22469064486878257,0.5547867944607368
1974-01-01,0.28829179380251013,-0.055404051261789655,0.016863466589711607,-0.13792254030704498,-0.201030411350895,0.022389795127752667,-0.06009434628764461,-0.19986943765120072,0.27281091149364195,-0.22474187784470043
1974-02-01,0.5103120013423588,-0.22404018570395076,-0.051489438919816166,-0.08620304926749199,-0.1764139449092704,0.07666995295801678,0.15899505393177854,-0.14431453563950278,0.4120505015764917,0.18927125403514275
1974-03-01,0.13733227615771085,-0.10560768492081586,0.0438241011579521,0.03381528020385773,-0.11968626312806574,-0.07081982251760122,0.013473352380827362,0.1331499083475633,0.32027323863336016,0.15904105340058985
1974-04-01,0.07382875875286433,-0.06551380250968185,0.013339566157810623,-0.02634598002318413,0.11229054398939643,-0.0890700297581183,-0.05207007166509535,0.0994966991923072,0.12539904564619064,0.18387494178918692
1974-05-01,-0.06847108673790227,0.049755616369200686,0.0386274386983132,0.015175707578178375,0.0132777649437038,-0.0069116311449859595,-0.1173949161288785,0.00934753566980362,-0.02430066566116043,0.06829904249081245
1974-06-01,-0.08348863895820534,0.0022579817667457403,0.03177047947247047,0.01190987325483753,0.004555722108294427,0.011113268398755306,0.025741167037802583,0.007914631542834368,0.050428552952195914,0.06923531540311299
1974-07-01,-0.03750008004515067,-0.02742136883385041,0.025600384105928242,0.006180815774226381,-0.04190590862237232,0.04121779992773726,0.028230436602789982,-0.042224384166977616,0.08834972312407834,0.04211267671332909
1974-08-01,-0.014810894777917343,0.058714245610377365,0.011074532812926918,-0.009919256122121889,-0.015918897386168092,0.0266947179428629,-0.005021176355726579,0.003498697187751531,0.0077608540388090265,-0.0034114462323486805
1974-09-01,-0.015331209515747816,0.07816177665018567,-0.004799641465069726,-0.025506089291264935,0.011718304644168263,0.0893618307403616,0.04117991775274277,-0.10072422298518094,-0.08945925427334649,0.1168880253457106
1974-10-01,-0.005878886693845624,-0.0037535678083990133,-0.02498798567103222,-0.024156951375545993,0.03458671009456608,-0.013580399791936617,0.001217345433200107,-0.23764477534727615,0.058368141097681854,0.36922859457822943
1974-11-01,-0.08393885648768881,-9.699305177063626e-05,-0.020985366791137494,-0.08275279955517861,0.07800365417775974,-0.024034495691995363,0.06167624218791139,-0.09292519228024916,0.1165480352938175,0.20941758098510596
1974-12-01,0.329674262067546,0.03846725631578296,0.024200054940592963,-0.04897170489834201,-0.02285897154623354,0.0032236626547937457,-0.029900753140157343,-0.018377463248643006,0.27245349649872097,0.21147321049983683
1975-01-01,0.20821875204210696,0.04746662635429233,0.0016891675841179676,-0.07745492001695017,-0.09513720870018005,0.024566484766232,0.030354625435874742,-0.15251673080704428,0.2684745671493666,-0.02629727913210025
1975-02-01,0.3156143362107484,0.020408639501707227,0.05638695147354156,-0.10526121383713138,-0.2707423458636647,0.01613699352821788,-0.00246402022300982,-0.16077098521319302,0.319093359368188,-0.11491098512823765
1975-03-01,0.3600690999756688,0.050044446891429374,0.004642779822461307,-0.0472976705960689,-0.04034787678802517,-0.007865899494169533,0.010214844152477441,0.023160436275330456,0.17390022320406776,0.3562354124509371
1975-04-01,-0.2267584204673767,-0.030956764285470926,-0.027817292721010745,0.04673917146940385,-0.07589583245801254,-0.03484064411069896,0.004093352632195342,-0.004311302592131225,0.007959973299875855,0.28061204804823947
1975-05-01,-0.12881708857805832,-0.021844616561543708,0.014177572302287444,0.003877965237704977,-0.005199114175539621,0.011281928399930129,0.05925916427490758,0.1041966676712036,0.029640644788742062,0.050486402156261295
1975-06-01,-0.04115997125273165,-0.003566221544044275,-0.005084273288957775,0.019652381419174133,-0.033108040060795534,-0.025446096284163965,0.03638430361581199,0.034930421547456215,0.008836019385073866,-0.007765035395725415
1975-07-01,-0.054530706256628036,-0.050045893180604074,-0.01413639220118057,0.011194860863108788,0.022568291341754754,-0.0062520269656906255,-0.02450929114631578,-0.007209535688161849,0.07362743573529379,0.015598917021774327
1975-08-01,-0.037722597303597824,-0.04076753176894842,0.005848320142831653,-1.3928012131439192e-05,-0.034028564540433216,-0.07142865577259579,0.0554346997637813,-0.02758236771280115,0.029925133899918622,0.04766632874424641
1975-09-01,-0.05301343601035035,-0.05965544020428377,-0.007026013918220997,-0.03243428805182057,0.03446326131971789,-0.02292669000657829,-0.05444539847838528,-0.01772189682180231,-0.052303059159645005,-0.03495195235770482
1975-10-01,0.08943154598059862,-0.14716668748388104,-0.01553971815155819,-0.00871074941730307,-0.0395650726179002,-0.018330139888299478,0.05813838420983623,0.06758045743812213,-0.05394402625305311,0.0004505419873077279
1975-11-01,0.28335076311360236,-0.0372538562206661,-0.08190657463273965,-0.09495267464268592,-0.005183935913086777,-0.014481831946083018,-0.0022040570483488195,-0.17814386974681506,0.014355073549917765,0.25039865420414853
1975-12-01,0.202598811491676,0.1735113561153412,-0.024504208704456687,-0.06210739093442117,0.06154190066834571,-0.16499197966343648,-0.046815854661604935,-0.30069004405628547,0.22299611674887793,0.2831144974781917
1976-01-01,0.24947648786980173,-0.07322018637376673,-0.06341427651932463,-0.16873922319181503,-0.20435286659589957,-0.002598049704337845,-0.07140820517259486,-0.5329261042855002,0.33921139048678534,0.0899683039348859
1976-02-01,0.29234662652015686,-0.17522834971839307,-0.08106516252155416,0.05646271691206963,-0.20914619237604276,-0.020305846339544735,0.13464738560073516,-0.05553611638871106,0.28777175715991427,-0.005180715995195966
1976-03-01,0.25536532959212427,-0.1120111375462775,-0.005515379598364234,-0.04190945276810277,-0.11827725339943256,-0.0597752832077645,0.018092903180741797,-0.048889849673617966,0.3325829548495156,-0.059361401228950575
1976-04-01,-0.05625142999317335,0.11423499706913443,0.07514974859077483,0.021296532283867558,0.12665528436781656,-0.2035057222520983,-0.1572416036152372,0.14409525827928021,0.16578450532896177,0.07860538764641835
1976-05-01,-0.06785089069086572,0.11652467735842162,0.07044958319966099,-0.1029907815879391,0.029671299730388213,-0.13005918747669942,-0.002344678539563628,-0.03559415990656072,0.024660907885325805,0.05203981239062089
1976-06-01,-0.006852526237945193,-0.07860817599530313,0.010967992420773953,0.0017263609240011823,-0.030395645700709923,-0.020353384064258757,-0.08229190191509676,0.044585002416914155,0.03805303879614387,-0.0023194834983979278
1976-07-01,-0.024339313740315643,-0.09460685884251314,0.023485270503442734,-0.0029498392025068885,0.0026420580262554363,-0.03253581455430469,0.010206402443787631,-0.0065933527763594275,0.061798415013722005,-0.004037006650693141
1976-08-01,-0.020655289130366367,-0.08480360402780421,-0.005125200550537556,0.008122788201416693,0.03481821852250838,-0.03646148268032719,0.048448454004292395,0.0033905462954532013,0.029196899517306255,0.020191152221881427
1976-09-01,-0.028306741834334705,-0.030691896145250284,-0.02051704650511965,-0.020000955931121302,0.10147805155163081,-0.029051306380613432,0.03598607053943709,-0.061090879819609895,0.0408801416467343,0.028064015966195326
1976-10-01,0.10372007508640703,-0.020070096441343718,-0.006391782517312095,-0.076278563468687,0.09406246769596154,0.0035686887221763265,0.002242456071590092,-0.20321927287361838,-0.10863720838512692,0.09726002955665955
1976-11-01,0.26871333627597144,0.04816998307611428,-0.02956392490887083,-0.14515903688246204,-0.16433192600666638,-0.02252811666678738,0.07719292999336533,-0.26637638157064264,0.4025277548602649,0.28366598372276014
1976-12-01,0.2118159409450448,0.068002610522158,-0.020218519057380036,-0.19036150507388577,-0.15944795499385245,-0.08309547462173411,0.0779373016591896,-0.4783435301347212,0.5041217165333883,0.40495384197968703
1977-01-01,0.3186957991641501,0.05222328518535577,-0.03355439694132656,-0.1821435507266752,-0.099566830715663,-0.004796829464769847,0.018714542966336012,-0.370157929984006,0.11994149535894393,0.25208076605430013
1977-02-01,0.3324508990930474,0.026545116641357832,-0.0626362394541502,-0.25312720287230706,-0.24243509265738475,-0.015051469106126477,-0.029149947359281426,-0.27983624826778064,0.5080505141190119,-0.10920293056047879
1977-03-01,0.15126058588857236,0.0442725953225996,-0.04900224885204807,-0.029736084322775563,-0.026524951025633747,0.04356753685184427,-0.05115325580917152,0.08633507246320897,0.02494173989232097,-0.1265120477630542
1977-04-01,0.008074139022146877,0.05822675120012433,-0.030910142231732607,-0.044885214658514146,-0.019765929909239352,0.006987205454827966,-0.013403560710596103,-0.06784592839804562,0.024524056685290164,0.21522695628496316
1977-05-01,-0.0575228999166385,-0.00755420210314732,-0.009805316767597105,0.043386779725551605,-0.029794522889063393,-0.011748526043988563,-0.01395690601830389,-0.019910862161354584,0.1205458039683955,0.134769411614308
1977-06-01,-0.10470240984273993,0.02120823654181817,0.012219172276672907,0.04183596540843287,0.03212003798132212,-0.007415627683135304,-0.004930695856683979,-0.034843473271890114,0.06317304048155034,0.03931767737063078
1977-07-01,-0.003536290782706245,0.02270587628670767,0.0007325987098738551,0.013500318351772523,-0.004026434764685765,0.007737298319871361,-0.07631809943739105,-0.020380098034035073,0.006003240871775363,0.0564588914410426
1977-08-01,0.008010348993475021,0.008096540456309038,-0.018595978326629847,-0.003539920679383701,0.02107782236916918,0.003689908221162654,0.03459387522775168,-0.049101574854417275,-0.02444366192711251,0.018572791192967158
1977-09-01,0.05026028855987217,0.02000678476749682,-0.012231236178195104,0.0010741158245852398,-0.0731425963237252,0.013420602457748877,-0.026612383696962803,-0.026847317137501454,0.05473838121231113,0.06538039216628441
1977-10-01,-0.13386803962614224,-0.030110164673305025,-0.06855394749436527,-0.03762202517640206,0.13336013530341673,-0.0338586701734646,-0.0297166754071619,-0.07854477925734085,-0.06803940715534346,-0.06604517738406475
1977-11-01,0.1427184628403705,0.005307203779617946,-0.048344793322030455,-0.11191735825230999,0.1044970687846063,-0.052625081829122594,-0.12638374213494508,-0.049590546299110756,5.000795551625612e-05,0.13271280779288364
1977-12-01,-0.010667375855795715,0.014282736525523896,-0.04453719302546233,-0.2050786970123168,0.0012380527627562554,0.0012047060236737535,-0.03465588670223951,-0.29523359103636304,0.28497784265450066,0.027388217858970165
1978-01-01,0.1704681178797846,0.0662469615538915,-0.016674453945597634,-0.14476640330206964,-0.12288470293434574,-0.02143171087310121,0.018330135693152744,-0.1958196000619368,0.5921518696205956,0.14545628084586215
1978-02-01,0.35717292972232983,-0.11740707445378397,-0.07482630026061088,-0.10183465576940967,-0.25481543910335486,0.10244884603732342,0.04519496806988529,-0.19407596100460398,0.47330329460757115,0.09453386928026493
1978-03-01,0.3105512131815371,-0.09054597101959527,-0.006058776853024028,-0.08889648823007461,-0.15504127237158763,0.08684933386944436,-0.07324187928472883,-0.17737391320141876,0.2567774217043604,0.05132647302861397
1978-04-01,0.3525743665902511,-0.15193193274385788,-0.08718157187104225,0.033744271363942854,-0.05489115039227714,-0.1376872932588732,-0.08676103316247463,0.016441302881999447,0.12758138722607065,0.33630253030703616
1978-05-01,-0.09413817492516144,-0.02609861868561483,-0.03720711247297004,0.09687426349809093,0.009074910793086173,-0.08394615976391612,-0.20754027600381889,0.11031975800340825,0.00851250536340688,0.09122602641582489
1978-06-01,-0.010179672592683979,-0.12500026062423109,0.01460373678128235,0.042910522390757835,0.02133962239178134,-0.030485606072722254,-0.0019337032355514227,-0.05896195769309997,-0.009880792848499758,0.11823292678365341
1978-07-01,-0.04235245692341224,-0.08132154596786872,-0.008653357508592308,0.04958846576271519,0.0015957610563598049,-0.018681193122992646,-0.04164551329963347,-0.0021044048480689526,0.024316519764917235,0.04420784087135241
1978-08-01,-0.0016414755246723475,-0.06655345798707475,0.0008834060281515121,0.016140398539362416,0.01609605330396706,-0.021855339307237317,0.05522873774787192,0.03070357509634711,-0.013412054561610732,0.02701757475733757
1978-09-01,0.078234505718169,-0.1082464029975966,-0.0225242735723441,0.05579694144187435,-0.01868749247260497,0.00478694517467473,0.13422813796091312,-0.09547566148367795,0.1411932786660535,0.12298485694023278
1978-10-01,0.16376900932063226,0.018759868016429974,-0.03251045691285981,0.004605758905170425,0.053134109352675964,-0.034577605893483035,-0.09488158302345112,-0.2359894730828025,0.0004921819449269345,0.06704141314213093
1978-11-01,0.1815592303224232,-0.1568358026298822,-0.01885960518848151,0.07190885803391857,-0.09588366243201243,-0.06899209441365423,0.03474380674899793,-0.2047450298612768,0.058122092325772555,0.11415812545097791
1978-12-01,0.03245601268566173,-0.02464983685343873,-0.02674106217455119,-0.07764853296741363,-0.07719843530319107,-0.048047112854751384,-0.19156090440411194,-0.10408549146218732,0.06060869699077946,0.03965346572490839
1979-01-01,0.19693849203379257,-0.27844201700360166,-0.02208985806646524,-0.10526465071785834,-0.10755383212801436,-0.0024288047948298423,0.095406132658907,-0.2921511639248241,0.24358582283769334,0.3072860435797618
1979-02-01,0.33020020827003144,0.025252618041692994,-0.03965353243984282,-0.12037043850268087,-0.13398981430161166,0.15868005921711792,0.16297902546676934,-0.09600959040901877,0.05310080679399626,-0.08633333043410228
1979-03-01,0.18775004731572192,-0.12629223512668236,-0.0035106990253552794,0.015541170573522967,-0.005428938680446484,0.03085265791899449,0.02180120323364641,-0.1488137516108426,0.033832926835332594,0.1347332476423337
1979-04-01,0.14400190633276233,0.07974820978501264,0.00020821462385356426,0.009603171999896727,0.020269217940283496,0.002909588904396908,-0.19157992712422914,-0.17597649585116992,-0.0356665180463876,0.20841468985264117
1979-05-01,0.01622762571534385,0.012237216145092366,0.006266735726967454,0.055896743170676694,0.04003645563629312,0.012133313292587126,0.009972023248088126,0.06778750907291065,-0.0588055167879377,-0.0068734798472947795
1979-06-01,-0.028414795499133026,-0.00024026587340688588,0.009677762864157557,0.06422347599460233,0.011524252436110672,0.03764503509611697,0.02455333631266566,-0.02124703065915541,0.0014886049029882995,-0.01761276597300401
1979-07-01,-0.08892327061165933,-0.020437017448392568,0.0193874366232194,0.06914284200437608,0.007762136200154332,-0.009017726532309442,-0.011401020981115745,-0.03433554687283256,0.033367312114153586,0.011322315997229172
1979-08-01,0.00872780852343725,0.04049443146761726,0.015316333519876935,0.03566313534975052,-0.01172535646129662,0.004947754378254349,-0.040053484924868044,-0.046220137314362954,0.01611000791724239,0.011581321282742115
1979-09-01,0.000349101743347052,0.018412249126270704,0.043963252392131835,0.04732346522711939,0.017248718461520235,-0.015420495607965701,-0.02404027595641274,-0.10644208301197398,0.05520032718777656,0.08903290503300153
1979-10-01,-0.09875330750061118,0.01809564693009152,0.0018594168068375438,-0.015312359638271794,0.08657417771681934,-0.001997892065225421,-0.006768836950262387,-0.17505996606566687,0.10933071108801024,0.06408771643271813
1979-11-01,0.24636209658954453,0.02867261532182787,0.006605690577998757,-0.04684038520339997,0.025980688736472333,0.02652879401638701,0.008954717686363295,-0.1538880711252039,-0.04991744977555104,0.20547044964937064
1979-12-01,0.36570740782696265,0.02619774062551704,0.0432544547948055,0.023386609410085985,-0.06901584040950721,0.030836138270191243,0.04247927983455798,-0.1489387181672183,0.17816975180591854,0.1693021935912279
1980-01-01,0.22993125021457672,0.03290568642756518,0.014674791600555182,-0.16490907197998417,-0.15610061900716432,-0.02610084374208708,0.04903134689027188,-0.35255079919641663,0.3728734595435006,0.31483219220088077
1980-02-01,0.36171865851982776,0.03855100595483593,-0.06846444084658287,-0.14735474701850645,-0.543501637351345,0.021574955836341187,0.031532467726398915,-0.592395013028925,0.6776566484144755,0.046526483045174524
1980-03-01,0.09765698695960252,0.0769049148349201,0.04186266960459761,-0.06297674150236192,-0.0072513798802671305,0.007265225380055002,0.023025810472009814,-0.029837262224067337,0.10120520102126257,0.245256177507914
1980-04-01,-0.01336470873945433,-0.009333570579103395,0.023428169606631855,-0.007690241440169273,0.04805500658465103,-0.01826256362570299,-0.020101180701863532,-0.06832999939268285,0.03717269615403243,0.1350510149047925
1980-05-01,0.021546253043672314,-0.019238067462163812,-0.011586181426537223,0.046327725173004215,-0.0395885812984386,-0.014989390163808255,-0.046419558644879094,-0.022272201762958004,0.11519367939659526,0.06678000522347596
1980-06-01,-0.01650118653702995,-0.033316724732810374,-0.020295061403885484,0.09075038495563692,-0.003768597781972986,-0.0181741572010356,-0.013666265523152463,-0.08778218518603931,0.04246729159993785,0.07370943203568459
1980-07-01,-0.014271009106027042,-0.04316984365383784,0.056812172988429666,0.060258066702273586,0.0030838500734576037,-0.023094174527638667,0.026806744326855623,-0.01771241257136518,0.026055388817829744,0.03346778953877779
1980-08-01,-0.002028356286008721,-0.03190992728752248,0.002463294003973715,0.06003078193433823,-0.06831044882116184,-0.02131550698666959,-0.051473087275072056,0.018384207717396996,0.016145727464130944,0.030519039585040163
1980-09-01,0.01419313636648914,-0.019334552480893975,-0.011745801020879298,0.05824532840521105,-0.00473221429479374,-0.00833712291677256,-0.07312244498262219,-0.10631702840328215,0.010017444479412265,0.07473893033770414
1980-10-01,0.1383433523385421,-0.06742422633311328,0.03542164631653577,-0.04050070720334207,0.0004352617625173339,-0.004872584690314693,0.09008532791745429,-0.20719033750620752,0.09362258549247468,0.16984234635646525
1980-11-01,0.1584788379461869,0.056705112550772874,-0.022868978339829482,-0.059570726608076406,-0.14846103501991487,-0.0708521721330849,-0.09101045080551914,-0.12534214691682294,0.15093307676059858,0.163693640094537
1980-12-01,0.49857370879339136,-0.2530233532774682,0.051105413876939565,0.027168079489661802,-0.27382224798202515,-0.10310220154556068,-0.11503800530644023,-0.38980668241327454,0.37309431603976656,0.2837335834136376
1981-01-01,0.5643049659936324,-0.12260232778156505,-0.032992054912028834,0.24012853541681844,-0.3139913711749332,0.008481027357078888,0.06141930124631115,-0.018468353558670388,0.6952272461993353,0.3472323601062481
1981-02-01,0.2425271531809931,-0.2893471542526694,0.029752301634289324,-0.03862620721901617,-0.015257891844695724,-0.11463700919537931,-0.07735389996977413,-0.2642822807485407,0.0957224318491561,0.29382634048278516
1981-03-01,0.21819786533065463,0.06869777890981413,-0.08480377146042883,-0.005361858770371445,-0.15559073694994752,0.07639047563881488,0.08204962291261729,-0.16874437982385807,0.26758456868784763,-0.012149679689453198
1981-04-01,-0.1773398855458135,0.23506175653607236,0.12492223468143493,0.11553823226882566,0.026949148782542055,-0.1354503067764076,-0.22874273651955174,-0.18156509507786142,0.02282934562702264,0.10118716611311986
1981-05-01,-0.14772125236366104,0.07021306630443123,0.01608115853741765,0.03388490708124253,0.07682639948079284,-0.06232198730513856,-0.15189499758622224,-0.04733946174383163,-0.00526008620259485,-0.02841177897957655
1981-06-01,0.0054140271537977715,-0.015099212417707723,-0.007459361222572625,0.06248262981253286,-0.0191090405512024,-0.009523713457826022,0.01292729102002055,0.012394453144886276,-0.016685623476015668,0.019617346473611318
1981-07-01,-0.03427687384512113,-0.07121843450209674,0.007395298780465964,0.06585928701585339,-0.002662614840541927,-0.042354240006691704,0.010677076437894036,-0.0025106344202702694,0.052901437239987505,0.03463669608418758
1981-08-01,-0.03197093737190184,-0.06864728296504301,0.013609322195407003,0.03498040680443087,0.0005289781051622311,-0.04304355966883737,-0.0675696117219095,-0.046214441006833855,0.03598387619214398,0.04399861567295515
1981-09-01,-0.02356431973369225,0.00031889121244460636,0.01626188291083963,0.010951027844942385,0.029233669940854464,-0.008312507054290257,0.0021208561591657938,-0.03531080416657707,0.013873801799491046,-0.01394802238792181
1981-10-01,-0.06758580389230147,0.00011475221624862694,0.026801171043189242,0.0013371957691326257,0.0933304743867525,-0.015594874433166272,0.051758477867206595,-0.10426684536717154,-0.1484581668462072,0.1700182373707111
1981-11-01,0.09556811950776888,-0.026982872947758318,0.048182427417486906,-0.04936600284230325,-0.11903938483184492,-0.023146635676557954,0.01878453733618645,-0.05785472013733603,0.2552418570433344,0.37963115251981294
1981-12-01,0.27778540616450104,-0.022648046633192136,0.033844706922536716,-0.14577370978170825,-0.0229068205390178,-0.017780100775731576,0.06549412421151703,-0.12178625572811473,0.3786715279732431,0.3686306854853263
1982-01-01,0.2792464650195578,-0.026622728682031818,0.01612689666217193,-0.1984446639976194,-0.2354396061158516,0.002500000787345139,0.06163820039992239,-0.619960535656322,0.2583506916250501,0.21297764033079147
1982-02-01,0.17909925916920535,-0.003111593461796349,0.02254036062367959,-0.13357345615663835,-0.3140476597866542,0.06198011137343742,0.07764157273021399,-0.3289248455654491,0.19641119454588207,-0.06784265144513203
1982-03-01,0.16399038874584695,-0.00023520192104008268,0.03865785292873625,-0.06113867726056806,-0.20944969335072477,-0.03509350574097118,0.04486841898338467,-0.17628004605119876,0.22374862538916723,0.15355514792295602
1982-04-01,-0.15686321193757263,-0.021398281130720585,0.02440541829855647,0.003381396433518779,0.07924067092613435,-0.022617284510586713,0.08179032604447474,-0.07466236298734491,0.01609484731618847,0.23524249688937113
1982-05-01,-0.05930311087033023,-0.011821403442060245,0.005031395357946167,0.08815498722176399,-0.011158263651837766,-0.0075869495049119,0.037790593855521255,0.08764723485166376,0.07196296937763691,-0.09832403694207852
1982-06-01,-0.027945799672085304,-0.03830526097148072,-0.0011717240340658464,0.014063277311863439,-0.014353929166222962,-0.007748578020648376,-0.03678229290480707,-0.017432680522853676,-0.04388474460159029,-0.05990456288250593
1982-07-01,-0.11000326308219328,-0.07626538475354512,0.0028353188099572435,0.05094064700026666,-0.002397141996508753,-0.03220672039566813,-0.013361051769963666,-0.056117017838087944,0.03584564131285463,-0.02935398190927047
1982-08-01,0.03489166417199632,-0.014536083657659736,-0.05297087336657569,0.030938028207709713,-0.022429107150561373,0.005556140220849901,-0.06341382075904631,-0.134974406524138,0.03807833750865289,0.058383774012327194
1982-09-01,-0.02109554758214432,0.007822048649484036,-0.018372565500612836,-0.004098961700595195,0.07496735894344222,0.01121974122282621,-0.039810885437855534,-0.03771906887943094,-0.02300304726564458,-0.06380329768245037
1982-10-01,0.03800221273432607,0.019234364085337696,-0.008927704766392708,0.006848086242473895,-0.007737371545862144,0.022281145022527593,-0.00814002956829819,0.10642045600847763,0.1657998588468347,0.0393366333670341
1982-11-01,0.16248154899348383,0.03699980603129256,0.05819806792715099,-0.08051582281627963,0.05109214132100764,-0.07294646489459115,-0.005136937925628587,-0.1401439986445687,-0.008996671697657022,0.3146848999536954
1982-12-01,0.23403217935043832,0.1327087335726794,0.05499608669197187,-0.008333876969352845,0.11629703598962704,-0.07604380717148652,-0.1653974912330216,0.04744184626774354,0.18870138696261812,0.2835976962859814
1983-01-01,0.37654372661010077,-0.46365564944697363,0.01926884287968278,-0.06666995825306062,-0.1838186886948599,-0.16605582188915563,0.18772852433589743,-0.07443398237228394,0.44898092746734614,0.15339861409022257
1983-02-01,0.5500708585200103,-0.5713416665208105,-0.23848958662711084,0.08853040034732511,-0.07957895876656117,-0.3215226369935113,0.24778451405319513,-0.15726451169360767,0.3781232450689588,0.548091702736341
1983-03-01,0.5974209826925526,-0.6225445106917736,-0.10499365162104368,-0.06884075100383451,0.014723167085731534,-0.28868559244516734,0.2561124516468422,-0.1672782545739954,0.04825196894151823,0.5801764245216663
1983-04-01,-0.2724594396093617,0.11323228770611332,0.01254258822882548,-0.027082752316228805,0.21052171646709175,-0.22671144153620745,-0.13584586650169655,-0.04457821900194341,-0.04937790467270783,0.1519073087435502
1983-05-01,-0.338121244440908,0.14048687675419977,0.02391881207586266,0.00022869975392466352,0.131706694062327,-0.10729451235887166,-0.09107277180780382,-0.057704922827807335,-0.06140373381120817,-0.07937940983818127
1983-06-01,-0.07327354472616444,-0.046745811899503074,0.03515336575219408,0.02239767552143143,0.00494422955097447,-0.062413876121108595,0.08322604402315383,-0.047595897181467575,0.002275586302857846,0.030274936356223546
1983-07-01,-0.09232416101123975,-0.13984076532663084,0.012565426004584879,0.07999753879923974,0.025746375847030694,-0.0376183187236657,-0.13966288819324738,-0.054992122406309296,0.022848080178456645,0.00500150893528301
1983-08-01,-0.04646428658262543,-0.04887892408113854,-0.005899638927076012,0.08129080937754724,-0.007029733633701231,-0.05228926704542057,-0.10238103819645795,-0.04133784635500474,0.09718665054866245,0.05226497753308369
1983-09-01,-0.014029425042478933,-0.12145556655584597,-0.007276197720784694,0.015110953620845273,-0.004905210742333406,-0.042983522084919186,-0.10106334024492432,-0.03909705037420446,-0.10463105115507329,0.05218229399850735
1983-10-01,-0.012703390751519928,-0.005743344423963743,-0.006128412496764213,0.07587528276828027,-0.04992901649273617,-0.03473087641838435,0.0652848094628722,-0.09202710606835104,0.07264239580503531,0.20042964472220492
1983-11-01,-0.04788931540173033,0.08166555096121395,0.03477025729807792,-0.11378996554882295,0.14702116309756966,-0.0411218434974954,0.0525896063110992,-0.06735386496240442,0.10718459130397864,0.215509978051369
1983-12-01,0.14102578811023544,0.07270225415042803,-0.006566751471837051,-0.2379869020754291,-0.10853792789956214,-0.036350149359252,0.12683572211101943,-0.36696585741910065,0.41177514940500254,0.14895911400134745
1984-01-01,0.4643173645371976,0.08795075118541718,-0.025359635401400737,-0.1735758997740284,-0.3044839895946879,-0.02473846228944289,0.03145020363815859,-0.3899826786734841,0.5069526710680552,0.10601795063568996
1984-02-01,0.10416796026022537,-0.011566471235424864,0.05156713741598651,-0.011063451247830544,0.11665967988296294,-0.02642645676796501,0.04172018254358394,0.1306323842568831,0.3069916207875524,0.27263978352913487
1984-03-01,-0.15601747385833573,0.0903669671685088,0.053871728596277535,-0.09822650782523616,0.07682216524238318,-0.1257227482022466,0.08032667797570135,-0.19621030850843948,0.07997374715549604,0.23904799555356684
1984-04-01,0.1455043806977894,0.03577171660521451,-0.010102423493663082,-0.03849450318563369,0.0034639657750515874,0.01165274580990946,0.055592338207597826,-0.09546549482779068,0.031785866511719565,0.12623085998571837
1984-05-01,-0.1293466628893562,0.002254465339230556,-0.009834897355176508,0.03093519518452306,0.06811856488946458,0.006838022051630793,0.0754076257055881,-0.07217741148038344,0.07199979653315884,0.09419839256084882
1984-06-01,-0.03577526658773422,-0.014841849641764864,-0.019822284957626835,0.04440619039439386,0.0014031997842478081,-0.022538484552422085,-0.005729926074398498,-0.0008609363893893632,0.03868546669504472,0.09589317039801525
1984-07-01,-0.12299893828837767,-0.0581231808253363,-0.04150283130002208,0.041271418693565556,0.025390649975185663,-0.05133976606098381,-0.04562879821249083,-0.01820434223521839,0.0631799256162984,-0.01201235348931872
1984-08-01,0.0012235309797055695,-0.02889734893745067,-0.019796054402831942,0.04202205267164015,0.0032878552996356723,-0.01875480284561982,-0.07079337157455146,0.005104433406483043,0.05874445528856345,0.05205886151928168
1984-09-01,0.015563486427392649,-0.02778163179755211,-0.012364762233119109,0.011922756300097512,0.020580211470664387,0.005489898014914345,0.004049951174095565,-0.08899109607393091,-0.036285035977406156,0.1776995280614266
1984-10-01,-0.03476322669049968,-0.0015776319082315062,-0.007876590825617313,0.04562095047966126,-0.08026821092820503,-0.00022531387150740706,-0.019990525884079,0.12235805392265318,-0.1676648323025022,0.06834876795227711
1984-11-01,0.0053034508195908174,-0.01477249806710318,0.013494013546733186,-0.035319852853013624,0.10813852431068958,-0.02041246893035399,0.029066882516239203,0.05597469820217652,-0.12498890448893818,0.2806794471465624
1984-12-01,-0.04510898143053055,-0.012679986071352865,0.07536500670539681,-0.003155021207226861,-0.035747563020444253,-0.02406490714968862,0.05854819216491545,-0.24401055140928787,0.14720342255064417,0.26474738350281346
1985-01-01,0.17687945586183795,-0.053356456405976235,-0.013627666339743882,-0.20990710585348069,-0.2785692332496106,-0.06915715497893256,-0.06263771404822667,-0.6075666167519309,0.30423410769019804,0.5986708861130934
1985-02-01,-0.06644833913963774,-0.009123927128373408,0.021853213547728956,-0.22244467850654356,-0.12535090807458046,0.03873647970927728,0.03739200422869009,-0.13679508458484302,-0.046953851623194556,0.03635727513868075
1985-03-01,0.2576133641211883,0.1094318561109842,0.08708186214789748,0.14464352880754777,-0.02074634236559062,-0.02982827356538257,0.009396670394184469,-0.018212810497392307,0.10558523769889558,0.3717119017472634
1985-04-01,-0.04336440368838932,0.009524419575053103,0.011514965444803238,0.022696962039316853,-0.017341743157783026,-0.0011486001312732697,-0.0012135397935030506,-0.07074114273894916,0.13087253485407147,0.02041495620058133
1985-05-01,-0.05790151493704837,-0.02584787925668791,-0.013006755034439266,0.06333679080970826,-0.03301657631363667,-0.011836249079253222,0.03230914281790747,-0.039247806099328125,0.1273738619472299,-0.05045334378687235
1985-06-01,-0.07187974355790926,-0.0629130166535284,0.06408845365513116,0.0436953479243863,0.019164586728307564,-0.06636986257256688,-0.0072331651680025396,-0.04697465083815834,0.017452338111719912,0.04027374805166171
1985-07-01,-0.04863745087514753,-0.05126972408855662,0.05758354382123798,0.03383795640641643,0.03504449317992573,-0.09496209991944803,-0.017611907607680027,-0.059727816419167946,0.05789590068161487,-0.02747061662375927
1985-08-01,-0.032008690354616745,0.030085453580991895,0.03046799683943391,0.05369935665399798,-0.017313117449971993,-0.06835523086625177,-0.08050313073338247,-0.006570950658483938,0.035116182906287055,-0.03455826797737525
1985-09-01,0.05852727867338968,-0.022573038643481685,0.04715398099506274,0.00142849889779163,-0.039340248724944155,-0.017388283300238686,-0.06732899677373615,-0.017663438550450584,-0.042003609373101165,0.04005667825157826
1985-10-01,0.009681192307692507,0.06501088831938949,0.0028791815566364676,0.14081603336718776,-0.046161856030074645,-0.009532136263678203,-0.2349531643238722,0.04312486133792183,-0.041307332659406316,0.14260484335514215
1985-11-01,0.09901574610368065,0.23984723523551343,0.03271525783929974,-0.014974867864962547,0.05915465594177515,-0.054607938068944054,-0.15328554984401255,-0.008683585646477612,-0.36456411970513203,-0.023029868204433184
1985-12-01,0.19839226227739581,-0.05592883144523583,0.03553501155693084,-0.33301268854448873,-0.2730444073677063,-0.05995813455130603,0.12901174452374964,-0.629194974899292,0.3510962639536176,0.0015488234706796133
1986-01-01,0.2979625826296599,-0.15333408818525426,-0.01433918769180309,0.08598929571528588,-0.2172814708360484,-0.04820868473600697,0.1275184546031204,-0.18884710290215231,0.5935158048357282,0.18831543051279506
1986-02-01,0.33078537039134814,-0.13714153684821784,-0.003675873449537903,0.023398265963600527,-0.07426743461212643,-0.020876321689905348,-0.0412343106433457,-0.010431642559441652,0.3165341381515775,0.252054574397894
1986-03-01,0.4744820296764374,-0.17730492879362666,-0.15798922977410257,-0.05635180540623203,-0.164955004420079,0.06180079905567942,0.26159608627066894,-0.2776654471050609,0.2892879769206047,0.31034238636493683
1986-04-01,-0.10723279708105585,-0.07024614103868895,0.05634951085085049,0.08709309322218742,0.06194985143735376,-0.11991898755769471,0.09107496589422226,-0.0011605824428525837,0.09892755188047885,0.025246917413404353
1986-05-01,-0.03208079091880632,-0.03265097883402132,0.03308119048597291,0.03010845112223779,-0.028264262831546892,-0.04681143406275157,-0.025948492225770857,0.028001048009503968,0.09364535632942403,-0.02904892719995517
1986-06-01,-0.03054693098301473,-0.16845618100727305,0.010814887355081737,0.06705419190468327,0.015254613851577463,-0.03556025944448806,-0.023118917848549636,-0.02505310387773947,0.08131953488503182,0.002541989446259462
1986-07-01,0.005485326476881038,0.01565163553345437,0.039398199442075565,0.041924906714308645,-0.03419506140577961,-0.02904207370168454,-0.013227936784353326,-0.037841353226791725,0.01528637117839285,0.05040926715502372
1986-08-01,-0.06466467014473418,-0.07481694805855844,0.0003054879925912246,0.01929930351193874,0.03539399361946213,-0.04066549040175773,-0.05066999252520355,-0.047302669422193,0.014656098626021826,-0.02751184018472066
1986-09-01,-0.016292900292445782,-0.0007057116782365769,0.006413638993763016,0.048275523248218724,-0.07708021767542396,-0.046886780576126,-0.0150197117096361,0.0022040072574534197,0.03510317432561091,0.023433852654237013
1986-10-01,0.1168073600401049,-0.0382616823794795,0.0022860687749926,-0.03881258589606131,-0.09257008492107123,0.01953531283180456,-0.04053565070909612,-0.14639916745099152,0.0025960099134993337,0.15666393133310172
1986-11-01,0.33717236441114673,-0.0030479898365835347,0.06818684923928231,-0.0480401269610851,-0.18605600360413674,-0.07365490435748487,-0.0022150484808519774,-0.44290352951396594,-0.13635730636971335,0.32637572059264547
1986-12-01,0.43780635232510773,0.07120441718428742,0.0018870647181756794,-0.1059288699780741,-0.2408005821872765,-0.017255320641640072,0.05913953954244361,-0.13711142269047824,0.388634337910584,0.04403820762840601
1987-01-01,0.30636648121087445,-0.041641305912943447,0.07099632566678338,-0.10320049139761156,0.04755994173842417,-0.2132589551242622,0.006439043756793527,-0.008990118618715893,0.35128000059298103,0.49893357432805574
1987-02-01,0.3929423573224441,0.057749753343124016,0.06040594889782369,0.03572049881181409,-0.15194456971866985,-0.08104745600674604,-0.07637312051420118,-0.07707325572317296,0.21239334185208592,0.16475275445442933
1987-03-01,0.32198526289152063,0.024273670187183453,-0.015206498210318387,-0.0843327552560837,-0.1011121755754444,-0.014246738440281636,0.038072510677225446,-0.12152540412816133,0.04475542477199009,0.03311961101224789
1987-04-01,-0.000315469894659422,0.029474589973688126,0.0018120177628588863,-0.031839518417273796,0.07809855463639112,0.012013941650857797,0.014763642285092204,-0.15663056211038068,0.08957555650600364,0.13137657481890458
1987-05-01,-0.08223430132088454,-0.022129223261978113,0.01412134079146199,0.020463793208041498,0.0012772411934401787,-0.041924751791599636,0.0017679953838095944,0.005142885598946701,0.12982784371290887,0.07451241835951805
1987-06-01,-0.03534294664859772,-0.06060188307481654,0.001984106893360149,0.04496931008273555,0.002934733851694725,-0.027410894934390043,0.001080853261930101,0.00347003573551774,0.0704031836773668,-0.015081638971773477
1987-07-01,-0.026755326468011605,-0.10985139684349883,-0.009512334145256318,0.038425032530100114,-0.006773022436340091,-0.032704177539090856,-0.07498961343776946,-0.015847996215928684,0.03331244390990053,0.02668855640177543
1987-08-01,0.00955538581246915,0.039263160935803953,-0.003641592411440797,0.008102674638071367,-0.024369899445856123,-0.016453590344738315,-0.022486582690594243,-0.04935977133837613,-0.011710619686969688,0.01792536976818855
1987-09-01,-0.008505523083326609,-0.0001992855829360219,0.014092510446062079,0.005851774251148585,-0.0710203981315586,-0.0009482731960864889,-0.11351448027234451,-0.05812514911998402,0.05102599305765969,-0.04115304909646511
1987-10-01,-0.13011028261288352,-0.029215718820398928,-0.026201163927908055,-0.09985369660200612,0.20628976570048804,-0.03560465584332879,0.01297588003616707,-0.266168551011519,-0.12167630983250481,-0.04858008872431058
1987-11-01,0.25934199600116065,0.00020845083567752119,0.061285046103876084,-0.14594733234374754,-0.059348785541426974,-0.027523423872283986,-0.09178491583203569,-0.13146308335390958,0.2845535586987223,0.16656396194146228
1987-12-01,0.07944011493869449,0.20398485894296683,0.1873294764664024,-0.1581524048120745,-0.05031913833718905,-0.38696728848122264,-0.09554979920971628,-0.1168187910860235,0.10881924203463962,0.14032224336495766
1988-01-01,0.5493805460307909,-0.4180478114707797,0.033794977935031056,-0.45315738647214826,-0.25347391484488907,0.04377998411655426,0.1533234491944313,-0.49770761619914655,0.36518148013523644,0.09337983165795986
1988-02-01,0.3842202217682548,-0.2261379624114317,-0.02863987465389073,-0.20672123759023606,-0.23394797889279648,-0.012278274909870044,0.3105337786323884,-0.7627981901168822,0.43689555355480736,0.2612164673896936
1988-03-01,0.32474777620771655,-0.11035279900419946,0.00893290780368261,-0.04755171736882579,-0.03893087080246966,0.012738143119054872,0.06285974865450579,-0.08609475737268274,0.09001438239855425,0.38052682693188006
1988-04-01,0.023366512892686802,0.09507400294144948,0.018374724459135905,0.041478863286395225,-0.005208759594866088,-0.043801152826966464,-0.08619721869335455,-0.04135970703580162,0.07882391634796346,0.04697924551482384
1988-05-01,-0.09554764660804167,-0.04752473723070294,0.012847661855630577,0.008143314851387855,0.06869824629434398,-0.004699396447756806,-0.14802511626233658,-0.03663364120505073,0.04615537556154387,-0.0007181803364521608
1988-06-01,-0.025143279977466747,-0.1375406688334895,-0.020734843565151095,0.08667212340139574,0.004574891940598757,-0.01818038070121327,-0.1762495942267717,-0.10955095968463203,0.1770635667656149,0.097358448860737
1988-07-01,-0.06217908762071443,-0.07101664794426338,0.013479287861173361,0.056423571321272084,0.02198854303905662,-0.050701789960667897,-0.16196969572418168,-0.017322328957644375,0.008606487452717764,-0.025810168769497138
1988-08-01,0.013548100326696167,-0.043511880086917504,0.019549488933989778,0.04542674568872298,0.012650673972888733,-0.030686278399583457,-0.17421994833093063,-0.0016026365020397034,0.024550965255392448,0.010948753557526147
1988-09-01,0.022770691177119377,-0.006581558480712713,0.007712916521995794,0.0245382814037223,-0.02710354632475007,-0.003616522834006999,-0.037554697380127275,-0.07423579692840576,0.04819478573543684,0.025899360816066083
1988-10-01,-0.08585594756447751,-0.04646153207503113,-0.0470186306188225,-0.08070921345103171,0.18951401744090338,-0.009361292688629112,-0.03467688665670507,-0.33820764584974805,-0.030861059868974344,0.03633527085185051
1988-11-01,0.0920726391284362,0.0236152287791757,0.007754619582556188,-0.09537827103368697,0.06857468208796542,-0.02680474741233362,0.06184887652303658,-0.15378530729900705,0.058720786390560005,0.35041779852830446
1988-12-01,0.2874972055787625,-0.00539396515152618,0.0361172467819415,-0.006133506465102395,-0.24922108146506297,-0.005217973533010966,0.12197503272224874,-0.46799556775526563,0.28672045362847187,0.11139648894851024
1989-01-01,0.0953281622218049,-0.0944319747242273,0.06929954688530415,0.003677015868766654,-0.11846162903476769,0.008111584277169124,0.15496381868918738,-0.03083762458779595,0.25694817304611206,-0.053077792892089255
1989-02-01,0.1797041329352752,0.005283827126464423,-0.01779289377736859,-0.1444879678949233,-0.3695835529918402,0.05416065152432468,0.1452904486773061,-0.7084457440809769,0.4510263247149331,-0.04546802419309433
1989-03-01,0.04099224410627199,0.11991927144574184,0.04379469173727557,-0.0706305607191978,-0.04034456337841464,0.0038684729637729156,0.04847682282036426,-0.16011800278316843,0.17848447231309753,-0.04280140408529685
1989-04-01,-0.0936817053867423,0.03669275810905531,-0.012131447874708101,-0.09484764549040026,0.06139989365154589,-0.03635939965779717,-0.011400876603290146,-0.23729343305934558,0.10123196989297865,0.06632225301403266
1989-05-01,-0.04701395316616348,-0.01801259304378547,-0.0035705248592421412,0.05317069590091705,0.02793890332252207,0.029593718716421642,0.025226837982807088,-0.036604793911630455,-0.023045690198029788,0.04116166741229021
1989-06-01,-0.03264096120129461,-0.01282708847201338,0.015299392907763831,0.026842657356492935,0.012440629250986476,0.0041374666112903,0.04774546068088681,0.027223363180052147,-0.01150241504157228,0.017969869077205658
1989-07-01,-0.030049592580484306,0.00027717292587291085,0.002450600641168421,0.0497845331988027,-0.0469982256771813,-0.02655045104187888,0.03791670954110576,-0.03956784240224144,0.062172893168670786,0.0202028385291879
1989-08-01,-0.028197218299559925,0.02353639323629585,-0.0012614753359230235,0.01542953503949027,0.007204327102698071,-0.007967318005457118,-0.006621308264085183,-0.044632066379893906,0.025189183985016173,0.046739369057692014
1989-09-01,-0.011467306024354437,0.016801437253461164,0.007879177064751275,0.009926603055529056,0.0070074855179434094,0.0009884785646824417,0.006011697947613749,-0.02539767799052325,-0.021848489996045824,0.05702137445601133
1989-10-01,-0.09655899003795955,-0.005173876735509611,-0.008630512638774235,-0.026942035483737147,0.024843124121847287,-0.007072964532149804,-0.03965474692556788,-0.10774153877388347,0.048376839341861856,0.03187075758782717
1989-11-01,-0.3007304733214171,-0.0439572494988348,0.035587904130807146,-0.07013793914548812,0.13363690863192923,-0.05596959711732091,-0.0032831175143227856,-0.2808410742066123,0.1102546030389411,0.5147204376184024
1989-12-01,0.1819037872812022,-0.014940599965698579,-0.023784504446666688,-0.23514594762556015,-0.25191766695237494,0.03185789730097797,0.1362997924397681,-0.24053264747966419,0.586904159614018,-0.1005262781221133
1990-01-01,0.0064319126186487465,0.045939578729517316,0.013311686780070886,-0.025323381827723597,-0.17464084314628386,-0.011690086810975461,0.04288470007333101,-0.040135298940268425,0.47325896365301945,-0.13512907406458488
1990-02-01,0.14627558057722836,-0.03603952480297463,0.0293223733024206,-0.06723698348768296,-0.0597092887045632,0.030221138149499893,0.016055066211550843,-0.0151892328126864,0.08033899191234792,0.08757744127741227
1990-03-01,0.07788108904724535,0.014789304787329599,0.031972490751286387,-0.017862094025458058,-0.11069097779166531,0.015718478558434022,0.005430016009246602,-0.07808505134149031,0.12970996488417896,0.029317982709751677
1990-04-01,-0.13888005329215009,-0.06743332772862677,-0.020701669018308166,-0.034748741816128456,0.05176365900207573,-0.018245817438976186,0.0542394132079447,-0.39003288204019715,0.004613036955041544,0.19546774430916858
1990-05-01,0.05680183353631393,-0.041011030621388375,0.0028499380277935416,0.013114107892878594,-0.07723109193251167,-0.022075410831618954,-0.01855293287685616,-0.049197995527224106,0.022063247992524078,0.10368947226267594
1990-06-01,-0.08867955564156822,-0.08358341075626075,-0.002170853258576244,0.0704932417119703,0.022619878742056836,-0.016189221846493514,0.06967400949375302,-0.034236708147959274,0.026215112302452322,0.024866577810966052
1990-07-01,-0.026413721396871235,-0.05255878409918617,0.06442897629312938,0.05664529819642344,-0.02483641072897844,-0.012303460892793295,-0.0036791476019311185,0.01858603378588503,0.018826569430530068,-0.022098801743525725
1990-08-01,-0.043300571648970894,-0.05110343370367499,0.044589900790015236,0.024954334742599917,0.01664814001447718,-0.026566248286414792,0.011546947016362465,-0.055678080428730355,0.012624775159305759,0.02469093216439852
1990-09-01,-0.06875027295040047,-0.03945275995076871,-0.02015130885411054,0.05635788604136436,0.0871787083820558,0.001327916539299327,-0.1345715960305111,-0.1360748979178342,0.019378738943487402,0.1256957363623839
1990-10-01,-0.047399200822996056,-0.01669397358508671,-0.01574835041537881,-0.00042337520543726223,0.11289060955316249,0.0014700911108505082,0.08259082541746252,-0.015592856163328343,-0.24540150271994723,-0.007375080783206683
1990-11-01,0.061665928882101304,-0.0030321443416908675,0.01838300870531384,0.0389299685916593,-0.02221340234850494,-0.10314904958815188,-0.01405838000423768,-0.08482635021209717,-0.0031648646524575137,0.3461475269152568
1990-12-01,0.357555047325466,-0.20183305822166742,0.22519316989928484,-0.20991691177891147,-0.017262605661657496,-0.15457769906198657,0.0016980676674375346,-0.3650633855299516,0.10908709040709903,0.46614141991505254
1991-01-01,0.3352032731408658,-0.236591521431418,0.03578693249437492,-0.28771515334806136,-0.2332850241325271,0.028135317906334594,0.187229301196103,-0.4080071232535622,0.11439469775983264,0.07699435003674947
1991-02-01,0.5412087492320848,-0.4908371789782655,0.03092430197284557,0.0018102939300719768,-0.2416530125577685,0.07722150232340838,0.14338549956971525,-0.14704590493982486,0.41931747858013424,0.18943880613033587
1991-03-01,0.23330145555993784,-0.06996326002420164,-0.04570282908389345,-0.020322911140899503,-0.14347938794485282,0.014537536362941202,0.11477674193242017,-0.10806643150069496,0.02982943717922483,0.1319211979325001
1991-04-01,0.07925574546274931,-0.013413005417176322,0.01382088812533766,0.04696958968716283,0.008584678986332786,-0.06053252900774415,0.02303523075419898,-0.02973218194463036,-0.019469925401998416,0.19251523682704338
1991-05-01,0.006766084318413682,0.05772094808372796,-0.02490377228241414,0.11266129872491283,0.014085919451965414,-0.014906677392286223,-0.09337671046309612,0.03621923652562228,0.022615718522242135,0.11868497643333215
1991-06-01,-0.020126382941785065,-0.029430620591430104,-0.01791664753909572,0.06234375459532584,-0.03068146991058135,0.03422379896447465,0.17345218837042065,-0.00035680380692197514,0.07562703852142606,0.05301503249658988
1991-07-01,-0.02262590695982394,-0.0467884116897396,0.013684252371604089,0.02236348246374438,-0.017240576603463,-0.011901031374125867,0.0827042253541888,0.008092045953327959,0.01754383889159986,-0.023978396963614684
1991-08-01,0.002398147025024113,-0.0050471520380062215,0.012144604261266068,0.013462976822929998,-0.02751086222034105,-0.004251211302707324,0.020427403882529366,-0.013221842660145325,0.04455644437777144,0.00395959852120051
1991-09-01,-0.020684399034665978,0.023559681779029323,0.012607426106114872,-0.011475364707650678,0.06873086619545037,0.009489121746171164,0.019775901170100505,-0.1082060079682957,-0.0125207139977387,0.08620851888106419
1991-10-01,-0.1324708128105039,-0.053347943021970635,0.015430382882186677,-0.019177914627136722,0.22753877958781285,-0.01686400029103498,0.06986768646896177,-0.07809047671881589,-0.2708023946200098,-0.000607007789837483
1991-11-01,-0.0240784077702657,-0.007856183447966389,0.033628660821705125,-0.15720354933892527,0.20072959678273805,-0.047266322213250236,0.06450390735385464,-0.23743959990414704,-0.15812723764351436,0.4139196127653122
1991-12-01,0.19223234899665997,0.055042121048067126,0.026555715885479003,0.01734991017128191,-0.17183982360530908,0.011124777783815926,0.04994698489705721,-0.16046192158352243,0.28184088213103153,0.17578495809665093
1992-01-01,0.1405614549699037,-0.042296040291879694,0.044746161984221544,0.09157839681833022,-0.06440640230413894,-0.09675267580393199,-0.0367086599854862,0.09489552541212601,0.36625436374119347,0.2917945958100832
1992-02-01,0.28835130126579944,0.14462887364275315,0.0070663496444467455,-0.009883297306876029,-0.21205191880884305,-0.03208961287463034,0.002594133291174384,-0.018882709131999447,0.3840311297348567,0.11991568339558747
1992-03-01,0.21343467676121256,0.01931958740540579,0.03607152175391093,0.0312239802893131,-0.11806036804763365,-0.032594183308852685,0.024889254321654636,-0.14541667970744046,0.12563333979674746,0.2911914139986038
1992-04-01,0.09061528936676357,0.015754482763655046,0.003929549131953536,0.049061538471329595,-0.15596510239050423,-0.008124493792451717,0.05176497130271267,-0.20999884063547306,0.026290285001908026,0.12305125307578306
1992-05-01,0.09899416371532108,0.0323293146257307,0.008434477786067873,-0.0011435788755695666,0.05578844689987075,0.007175313736739996,0.04840306389857741,-0.15916644172234967,0.08430836190070425,0.05121773037199791
1992-06-01,-0.06595168100750964,0.0073670048960575866,0.028745327290380374,0.02454099575838735,-0.013898642287707666,-0.013133761397487408,-0.008286581392966065,-0.054784705015746026,0.03179601460163082,-0.020991948146659594
1992-07-01,0.009299570735058058,0.01976388123105554,-0.0002865295755327679,0.007710966371720837,-0.05390343426818579,-0.011967060886122085,-0.02563605815464375,-0.06100406023589047,-0.007350329542532562,0.01711708386070453
1992-08-01,-0.01073482993018368,0.027069714212534474,-0.012455861360649578,0.00595046928332698,0.029460057406358316,0.002409494010026793,-0.019438532135431088,0.02422174946828322,-0.037623266689479344,-0.10006094637971658
1992-09-01,-0.0386762635215469,-0.02775260009894184,-0.008206475649785716,0.020013048103259455,0.022012192073842172,-0.019934681571415952,-0.025484550004715428,0.06710541519251736,-0.06029052393777029,-0.00352570518421439
1992-10-01,-0.11955270462709924,0.01042452001688527,-0.00236056002904661,-0.12530309538687429,0.19532347648916112,-0.022065881136301403,-0.015168655298504174,-0.3243352066386829,0.11646977758833339,0.274097747527636
1992-11-01,0.22885828562404797,0.08335067507098702,-0.0035130674405081663,-0.04480869899834356,-0.009821791490408736,0.01922470039209804,-0.053339335592646225,0.0878863443027843,0.06799643327082906,0.016246239941280622
1992-12-01,-0.06170746991815774,0.05862934916627173,-0.0062683611758984625,0.05033973063672743,-0.1995989974115936,-0.015792814460960595,0.08191205195936502,-0.1679764146154577,0.11128282307514122,0.23080836981534958
1993-01-01,-0.18701550105343692,0.3291736923012079,-0.013731219223700464,0.029662834300148874,-0.06723529855969926,0.17781239506360647,0.023660706538780062,0.047714361412958664,0.28568554137434277,-0.11418951102174245
1993-02-01,0.3326749995998714,-0.11793192402989257,-0.17006384441629052,0.22378883534862148,-0.24343090997615333,-0.12469433650777147,0.08717251612859614,-0.13302253051237625,0.36286123629127226,0.3783875933060279
1993-03-01,0.20556373764639316,-0.18920598953377968,-0.002748265251284465,-0.05367192770204236,-0.07879188362981232,-0.08561823617767643,0.2058647207769693,-0.15069777315313165,0.2619692257472447,0.25172858284069943
1993-04-01,0.014350188734090845,-0.06599513192971547,0.032397534960182384,-0.06478927548854582,0.1350173333161314,-0.14354404364083265,-0.15100275403728672,-0.04620822993191805,-0.007249856467491813,0.3071002375621062
1993-05-01,-0.39320144316424493,0.3113377620192135,0.04849909673794173,0.11092193665043,0.12279591509993648,-0.12803547889799685,-0.2952449388948141,-0.03684916956858201,0.08620764794094221,-0.15611480921506882
1993-06-01,-0.023313277684476063,0.02366836529736425,-0.010457450116518885,0.05733365974118633,-0.07163202258902536,0.0148991185769036,-0.33824842368416924,-0.00929458744146607,0.02169750930209245,0.05281705839129595
1993-07-01,-0.00883690891382487,0.005192974783187988,-0.0017048907466232777,0.040584832670227174,-0.03783108902649141,-0.00760693392540152,-0.08050800008954954,0.031246475198052143,-0.03822560954306806,0.06604800000786781
1993-08-01,-0.08098486325015192,0.012301796974212515,0.03882634191541001,0.0335294512971755,0.015419112964415215,-0.05793909768800478,-0.1792541191474918,-0.012834253297610716,-0.0023399797750503887,0.031254891879283465
1993-09-01,-0.02322205666290677,-0.020388168666292637,0.015293157048290595,-0.02194101952256695,0.11399060907498212,-0.057812588843139445,-0.13342232251649394,-0.07151752710342407,-0.11078547686338423,0.056876965726797395
1993-10-01,-0.06652001048559728,-0.08160420054314182,-0.03313015622552484,-0.013928262576941521,0.10590660320201391,-0.006868488885260917,-0.030343181581473817,-0.31606313857165247,-0.027236533683857745,0.23178829310032037
1993-11-01,0.06491045831986095,0.14034024640625598,0.02627305220812559,-0.12609015309041546,-0.06603225540946907,-0.13726089854498166,0.013781616500779694,-0.3474084084684198,-0.00790919709418501,0.3871240008335847
1993-12-01,0.19652590803478073,-0.06263459137841766,0.04047548572998494,0.08690814457593425,-0.01463278944433575,-0.13583248128762115,-0.009366240028255418,0.0038466331633654504,0.3459175250359944,0.340043122951801
1994-01-01,0.362731062847635,0.014960691880653887,0.052839634008705616,-0.27751768788983744,-0.2896662329284238,-0.13940892106777913,0.04991025974353155,-0.25121165947480634,0.6643272404159818,0.17946937049810702
1994-02-01,0.13678689365801602,0.11422001555854198,0.07267646578839049,-0.14725063116319717,-0.230674340691365,-0.05506303765483805,-0.00927795875160133,-0.5064324899153275,0.14161551371216774,-0.06686466244550851
1994-03-01,0.20390640458335046,0.03433830890001035,0.03894923138432205,0.012890817297081794,-0.06264967083091467,-0.06555989888068792,0.07516864650681906,-0.06071187555789947,0.21741875846471104,0.3132168490153093
1994-04-01,0.08151596816985503,0.10486590657748428,-0.0026178924599662423,-0.00889366417522392,-0.08362371631911103,0.010516368658156009,-0.018884623697137132,-0.26490615172819654,0.1426041791481631,0.1204032594194779
1994-05-01,-0.08992023928009946,0.03914151559857761,-0.008968949259724468,-0.013886866790633048,0.05980578946395659,-0.00869971007813473,0.0545241367802316,-0.17162557352672922,0.1690608848418508,-0.09561042086436199
1994-06-01,-0.0530408006971297,0.0044871231212335475,0.01048613412422128,0.0333258792036964,-0.04153357897426041,0.01818870974553598,0.07610722426690307,0.010338633913885462,0.06364745620105947,-0.07324322628287168
1994-07-01,-0.06074217836494031,-0.0035462019892007696,-0.014713926066178828,0.01076578853591796,0.018530773182570095,-0.0048901039377056265,-0.03676047347778199,0.008157000622966072,0.001366607570422015,-0.0667534123819608
1994-08-01,-0.05154719819193301,-0.022603438107990752,-0.0037457650250871666,0.010937296845499546,0.028295329653880968,-0.01350457377329066,0.002687237586132159,-0.0616517730734565,0.031072606465646194,-0.015973546900428258
1994-09-01,0.00015976949488622662,-0.008967515154212128,0.012036983025609516,0.009541421557866758,0.01764871232526403,0.004206499638589653,0.018651843728388056,-0.11803723194382407,0.07568651012011936,0.08532947215896386
1994-10-01,-0.0036091984087682286,0.053992765206916656,0.019758565758820623,-0.023506081572944117,0.06264705788081801,0.024848640267107938,0.016349946678269143,-0.09392237121408635,-0.0014344363340309688,0.2288310143810052
1994-11-01,0.1675649829532789,0.057037306182524734,0.009844321175478399,0.03309165458044698,-0.07201294139237471,0.05188458473295779,-0.15285676436535284,0.008969966491514986,-0.14236541464924812,0.0007441102262908736
1994-12-01,0.08906613549460535,0.06741801021145839,0.054176901176106185,0.14372960694374576,-0.015047575596352699,-0.04184949841048267,-0.048215068219339144,-0.03576109355146234,0.005298847931304148,0.33880039476431334
1995-01-01,0.2182467476181362,-0.006290305150198001,0.054316382738761604,0.024905115846664674,0.006704586623630054,-0.019548097121957188,0.057187463686454526,0.04584782164205204,0.33825343208653585,0.18255032885533112
1995-02-01,0.2227595804826073,0.14070551477226556,-0.07745228067506105,0.051231808479755156,-0.2765261791121792,0.0199705727297712,0.11209188138737398,-0.18499979918653314,0.2973831923944609,0.08900450685849556
1995-03-01,0.5102645443833392,-0.2556820710500081,0.04315989353926852,0.015539016514535873,-0.10731483639126094,-0.12869203614222036,-0.02090096035424401,-0.13107420368628067,0.05987166826214108,0.37289167252870703
1995-04-01,0.21787499604017838,-0.06769341142738566,0.06707327484036796,-0.06044402478202697,-0.09186166063160964,-0.14534087197200674,-0.03254818638750151,-0.08911619809540834,0.05134440891976867,0.19270399442085853
1995-05-01,0.05017718624161637,0.09075458727630914,0.05886539292987436,0.03828561354068018,-0.05078880299984569,0.009628527520878895,-0.1044071612733544,-0.06898919289762323,0.040928643595959456,0.0701678701891349
1995-06-01,-0.01947167531951614,-0.02479945656423475,0.03334689390612766,0.02987133939900706,-0.022154471928804695,-0.012123507976129249,-0.2116642618442283,0.04273159937425093,0.029216084762343334,0.02162925934848877
1995-07-01,-0.04098695581373961,-0.06604249424794141,0.0030826107831671834,0.04418117685183402,0.022168709358698885,-0.014118611107806902,-0.041388469638631624,-0.005481479350816119,-0.013480100148756589,-0.039902444069202125
1995-08-01,-0.0020329296366190133,-0.012770406536611855,0.03065758282900788,0.06932593401401274,-0.007261189592766091,-0.023952891697754733,0.04712884478709277,0.041782388632947746,0.06132776449833597,0.07383998913260606
1995-09-01,-0.018905546597164608,-0.025278008451648785,0.06476970302173868,0.00786061639026288,0.07713821152566185,-0.005513861322322408,0.017500444151022854,-0.15842563726685263,-0.054239381902984204,0.11018086941196367
1995-10-01,0.06045147614634555,-0.04796902923022999,0.0005123336450196803,-0.01049939873478105,0.05009313914137827,0.02277023033113093,-0.0010984803677773942,-0.015872093764218415,-0.22929286850350242,-0.08225248266871159
1995-11-01,0.11734458739342897,0.017437632834794475,-0.009411197970621288,-0.10835023656968147,0.11804488972878792,-0.03944891127380165,-0.0036571193121227564,-0.4021823406219482,0.11142316008252756,0.2763876548180213
1995-12-01,0.2880677580833435,-0.10908647056888131,0.06601697532460093,-0.0970011937522119,-0.10958439867261431,-0.10606798569898347,0.1136765322264503,-0.08853220126845619,0.3559004515409469,0.21641073891749749
1996-01-01,0.38540418381276337,0.11540989519334306,-0.005964469164609909,-0.26249625990467684,-0.24738800777515896,0.09991386653603734,0.09826693829952501,-0.4966805197975852,0.43209620884486605,0.00985247494939428
1996-02-01,0.11640838144913963,0.005431832544797776,-0.014871713574393652,0.18373577585143427,-0.08928443134670527,-0.04068678496657191,0.0915103573717323,-0.04709883847019889,0.49680966351713446,0.2309290262369009
1996-03-01,0.14786708938038867,-0.0194111345883678,-0.03698587497638073,-0.10997169921475072,-0.07026195001434273,-0.047804974019527435,0.11218309986825083,-0.15274814584038474,0.360090152493545,0.3324471414089203
1996-04-01,0.08922674409721208,0.10739532025421367,-0.022525782696902752,-0.050607089313768575,0.07631119183251556,-0.014237187349715748,0.00950947801089462,0.037041032178835434,0.0692943244108132,0.17017594610269252
1996-05-01,-0.12453871414713237,0.018848319921423405,0.000945797364693135,0.05144433028274967,0.0068281383686502215,0.003954013998343333,-0.030437872434655826,-0.014747178012674503,0.044473866000771516,-0.08973373243441948
1996-06-01,-0.008057682957176281,-0.0022795850264967655,0.0036323675885796547,0.0615865653080325,-0.05012589546156601,-0.008005397771862714,0.028785249200083463,0.1336780461398038,0.03886400788490261,-0.02504349507104892
1996-07-01,-0.017122005152961483,-0.008349197314066045,0.030716563924215734,0.041466774118523446,0.0014902535222575698,-0.02044304399876981,0.016147228569595835,-0.0854573602026159,0.05956475090767655,0.0644871391929113
1996-08-01,-0.031822302338221795,-0.0373173614635187,0.004037234248244204,0.040187458357503335,0.026044879161136254,-0.027259816793171136,0.01007876833718197,-0.014878978783434086,0.05271409172564744,0.022591367507210143
1996-09-01,-0.0015492591521014338,0.012520319946548519,0.01289553547394462,0.0031767766021432416,0.03461078543898086,0.003931632051496087,0.03810881947477659,-0.02850611778822812,0.002949833703626479,0.12670114922981995
1996-10-01,0.06322369546346042,-0.011957737197186432,0.006522377543660696,0.056261437073830634,0.014161740915036539,0.008876451819732383,-5.570952506626354e-05,0.03055704588239843,-0.07250510555292879,0.09696693517840825
1996-11-01,-0.03659477781342423,-0.03958157099345151,-0.036481296410784125,-0.040462607097241185,-0.08577856589371051,-0.0007592174665045899,-0.022410783989756714,-0.08377019654620776,0.22966082074812477,0.2546753447789412
1996-12-01,-0.23080628851185672,-0.03307134862623962,0.1062052404449787,-0.1654777435525771,0.21523369449964713,-0.07925604444903296,-0.05806347391768998,-0.2931598370725458,-0.0156053458340466,0.5037812086252066
1997-01-01,-0.06324139869083528,0.02767062727727142,0.04172337066847831,-0.17802316334939772,-0.22607412136776348,-0.017933849547360395,-0.03883418827956798,-0.47797392715107306,0.4411280155181884,0.15743420674250674
1997-02-01,0.1606794641069744,0.023580572622663835,0.014757050576008623,-0.07148796031551977,-0.24134031903575845,0.05822039737894728,0.05231980490041714,-0.014600642025470732,0.39237256028822487,-0.1972254365682602
1997-03-01,0.16299902420976886,-0.009805410552550764,0.04899715131614357,0.03724459318384048,-0.2516182165750316,0.012313488971542668,0.02216679208418902,-0.17750427126884458,0.1618447048323495,-0.03148424080931223
1997-04-01,0.26320355093997455,0.03588548404913323,-0.019279214575362857,0.004608977601052292,-0.09087115316323832,0.01923488578884988,0.08651804836357341,-0.07389130240136926,0.030060425134641782,0.36690802528307986
1997-05-01,-0.06300430420948111,-0.06124539410366731,0.016756436889409088,0.02841958776116371,0.03193795785937511,-0.0050255698403595265,0.02084637069892065,-0.1040199195796793,0.12324585446289606,0.0414376612752676
1997-06-01,-0.07132408411606499,-0.11537232089276407,-0.01953833270817995,0.06436824558242675,0.02647107335883127,0.016877398750669247,-0.049078990431392897,0.017631453546610745,0.06670899955289704,-0.032409592173420466
1997-07-01,-0.03851921419086663,-0.0390015798164349,0.10847904777619988,0.03720488279096542,-0.00939609443532749,-0.042610303372950166,-0.12881732363180787,-0.028317018666050648,0.061922620183655186,0.03448966174171521
1997-08-01,0.01839720644056797,-0.11821027626009548,0.004837587766814977,0.02115378306517678,0.0056519028796276575,-0.0003216699484697971,-0.10152323281063753,-0.09908626702698793,0.03473896732819932,0.008103859503395282
1997-09-01,0.01878796307289082,0.057693877640892476,0.024852590649970807,0.050379741456239455,0.005887128727536806,-0.023356701775982574,0.03774324614627689,-0.08090186525474895,0.1326379898403372,0.15247618922820458
1997-10-01,0.05226053459488827,0.07885736869830712,0.04716615949291736,-0.04367448329444854,0.02871209781774333,0.06092418790669055,0.09215804291706459,-0.14234171672300858,0.02992330451628991,0.20450888058313957
1997-11-01,0.21208597590094028,0.16238817981645173,0.04307800700189546,-0.20201090843446792,-0.028376247156673754,0.02036053888701104,0.09689170355890311,-0.2710138396783308,0.2091100306383201,0.132245785341813
1997-12-01,0.4683625115000683,-0.09459381302197774,-0.024048924387898296,-0.09918548166751862,-0.17643153247698934,0.050662508284723434,-0.031229492057772243,0.022381733764301644,0.4427477983491761,0.11475955924162498
1998-01-01,0.24793013606382452,-0.2798716227213542,-0.04957810087944381,-0.15906654298305511,-0.05833621491009081,-0.07783622053023931,0.24483146912911358,-0.1691649854183197,0.25736034980842043,0.18392630781118685
1998-02-01,0.1115748739760855,-0.22928543827112982,-0.07837585581000894,-0.11366300525203828,-0.09480091467709609,-0.07511360218396058,0.17575793990901872,-0.020103427496823395,0.18522108771971293,0.1166192814707756
1998-03-01,0.26982214463793713,-0.11825844937679814,-0.06428354536183178,-0.047442133748723615,-0.15047135907159725,-0.05051743843265482,0.09829325637981003,-0.23993389172987503,0.2299118787050247,0.23695637400333697
1998-04-01,-0.013520071566428827,0.22093278228067884,0.05398466601036489,-0.04684377101159865,0.11413134109806007,-0.08039964312637174,-0.21370707408470266,-0.08541028607975353,0.020876767978604348,0.3241928437581429
1998-05-01,-0.18507418749125107,0.032390756349937586,0.0025402841856703162,0.10529414059654359,0.024548348721484065,-0.02185889846972517,-0.032233060611521494,0.005577218041501262,0.023632932321301526,0.04486992167165646
1998-06-01,-0.02904815356368604,-0.0031074630005248623,0.015022681691334583,0.07173312046835499,-0.021733735806085695,-0.013868349629479486,-0.0030922297132658025,0.011223073710094797,-0.02357244292008025,-0.03261931527119416
1998-07-01,-0.07450095499339311,0.07991093923063838,-0.020601850337698124,0.016414082699245023,0.0055800749539909236,-0.0035818002337740886,-0.032682822761582395,-0.12398345903916791,0.07643210701644419,0.046186851194271676
1998-08-01,-0.016077837663824143,0.005841883374195473,-0.022442553199653048,0.028933428468242768,0.009303886941830878,0.010772793226548144,-0.04600491374731064,-0.04385789348320527,0.08277775985854012,0.030904908019762773
1998-09-01,-0.004877050346492425,0.04248626384080625,-0.01065775959432358,0.025147513576572942,0.01236611557468562,0.00540467570661693,-0.05751679761006551,-0.038480375978079705,0.16349051147699353,0.0927104614675045
1998-10-01,0.17938725650310516,-0.006018658442532315,-0.016459430480608717,-0.006876552417393654,-0.11269523644111526,0.012590354811903593,0.034449698732179755,-0.191873393275521,0.16985656693577764,0.3068075730250432
1998-11-01,0.41823597705882526,-0.011581357787637149,0.007479175428670715,-0.05918274363202433,-0.22339720121571716,-0.015269807615392917,0.02565927068502003,-0.17310387708924033,0.15293816104531285,0.3366866937050452
1998-12-01,0.08674683454244032,0.06367457555789574,0.05077963724033907,-0.11119667080140883,0.09077636288924956,0.013677305164369376,-0.009523005014760237,-0.23464847694743762,0.04659470370305436,0.2502819953056482
1999-01-01,0.015753149257405945,0.038615986704826355,0.03948165540350601,-0.2358477202153975,-0.10352343530722068,0.052801569974100265,-0.10605495532645899,-0.4382160847837274,0.3960255533456802,0.24286511425788584
1999-02-01,0.6043053839517676,0.0217563892696418,0.07962919044075534,0.09011194830940616,0.018832585971120377,-0.06058385746704566,-0.011090793665133271,-0.0483359159393744,0.04113138254199709,0.5709973092262561
1999-03-01,-0.33346855122110114,-0.10882228905079411,-0.0021732921595685184,0.16830192217903753,0.08307371655820121,-0.0819897631535659,0.0859957975883256,0.09789958596229552,0.2311202830501965,-0.005624338518828154
1999-04-01,0.14977494011754575,-0.016517970053588644,-0.0018738755898084491,0.021968154056418325,-0.0684980827737862,0.01278634661355534,0.06728924299572028,0.04581930962475863,0.054182784099664004,0.1629868522286415
1999-05-01,-0.08952082337244698,-0.03050275548708205,0.017929812383954413,0.05951169277391126,0.021875889735742355,-0.06617938445226566,-0.07090956684859359,0.05496040663935921,0.03847924194165638,-0.10426750120062094
1999-06-01,-0.05107122351941855,0.04591279681406769,0.018196784367319196,0.04004451536363171,0.006079639662319506,-0.06856255837388942,-0.13902870043381757,0.025620860132304104,-0.02133207661764962,0.005921021623250383
1999-07-01,-0.010553874966243038,0.005373117221775008,0.09630460117477924,0.052131586257488496,-0.024082070924866368,-0.040858822899895744,-0.09000974241644144,-0.007333029908212748,0.06254444430981362,0.018211851756160077
1999-08-01,-0.013957029896909775,-0.02629767519001867,-0.0036956362237106077,0.042350331862126625,0.038307133904645144,-0.07074573454824654,-0.12724269911939023,-0.05767268890684301,0.07380077482334205,0.027051680864622958
1999-09-01,-0.022896741638364998,-0.08787609198514153,0.02500140108168125,-0.031461152097871224,0.07825718904045266,-0.030514089440977252,-0.04784019079570677,0.02630965784192085,-0.12119976537568228,-0.018103705504192755
1999-10-01,-0.1443813514450322,0.08221419856828802,0.02915545628638938,-0.031513498435097355,0.0846685762976257,-0.007420566209868805,-0.033552070860477054,-0.2229894155805761,-0.04318774943905217,0.12278142743385755
1999-11-01,0.15725532303685727,-0.11616862725977804,-0.006680738442810252,0.034682864263173074,-0.06057533474875168,-0.11218640248517732,-0.04952605813741684,-0.10276847942308945,0.22317683324217794,0.4209734212893706
1999-12-01,0.17686774549276932,0.006362373538899655,0.0009863026207312942,-0.05518500242502459,-0.00586117302972666,-0.04864484575149176,0.038287664453188576,-0.04766265438361601,0.26472737746579306,0.40550057131510514
2000-01-01,0.4139608015184817,-0.20300636396688573,0.02924498840002343,0.09352377946338346,-0.20411073322027504,0.053281976363143406,0.10599152495463689,-0.44576661153273145,0.09426895662077835,0.36952306444828326
2000-02-01,0.18527276166107343,0.01781260521680701,-0.09995145665016025,0.035865695005463015,-0.3335156491104986,0.06850405117949925,0.04866931076143302,0.010931646790016781,0.45686209840433933,-0.07613835713038078
2000-03-01,0.24289532524088153,-0.04809558318526137,0.05754279072789359,-0.0038717711915171914,0.02950698557034345,0.01746508217341191,0.059546654423077904,-0.1439908824183724,0.0014422254545414554,0.3529843516074694
2000-04-01,-0.2240938822860303,-0.09844588006243986,0.038375799340428784,-0.030432599446465893,0.16558701303643242,-0.040334153517677974,0.124286403696911,-0.04276581447232853,0.019685485001121248,-0.08896636561705516
2000-05-01,-0.045363252739543496,0.04687136513929741,0.027919864078285173,0.05291778474084793,-0.010441206920314843,-0.1017680945428642,0.07883651437712651,-0.05306147377599369,0.042612594552338116,0.05360378955419247
2000-06-01,-0.05769461555325466,-0.004307807003166161,0.02508631514501758,0.01862732272955679,-0.029307839946008066,-0.04392346820315799,0.06636968795575347,-0.052627426656809716,0.031509912306708944,-0.060427840799093246
2000-07-01,-0.06950971387002779,-0.032930138210455574,-0.007790482140990207,0.02559294563628012,0.013025460476186914,-0.03039362412449476,0.02475134051386632,-0.050581415945833375,0.07372346174504076,-0.0059491484605062464
2000-08-01,-0.05406707363284152,0.0005507425692699411,0.05148647687747143,0.04386218685296274,0.01951827418426393,-0.018684815212681487,-0.08515990613137975,-0.012342540377920323,0.052569799923471036,-0.042240042239427567
2000-09-01,0.0003279066257401491,-0.035171232679310965,0.03344148863106966,-0.00806966601240058,0.016836251433886274,-0.00608943755159507,0.025326144132836192,-0.06894620304757898,-0.013702131608234983,0.0011212827163175321
2000-10-01,-0.07118803003559941,0.007122847269855293,0.02925336084445007,-0.01640309309286456,0.056524716422591416,-0.006133550778031349,0.10028226739343475,-0.114479430697181,0.034842769881444316,0.2020772833090562
2000-11-01,-0.1649101629205372,0.024881416603046304,0.02250634006486507,-0.01956977310680574,-0.01894586758924202,-0.026082310422852233,0.10085073025787578,0.014132043685425411,0.16093034563320022,0.34392066299915314
2000-12-01,0.15224884061709693,0.026576739608072768,0.039907619066070765,-0.28185810773603376,-0.01681651526563604,-0.012523112063472336,0.21305692692597708,-0.23920289494774558,0.3127175516315869,0.03166719554708554
2001-01-01,0.45909842719202454,-0.020567322259440142,-0.0031525283702649176,-0.003191319129039203,-0.20855644219358205,0.02160785417701747,0.21488090210101182,0.11135300452058965,0.41812559855835774,0.06498144939541817
2001-02-01,0.17806320734646008,0.08770457523710587,0.11369162530172616,-0.028590353265885386,0.05534440279006958,-0.04681945350524542,0.1317320793282752,0.037515471604737366,0.28833499444382527,0.05337960946445282
2001-03-01,0.014080086965923723,0.0774515537070293,0.006654337630607188,-0.16864032274292362,-0.02333718601246955,0.030225225900476042,0.13061885301973306,-0.13355489481579172,0.059200637042522423,-0.016155677775924023
2001-04-01,0.1536001653774925,0.012218323079686538,0.0448460690677166,0.03260354241055827,-0.007693096995353699,0.024570864499420732,0.13300581451724558,-0.041889382356947114,-0.04402322228997945,0.26058087555261755
2001-05-01,-0.04863439775679422,0.029662934442361195,0.00861028908047956,0.04923028811331718,-0.0528941272010266,-0.003388811318153465,-1.039383385111304e-05,0.054918249899690796,0.033042127532618384,-0.07366965023370889
2001-06-01,-0.05682542839128038,-0.01819084088007609,0.032937723881332204,0.010608535470260728,-0.021367722099096004,-0.016882810489954176,0.0003534926138087815,0.03455664285204627,0.04320154964391674,-0.022163838506318055
2001-07-01,0.0016489243337317653,-0.015102888402693412,0.028808635397581384,0.03980449851482145,0.001816561078311692,-0.004103452571340509,-0.021602730631974397,-0.09319742972200566,0.08608094150466578,0.04968977390000453
2001-08-01,-0.024314210547701172,0.03192104837473701,0.009126630902756006,0.012215383110507842,0.01989521847014696,0.004946045275475528,-0.0012591291463239958,-0.007143316113136031,0.04053119170878614,-0.023762199382942457
2001-09-01,-0.06818873402865036,-0.05308673808387682,-0.0030840965337119997,0.006696591604380839,0.1120691777954639,-0.00915204401354532,-0.040221497343451366,-0.00772305510260842,0.040893343144229474,0.039102549019914404
2001-10-01,-0.1018252304714659,-0.02777217613423572,0.010257846224703826,-0.049878632830035304,0.08700496294129063,-0.0023015977726695506,0.03379046113467684,-0.16840025782585144,-0.06183469668030738,-0.2789619450385754
2001-11-01,0.12870652844076572,0.0030342507742199243,0.028591769660124555,0.029535345252483122,-0.07629592863606735,-0.02468919532524573,0.03154218817750613,0.0234038501300595,0.18201379903725215,0.3799132143075649
2001-12-01,-0.15379724943119547,0.02277731968491685,0.10685171582736075,-0.091108157029075,0.1576688822726129,-0.02533113583922386,0.007226199422981225,-0.05305407399480993,0.13501589585627827,0.5606004825005164
2002-01-01,0.15296696320824,0.03803687937119428,0.013241041961009614,-0.11344811608714442,-0.1839232906489305,0.004606877730504886,-0.09217557597759307,-0.10242121463472192,0.37746211247784744,0.03240022163551587
2002-02-01,0.1859804048486378,-0.05790548508658128,0.036990603257436305,-0.06302388445023567,-0.09556667695582753,0.01640178867288538,0.03985938360439796,-0.14079760421406137,0.19427456759980744,0.07437974071273437
2002-03-01,-0.09902408751456633,0.029201171927007975,0.07768219511490315,-0.1376764428231024,-0.024163720368499488,0.0038381533797931027,0.09692543250161643,-0.372681590643796,-0.046763033606111996,0.05310577197143664
2002-04-01,-0.006888230310995941,-0.04351475440403994,0.03976114639954176,-0.006293763421596058,0.03903135657310486,-0.05817412323242909,-0.05999974924705776,-0.18134524876421146,-0.06133074473057474,0.11873507442382665
2002-05-01,-0.014616546990430872,-0.11252740434571808,0.07507054542656988,-0.008937479898093209,-0.013058476517318,-0.009737463315596452,0.020798972771302156,-0.05939878523349761,0.000882172753335908,-0.042375134160885446
2002-06-01,-0.0017306282762033136,-0.09943460863010556,-0.051338695629965514,0.03989859514178768,-0.053799708544368476,0.0032212566332639873,0.005614843822139151,-0.03370695832100781,0.08106833722974573,0.015184881452184457
2002-07-01,0.018858939976147984,-0.08615688512138292,0.031393131939694285,0.04437058683364622,-0.012809594332332343,-0.044220298327304224,-0.05838141352047815,-0.039280971342867066,0.08680877674903188,0.04753847248279131
2002-08-01,-0.028692910690670426,-0.08532469909565121,0.007868696411605924,0.043137173258489175,0.005801214875889496,-0.03723211687158894,0.028255327111657926,-0.012744439088485457,0.01280995368558381,0.042145695680609115
2002-09-01,-0.01979295123854409,-0.05528846134742101,0.06729512533638626,0.025721846689139644,0.08693200496720596,-0.07117618177388166,-0.01964719929531509,0.02262430604208599,-0.04772083900336708,0.03895469081516449
2002-10-01,0.039688594963239586,-0.03571167369099224,0.10969292488880455,-0.051163665709957,-0.0019978382624685764,0.0041280162042459925,-0.10731031424274631,-0.04120923578739166,-0.1377520816666739,-0.0502096489071846
2002-11-01,0.21406531981799912,0.06626420015213536,0.07124041384951596,-0.19413022504698846,-0.20124960533330138,-0.03588133164354273,-0.1372960231759969,-0.45739970423958515,0.21137845303331101,0.32628915057732505
2002-12-01,0.20063163145728732,-0.08857620551305659,0.04823216004297137,-0.18337125018719705,-0.272496716237404,-0.03204065802935008,0.18736566690837636,-0.15064804391427472,0.4616533539124897,0.034880638122558594
2003-01-01,0.3124964625939079,-0.2075623355659784,-0.09317475487478077,0.12326017022132874,-0.3527867961937273,0.003861288250600164,0.12332030809393116,-0.411336828361858,0.7465565311057226,0.18350397451565814
2003-02-01,0.4218978402407273,-0.25525274229984657,0.027266181859886274,-0.14437683407337434,-0.21752259680922603,0.07758083677775152,0.24723758300145468,-0.13536604967984286,0.3969901906592505,0.11971736899935281
2003-03-01,0.15377036255338916,-0.20803360670220616,0.08158406126312912,-0.14321283707695623,-0.031585220090100466,-0.011632627983753746,0.14530234038829803,-0.06068617782809517,0.23237150162458417,0.14244442662367454
2003-04-01,-0.06986208583997643,-0.03139765239229389,0.06287338910624385,-0.03334492925674685,0.051976750854035504,-0.06949323657396678,0.08655318296423145,0.027246336367997254,0.10643699871642248,-0.08125709226498237
2003-05-01,0.05819090925481008,0.016235008689702724,0.05476945516420528,0.04609240399252984,-0.045851959099232314,0.014327144300615465,0.07194832935198849,-0.024085591801188206,0.0930678698101214,-0.044453509438496366
2003-06-01,-0.04652269670496816,-0.020544355114301045,0.03812283102888614,0.0003243500090790011,-0.020693191392740735,-0.018093067951299047,0.052944652270525694,0.001272222302346067,0.023232124346707548,-0.07042888408670059
2003-07-01,-0.06045566709793132,0.010371263887660177,0.018729958537733182,0.024475833220827966,0.018544543639455045,0.011427200877585926,0.023266906489380727,-0.050838616761294274,0.08548508132142679,-0.0011917883127283019
2003-08-01,-0.05275168172691179,-0.005197915814670862,0.028958818438695744,0.042295789406184225,0.027153378641101678,-0.006323415358122942,0.009578326260488407,0.0406461242925037,0.0799287376659257,-0.058655551849649504
2003-09-01,0.002700822559468772,0.008281638078829822,0.03196613542968407,-0.010576196044923799,0.017684909292090108,0.00536697413268927,-0.034593515481580704,-0.0014736929866061969,-0.028531496146959916,0.036482495040847704
2003-10-01,-0.18803482146366782,-0.03345923169570811,0.017094803843065165,-0.08638270439640168,0.20075138186065244,-0.028545608290949383,-0.03394757205729975,-0.3139354965903542,0.08005821811301367,0.30565671622753143
2003-11-01,0.10575322515290717,-0.024293185960428388,0.031328192380897235,-0.021108732588829532,0.11528011568835085,-0.032548296793892574,-0.003547782041862899,-0.09522332386537032,-0.2282424164669854,0.27678477076383734
2003-12-01,0.28330923422523163,0.016621896522302254,0.027209746986045502,-0.022311924746440302,0.04249393257876517,0.0036703995303124996,-0.03147647834802959,-0.10265963998707857,0.13047619057553153,0.4136930864590865
2004-01-01,0.6292658655539802,-0.0334101783878663,0.04685822641476989,0.09148985507988161,-0.22484737802559224,0.004718424374791416,0.0034917182489937427,-0.17932828177105295,0.27269800858838217,0.3875773113507491
2004-02-01,-0.10290526501510454,-0.05074689420414906,0.08140469290083274,-0.18422023182915104,-0.029675890757164487,-0.09977596031652915,-0.021571726264322504,-0.14117151498794556,0.27404430189302986,0.2316507869041883
2004-03-01,0.04819835657658784,0.00016040658902413414,0.03636299670688459,-0.005778135927093606,-0.08222071952383284,-0.03720489456444173,-0.10229359362639633,-0.09313080798495899,0.22960688386644634,0.1979596483019682
2004-04-01,-0.18059883428656537,0.04191951935782152,0.05867923755431548,-0.04882871684047484,0.06055357590527602,-0.014997021974744024,-0.013427160607249128,-0.17084403471513226,-0.05026373879185744,0.2679046529989976
2004-05-01,-0.030455096503314762,-0.12767551576389985,0.0751016748836264,-0.005526777221671035,-0.04232091383195259,-0.07493157141111993,-0.13126731466721087,0.07599559697237881,-0.08197653639529431,0.11283512442157818
2004-06-01,0.022373850578847138,-0.0366098046594975,0.01245117891812697,0.02891334795182751,-0.04934460239511141,-0.025839547349794493,-0.09565382063681004,-0.013588567010381004,0.05344172074858631,0.004961903099543773
2004-07-01,-0.08034730411094168,-0.05567273599844353,-0.010510630090720952,0.048453129467464266,0.01153871154701206,-0.029737859763003686,-0.05428018139711782,-0.005752042105252092,0.026685252253498347,-0.019030142217301406
2004-08-01,-0.025685052589877792,0.019739277879981434,0.04278079359210096,-0.012845247082652585,0.038117655670978655,-0.06919723708887358,-0.015772555907103962,-0.03334163942120292,-0.031713246633963924,-0.014058901713444635
2004-09-01,0.02030410155977892,-0.07848325459396138,0.0388829197618179,0.029278357302950274,-0.003967848344063256,-0.05220065044390189,-0.19153908862933225,0.03017584369941191,0.0070995285308786795,0.08511562616779254
2004-10-01,-0.07678851809190666,0.00818499966579325,0.0011672476830426604,0.034744319536032214,0.13318076519898966,-0.003307174916404325,-0.12979279911401226,-0.015977741303769024,-0.07707436702081134,-0.13028487849694032
2004-11-01,0.05961152441475702,-0.0767100967612921,0.04926606015942525,-0.05616344992191561,-0.08314299121708937,-0.04448886155276685,0.09465076613659952,-0.2496898987076499,0.08989686279424598,0.4998756715884575
2004-12-01,0.538218766450882,-0.19955579556670844,0.053454842418432236,-0.1328291311379402,-0.18510814283935118,-0.054053504120659186,0.07394280503777896,-0.4355361786755648,0.32565277069807047,0.40136415224808913
2005-01-01,0.3981536497240481,-0.13498973612691842,0.07813130505383015,-0.058554467414655996,-0.2377962562399851,0.07037092503663656,0.08150285255967402,-0.47187913547862653,0.10835076682269572,0.317368025963123
2005-02-01,0.5644371328146561,-0.3682997004658568,0.020406171825015917,-0.016500317161121675,-0.2558680487350679,0.0710419807079676,0.11835998636396491,-0.5236328190023248,0.4220984610063689,0.501914551624885
2005-03-01,0.10884417949811272,0.01016651353269231,-0.033116455597337335,0.008320591352399319,-0.19208948377152565,0.0545639796434222,0.1022373965265704,0.07467781955545598,0.5550087030444826,0.08045886285029924
2005-04-01,0.10852654181096864,0.09277440315368128,0.04637366746464977,-0.036662047909152125,0.005851916863884725,-0.06157075231139724,0.0953214608278929,-0.029754235663197254,0.10064717249146529,0.0987407393180407
2005-05-01,-0.022142657848156017,-0.004011920799373412,0.018551551511336584,0.00659332896072057,-0.03247310892796852,-0.04078290500753635,0.05987659279330104,0.02018112858588045,0.04568305199167558,-0.08625214776167503
2005-06-01,-0.0011724022561279328,0.06079645279575797,0.027389623573981225,0.027216520280607285,-0.032258212146624714,0.012809273509963139,0.06773549259877672,0.09828971868211572,-0.018147093110850877,0.015623772588486854
2005-07-01,-0.08713688863360364,-0.010687588513189671,0.04497654445003718,0.02743141845830025,0.02439623882233257,-0.02180474835473138,0.02352970789384106,-0.011761984364552931,0.03877051307686737,0.012928396105193174
2005-08-01,0.0013363293280986988,-0.0017218556547281788,0.02257101659779437,0.020102808071720983,-0.0009159823145035288,-0.002715970402130404,-0.005596303654944196,-0.025501017543402584,0.04226857397173132,0.08497645791906576
2005-09-01,0.0027814804090429907,0.021733330818367938,0.020517264783848077,0.01663529734698034,-0.004573261142301727,-0.011737293538612288,-0.01696069352785308,-0.04638215696269815,-0.01017623414684619,0.1068968827334734
2005-10-01,-0.07463139684303947,-0.006523227099986637,0.001879922638181597,-0.014895202231503302,0.10818568333773547,-0.004907348193228245,-0.04334005286949048,0.10246893899007276,0.03068419838590281,-0.12414528486820367
2005-11-01,-0.1367504667976628,-0.022940900103718628,0.05173358304944031,-0.10651815081796338,0.13248691676368177,-0.04934902126724656,-0.07341692872418493,-0.21390802480957724,0.09275024224604879,0.5914382636547089
2005-12-01,0.29322751190351404,-0.041181071862286214,0.02588358402135782,-0.21439802742773487,-0.1795802737625552,-0.02499873674399144,0.0033421514957558875,-0.42086888443339954,0.3508122105683599,0.39912929328588337
2006-01-01,0.5562295084414275,-0.07746205756477281,0.07634600042365491,-0.051453967969263756,0.05454354407921644,-0.07002257515449782,0.046310113633380216,0.07915856486017053,0.12634872858013424,0.48856534636937654
2006-02-01,0.40009157813113666,-0.06750419589818693,0.0744982942705974,-0.10666336503721052,-0.15695212592541333,-0.08717638415259284,-0.011097678147694644,-0.4496682232076471,0.33516287803649897,0.4387805668207315
2006-03-01,0.15961314025132553,0.053288100981244854,0.06930709205335006,-0.009039700061323182,-0.1708382871788992,0.02270783926989581,-0.04709500947273245,-0.0017502136655490506,0.1925348038119929,0.07679499685764313
2006-04-01,-0.014405958759395971,0.044316758273863326,0.009236487676389515,0.1884708841962199,-0.08302895535885449,0.0018974843221036969,-0.04785937877992789,0.08613906123421408,0.08770315242665154,-0.07082446693227841
2006-05-01,-0.004179031416044934,0.04123862759739745,-0.010663234206731431,-0.013305571290754502,-0.04774916025114731,-0.019539004141414486,-0.0842268907410257,-0.022574465044520115,0.1371317942227636,-0.07957051006647256
2006-06-01,-0.03544818205030068,0.009831177143781792,0.048791259177960455,0.01744657995239381,0.02630723666557124,-0.027681914837779226,-0.10521576201141465,-0.05119359290057962,0.057349846299205504,0.018549800062408812
2006-07-01,-0.046702304288097046,0.03669654548752541,0.049669636064209044,0.043020745919596766,0.021238611932371705,-0.028308596764061902,-0.14341330616826228,-0.0005901600128378379,0.08062466845980712,-0.02214921136888174
2006-08-01,0.005291468646053387,-0.05641086940087524,0.009028560816659592,0.031778099195611094,-0.03818430950943853,-0.0022480165195726863,-0.17287827589932608,-0.08729512041265314,0.03661590827895062,0.1143195809653172
2006-09-01,0.010556311589544233,0.05637343753786648,-0.02885670583054889,-0.04583269117339965,0.0383292233020487,0.031979988656333974,-0.21790139121459978,-0.05756885490634224,-0.03615856569792543,0.00377663393289997
2006-10-01,-0.09970163683528485,0.017979611441785212,-0.010481174103915691,-0.004394847764483382,0.008843560427637167,0.04505780399651141,-0.13742433386106118,-0.14556267044760962,-0.0841698276677302,-0.003655699457829961
2006-11-01,-0.006815290038028489,0.00024812390763020395,0.08969095579232089,-0.0954712170266336,0.10107342206256491,-0.06157224746169271,-0.05683900386679406,-0.11121008206497539,-0.22215313677276882,0.2586572789228879
2006-12-01,0.2584816806990167,0.05145350507661408,0.16747611807659268,-0.04777369660235221,-0.06767739082725956,-0.12947113530055898,-0.14069911421221845,0.10818883099339224,0.28366789753947935,0.03729882793357739
2007-01-01,0.09898079316253247,0.1339848427211537,0.15623734798282385,-0.023017545801497275,-0.06353959021433979,-0.11913854930851911,-0.09621334919596419,-0.014401239088990471,0.16130043991974422,0.2527392827547513
2007-02-01,0.3276258383108222,0.0004102067346228104,-0.029700329469051212,0.0011328255735157478,-0.4115394303496455,0.11898520830515269,0.10740543332170037,-0.17494460398500614,0.6291611386196954,-0.12262742966413498
2007-03-01,0.23092191828333813,-0.2595830489607418,0.006658899656031281,0.13247622597602107,-0.10763933541069569,0.021292480665284233,0.07645645562340231,0.02847591923041777,0.2960624705467905,0.18792169598432687
2007-04-01,0.0716460301824238,-0.04755640585048526,0.05606358754448593,0.017582981156245354,-0.12672143712849684,0.03434696511642353,-0.006808386202536377,0.010161161930723623,0.12112379606281007,0.12436825782060623
2007-05-01,-0.014667262566154417,0.07333558271912967,-0.0012842516298405826,0.05269939260136697,-0.013157561368925472,-0.01821857499512466,-0.012135146843159899,0.0071643436835570765,0.13730512665850775,0.06325600238946767
2007-06-01,-0.058082385879495865,0.02983929041553946,-0.024260317150037736,0.03612693399190903,-0.002216832043314484,-0.010580748218942332,0.027233242586839432,0.05745807154612107,0.047684790167425356,-0.032500793727544636
2007-07-01,-0.06848047284976296,0.02425622523707502,-0.016548567509744316,0.007393347069380745,0.010270529597158164,-0.0022560271522583993,-0.05779525119007802,-0.06869276138869199,0.1269452806030001,-0.025055810021093257
2007-08-01,-0.03247762544323569,-0.01852906254284522,-0.010930293501587585,0.022033666591009787,-0.0067894537211723735,-0.02055019895369942,-0.025407711098737577,-0.02645182338627902,0.02531132028837289,0.08930162025185731
2007-09-01,-0.046185918314301445,0.019218339858686224,0.0020816085452679545,0.016110717889762694,0.037598714862071295,0.006129181742466785,-0.007428505740986735,-0.03807188096371564,0.010911548244101659,0.06186886905477597
2007-10-01,0.09013742370449979,-0.01560503653451508,-0.00895953198778443,0.036896612014501326,-0.14753925128721856,0.0015856089334733584,-0.0387725876826866,0.17679156227545303,-0.003749846863294286,0.28378648253587574
2007-11-01,0.16093493803687717,-0.04645361765926959,0.017322222993243486,-0.0889951723717874,0.046052757493207155,-0.012240450627900459,-0.01998096339258493,-0.3393744338642467,0.19355360418558118,0.4715303962047283
2007-12-01,0.18798626311447308,-0.03307353266898323,0.018778740377456415,0.03337650409629268,-0.055303707928724695,-0.015494866749724827,0.0032822939329871944,0.0950385494665666,0.30219914125544683,0.20511908313402763
2008-01-01,0.1745534817809644,-0.03711342738539565,-0.011031456779164728,0.001281594778711517,-0.10871537764307479,-0.003134435344789479,-0.01858284916071331,0.039453692734241486,0.437940630529608,-0.029497527374097932
2008-02-01,0.15244142192861307,0.04123980727265863,0.08768212574068457,-0.09088065595396104,0.04786051494974486,-0.015049687007794509,0.013604073547849468,-0.12539297342300415,0.3540826961398124,0.32997713066064394
2008-03-01,0.1382250824700231,0.004381702427624487,0.010226529320789268,-0.10492334202412636,-0.03185307633289149,0.005972073287577243,-0.023510683254868377,-0.13440854170105673,0.07834797059851033,0.2557937628947771
2008-04-01,-0.024054863530656563,0.04673374853297776,0.015345240535680205,-0.10266725815111591,0.12045114392965613,0.017229256194991036,-0.062441472511957676,-0.012388163330880077,-0.16431026160717008,0.05973567111560931
2008-05-01,0.001715767733833712,0.03814172437962364,-0.012825607154809404,0.046155340368709254,-0.03111809492111206,0.008728880611424511,-0.031813377441436634,0.015350319445133207,0.14352049412471907,0.009197892191318365
2008-06-01,-0.063501403707525,-0.06934291153561835,0.0008884002454578876,0.026956353817255266,0.00760426652998152,-0.0491196642050872,0.007449626447815521,0.03085613589395176,-0.005790853590172316,-0.050085385401661575
2008-07-01,-0.08059091380108957,-0.010346881497432204,0.07441211491823196,0.0343053811980832,0.04290709613074719,-0.08249971008784063,0.009507751640151529,-0.004831237549131566,0.02998528403363057,-0.008516609131430203
2008-08-01,-0.006427591079441101,-0.05550768007250393,-0.05555542738875374,0.01591728519528143,0.025284403121807207,-0.009695247973541956,-0.032459644089434664,-0.07257849655368111,0.042724180301385264,0.04477375186979771
2008-09-01,0.013462057256180307,0.01527393127188963,0.054243057093117386,0.020398486465696367,0.015412084758281708,-0.04475704218084748,-0.28285728630555024,-0.015066347338936545,-0.0160008469330413,0.13176648376079705
2008-10-01,0.033050678346468056,-0.007803203063268287,-0.004139069142183871,-0.0112149361220579,-0.002256114835995184,-0.0036771632605106445,0.06908250096089699,-0.1887252791361375,0.05147603473493031,0.3263282374693797
2008-11-01,0.015239566362098507,-0.047848066862891704,0.08635509002488106,0.003948738993776422,0.056060734139361856,-0.19913104337614937,0.055317780660355795,-0.1848842068151994,0.14763703303677694,0.5061707244469569
2008-12-01,0.4417736893114836,-0.11057901177920547,0.10010894038714468,-0.20898046993440197,-0.11411143440595815,-0.14775787052270528,0.09781675340206016,-0.2530808340419422,0.2953958032386643,0.25943626578037554
2009-01-01,0.5472604995188506,-0.0738357723343606,-0.09639696509111673,-0.032179790639108224,-0.3586657030481688,0.10390113535765055,0.1343203525917203,-0.5294969948855313,0.5645186241183962,0.0818854054579368
2009-02-01,0.44166293481121893,-0.29013264997332705,-0.009730410965858027,-0.032177029718314445,-0.2535590403516528,0.09921872736634435,0.14029201850587247,-0.3033714944666082,0.039523517313812456,0.27377579647761124
2009-03-01,0.40870989146439923,-0.23034130241356643,-0.009757984662428498,0.014790797966622537,-0.10740727605954023,0.019337332530601603,0.1628661637797075,-0.1298208941112865,0.011732207245326467,0.38107203749509955
2009-04-01,0.1130103821987691,-0.013582896916013137,0.02967284162878059,-0.03705359094085232,0.04449469942442129,-0.024320759080551767,0.044607842231498045,-0.06314440884373404,-0.06943987017231328,0.2500058939823737
2009-05-01,-0.08677247425784235,-0.0063166958188601565,0.07984886760823429,0.01774214117998077,-0.041970411236857026,-0.09110887107011434,-0.003034581302427778,-0.017608642916787754,-0.015291011160505668,-0.06740082485171464
2009-06-01,-0.03577791883245758,-0.061430095457563214,0.03129664473817684,0.033245031391420675,0.004817720528849414,-0.06935368417888074,0.06421057361305929,0.010213851928710938,0.031140443336750777,-0.030168772746737186
2009-07-01,-0.06269837689140569,-0.0502971749679715,-0.016211162437684834,0.018108223054197528,0.02399972626860713,-0.013892560240787428,-0.19045346507839128,-0.014024912803010506,0.05164954013058117,-0.05659538751038221
2009-08-01,-0.014705811222286327,-0.058150032133448354,0.010983283573295921,-0.007952085786288785,0.0057416672910183255,-0.0043949096564304185,-0.0631220300919285,-0.026238872246308758,0.020014070573129823,0.013460991725039024
2009-09-01,-0.016498218452476936,-0.019918385820061554,0.06190988497110084,-0.003598731071237595,0.0003449674564558016,-0.04699920379632228,-0.049421382958398145,-0.08573639121922579,0.11977550706693103,0.07069714080828887
2009-10-01,0.13709805257942365,-0.019010329874707202,0.05274556460790336,-0.06727257202709874,-0.012266999241751685,0.009761541150510311,-0.06381287148185805,-0.12295625426552512,-0.17757580748626162,0.09018431346003826
2009-11-01,-0.08432102268156798,-0.014464116162236999,0.08722565835341811,0.016747966348644228,0.1789670594981019,-0.09640532772283296,0.10271605615522347,0.06863334639505907,-0.06754467529909951,0.06726654962851451
2009-12-01,-0.14137055562890094,-0.0021172173814300228,0.10672778589650989,-0.2762921875522983,0.09780643691479321,-0.21119508388880137,0.16306915557851978,-0.31888162547891785,-0.104583114651697,0.35975162799541766
2010-01-01,0.19001345271649567,0.012193187413846744,0.03896888010785915,-0.11556350415752781,-0.09672723605599202,0.08965900822265728,0.19477393076408142,0.09243216026913036,0.4393930946077619,0.12436000486979118
2010-02-01,0.14341556183669876,0.000724574612617931,0.023552481434307992,-0.23609644943667996,0.01869641480521417,0.014688184082105354,0.13285144140907362,-0.2701118588447571,0.2549089757459504,0.3020847359528908
2010-03-01,0.039089827433876366,0.007743816640154988,-0.02374509840592509,-0.01863297375459825,-0.06589758878862355,0.03668796019376935,0.06910497140066296,-0.06306813521818681,0.22313705246363366,0.06118504903637446
2010-04-01,-0.10825400443180747,-0.00879442154922906,0.013145881530363113,0.07731853834083004,-0.03658488235423263,0.011279995276315792,-0.07775412215029492,-0.005501534959132021,0.09422185830771922,0.08044651924417569
2010-05-01,-0.0503480029494866,0.03603918149190791,0.005234070704318583,0.0371788147716753,0.004097565838043959,0.01835152884391514,-0.021017856959267243,0.1693286137147383,-0.007428686201040233,-0.05472228289223634
2010-06-01,0.0059575424529612064,-0.058935549767578345,-0.0030382660042960197,0.010591001820660407,-0.026891648139752134,-0.0207118148839957,-0.02430505484488665,-0.02313517542047934,0.030134621608470163,0.06667520994177231
2010-07-01,-0.005608415939723668,0.03480590222512974,0.011404823453631252,0.042319688345155405,0.0022266996355438736,0.004180281964206212,-0.040115096478485594,-0.019197433509609913,0.03243564361972468,0.005033521805531703
2010-08-01,0.008786640777859999,0.027611062807195327,-0.05258635646896437,-0.0023980624973773956,-0.012614560956266565,0.022450728795012913,-0.10305289635617358,0.016600916331464592,0.022264207447213785,0.05567444201845389
2010-09-01,0.018241224081619926,-0.008694991907652687,0.048441317630931735,-0.0014303268999942848,0.04790147740236471,0.000388891006681464,0.03924014813759748,-0.027792089703408154,0.024311118093984466,0.07853470742702484
2010-10-01,0.03144931574554547,-0.0661297902172687,-0.0021385872969403863,-0.007394413583941998,0.018143377096300393,0.005227914457586972,0.08711894134096071,-0.16315541484139182,0.09380820473389966,0.11805598265849626
2010-11-01,0.13743864129418912,-0.060212356494922264,0.06453956229961477,-0.10327374742877099,0.09331733617984074,-0.00067350228090544,0.011775589675879945,-0.1744628900831396,-0.26901888528040474,0.3474555623072844
2010-12-01,0.050957160799399666,-0.10300469310844645,-0.09816268575377762,0.07907304792634902,-0.09552607653846204,-0.07744098233210074,-0.04943056287718754,-0.1303379102186723,0.19462487793394495,0.18050151948745433
2011-01-01,0.19646061827307162,-0.1979577044645945,0.10146443091798574,-0.21321434647806228,-0.15640513787806876,0.010016960142230665,0.02870715278036454,-0.277504487471147,0.3182373940944671,0.14359077008870932
2011-02-01,0.40220054595366767,-0.3178560850667018,-0.07552797324024141,0.054198713792908575,-0.25391112750684713,0.019484236081306998,0.12579874007725247,-0.009978079999035053,0.365241350872176,-0.05558570846915245
2011-03-01,0.1295023476300032,-0.012384139585728739,-0.09229050192516297,0.11443369571239717,-0.08417017443079344,-0.09085872286074871,-0.11989565237480052,-0.06383179263635115,0.13299996831587382,0.0852749038201112
2011-04-01,0.16419366002082825,-0.023814004060684464,0.010489826672710478,-0.035413600985080965,0.002697329561580235,-0.10350669759350854,-0.04072993190265169,-0.0683007931167429,0.026800024456211498,0.1308527416907824
2011-05-01,-0.10701160392035608,0.054026811438448286,0.1030350715154782,0.06860940446776728,0.04197107234471281,-0.07134645271140176,-0.2963653016908496,-0.04053840244358236,0.017790872204516615,0.04344840462391193
2011-06-01,-0.0257906058560247,-0.04995875425782858,0.0143549004860688,0.05678574764920819,-0.001462909858673811,-0.06670727822426203,-0.1250683763703587,0.03224394538185813,0.010794056912085839,-0.03472037899952668
2011-07-01,-0.0062102548089688235,0.009323869302284484,0.04339448205428198,0.05382832380071763,0.010461826533289023,-0.05893089581985732,-0.2727410454741296,-0.024491831321607933,0.05738425201603344,0.08597128236523041
2011-08-01,-0.04257135822073273,0.00956311785415107,-0.010982225649058819,0.04014582823841802,0.04060459913502277,-0.03399940559992919,-0.31972850157021016,-0.03515203229405663,0.024343301941241534,-0.00048282359225245623
2011-09-01,0.004334639474425627,-0.02331325747803146,0.0817454478237778,-0.028884437896551624,-0.038161341258337804,-0.0117949751281255,-0.16682129594390097,0.10283741761337627,-0.0016358739230781791,-0.08004727558447765
2011-10-01,-0.05809124559164047,0.048502289927473255,0.046327701420523226,-0.07519140959747377,0.017186197858880942,-0.014294205686530552,-0.23504504203504206,-0.18211198124018582,-0.0018066516661617371,0.27973614633083344
2011-11-01,0.03437484088151351,-0.030118968410819184,0.1109842152800411,-0.08076148768586497,0.08235026518223991,-0.08658679151857221,0.004588502148787181,-0.10495977645570581,-0.10020480757313115,0.14695377590564582
2011-12-01,0.2645875124827675,0.07450428663515576,0.06795086956117302,-0.1276226774338753,-0.061498949645270765,-0.03151118100897686,0.11230915711790908,-0.16403764486312866,0.371091573366097,0.28907762697109807
2012-01-01,0.4400236127169236,-0.08945557854923547,0.07747432100586593,-0.09538268129671773,0.07893413725033613,-0.03458743763936532,0.05401895408902098,-0.11633157730102538,0.2277053892612457,0.6530790947950803
2012-02-01,0.30763755026070966,-0.0053819081764303,0.09895760449580848,0.027093627760487217,-0.12383903835860777,-0.21697613033088478,0.13717998768769057,-0.07245170799168672,0.33979695290327067,0.37432318696608907
2012-03-01,0.07290585047524908,0.007306474407075667,0.09891797380987555,0.03209399179585518,0.001243419673057719,-0.04131279986452412,0.07882462084001186,0.05509734492410313,0.13743694871664047,0.14064466724028954
2012-04-01,-0.15483252380205237,-0.11408994449119941,0.0650714646326378,0.10028157022691542,0.11896945431198873,-0.05105255121314848,0.10783870284463845,-0.14191313223405316,0.12308619916439055,0.18427872027342135
2012-05-01,-0.11186640223731165,-0.04006237083790349,0.06642992375418544,0.09773907762381338,0.013352979079518521,-0.02793415474730569,0.15504846951979048,0.09548923508687453,-0.029165743451033316,-0.04135694426412766
2012-06-01,-0.025933193366812622,-0.022815438170059054,0.025150410510832444,0.05799678544844351,-0.016278836508871804,-0.008676944904633471,0.023907851245181234,0.017965600233186375,0.07635145448148249,-0.07070841697546151
2012-07-01,-0.06635070413998935,0.005251042289184589,0.0346762750268681,0.02633729769337562,0.01731005457925125,-0.026563456835778983,0.046728160597530065,-0.018105818466706707,0.09045306859271866,0.024276423769501537
2012-08-01,-0.07556103493856346,-0.033340851465861,0.024595913419034332,0.01104467157875338,0.03191962523359648,-0.0251324796998823,0.020996605584799658,-0.0037629271603443403,0.07139619306794234,-0.08958769389069997
2012-09-01,-0.018255857993727143,0.007395416626012793,0.0069180077844066545,-0.019614042473896857,0.06629855595004391,0.009527594807582933,-0.01709316309322329,-0.10907724499702452,-0.07422763322080884,0.08577968065555279
2012-10-01,-0.011319490959462912,-0.0028247422283040544,0.005213397162151523,-0.0662035218650295,0.12197734814294628,-0.00732237334690384,-0.00018414290274913403,-0.04688691686500202,-0.2672700477497918,0.06551651570659417
2012-11-01,0.04607896199044974,0.0013832055379216577,-0.0033290096325799823,-0.13689996013718267,0.023619932922678936,0.05634300712798093,0.11223937001298455,-0.36928206682205195,-0.06699150960360253,0.08257734947479688
2012-12-01,0.3181736430396204,-0.004128957002916757,0.015100440668902593,-0.04215164170149834,0.023297763521402656,0.04604519219011874,0.08306069774370567,-0.06037089635025371,0.09108193750892365,0.1856364023226958
2013-01-01,0.42578976439393085,0.010532945138858813,0.046058791485847905,-0.1206512653058575,-0.11502917803509136,0.059327498279713294,0.07853680564200177,-0.32390941273082385,0.21782156878284042,-0.036471186635585934
2013-02-01,0.5853027753207994,-0.04859434842478995,0.014868354628561065,-0.08996485942794431,-0.1232067044352142,-0.06366597639547812,0.09567885130059485,-0.29214124787937507,0.1907220376389367,0.4627162733903298
2013-03-01,-0.019744445529320965,0.034599513838104175,0.011089995678048581,-0.11117738341131518,-0.10706060369249801,0.04295168595539557,0.04521442860291869,-0.09167053482749245,0.2642646165830748,0.01555354012033114
2013-04-01,0.12320057367501051,0.04593396888059728,0.02934627364084008,-0.131918165472246,-0.08684389398131573,0.025386891856386855,-0.019775073993585857,-0.13144555416974155,-0.09218126402369567,-0.04034821803753193
2013-05-01,-0.09380865680134814,0.013414711015773755,-0.023041764143272303,0.030823072959338466,-0.04192273276792446,-0.0014480071242999387,-0.0679240708111548,-0.017837968400933525,-0.02665640121059758,0.013389900470009217
2013-06-01,-0.016021905669375607,-0.09645347793896993,-0.007357788854278624,0.028433362322468913,-0.031192637455295512,-0.02666068691256884,-0.003530240763782286,-0.03390298648314042,0.07166394830814429,0.06339597300841258
2013-07-01,-0.06103143500893012,0.03447990280156042,0.01715752987365704,0.042735866361087366,0.003191085965175864,-0.027296858260760438,-0.05878612819109477,0.002966104710305279,0.025702896527945992,0.0034036627487064553
2013-08-01,-0.0031416491686326003,-0.025281047119813806,-0.028117546753492206,0.01611753006375605,-0.011478590083793856,-0.022666085813496564,0.000915810118849371,-0.08757562122561714,0.05433210836989538,0.050417143994799025
2013-09-01,0.004084814724552891,-0.04705250190169204,0.011485970389912836,0.05305492349209324,0.05484487284237231,-0.024888284403730084,-0.07586259595757606,-0.028696138073097573,0.046745571307837956,0.07222505429616341
2013-10-01,-0.01603973037360803,-0.05470322554602342,0.062465856899507344,-0.06767419437246938,-0.07429912581410207,0.0028430610089688686,-0.0851184421894597,-0.07926972074942154,0.05100160238466092,-0.04503645289402741
2013-11-01,0.3335716607777969,-0.08950495690691705,0.00839752538013272,-0.0529968029549045,-0.1607411134410912,-0.08162299322115409,0.13413135984949037,-0.33435434103012085,0.10796356280999524,0.34567421445479757
2013-12-01,0.40916738950687903,-0.1978487506801007,0.0395929910155246,-0.31692832708358765,-0.2723288997797899,0.007646089117671993,0.09218903450185761,-0.45391741124066437,0.18298121701393807,-0.03961619849388416
2014-01-01,0.3619835104631341,-0.08429174183630475,-0.10588937293505296,-0.20265377336932766,-0.40863911870499736,0.1321705914026982,0.2784666915734609,-0.6551234830509532,0.8081470217023576,0.03139420340840633
2014-02-01,0.16419861627661664,-0.0037486427554897232,-0.07692136859986931,-0.169222128968085,-0.3417219914181132,0.09577069934960958,0.29391961208745543,-0.24088577790693802,0.49874681447233465,-0.18570592197088095
2014-03-01,0.37885671076567273,-0.060720968188024034,-0.053123368707019836,-0.03803016077126226,-0.13843420105920712,0.10801436933311256,0.15783038209466374,-0.21228201010010458,0.160787148135049,0.1785683947113844
2014-04-01,-0.008195137564578781,0.13491433917307386,0.033042051654774696,-0.06834345479165355,-0.003044129821511222,-0.11161523493560585,-0.0023095530695190617,-0.13908388939770785,-0.06541662317301546,-0.0004927676994926655
2014-05-01,0.07559406044690505,0.12997502789777868,0.07723486924078315,0.01760219644394613,-0.053893722278971073,-0.04072636114181699,-0.1889442951948035,-0.004024201665412295,0.03760741424879857,0.12244138006980602
2014-06-01,-0.07614965510109196,-0.050898268818855286,0.040888758667279035,0.0532768786914887,0.006977561861276627,-0.02134974693527093,0.00516081630599265,0.07887833497741005,-0.01486118250925626,0.018438852678697843
2014-07-01,-0.015961677443398083,-0.04236662358629937,0.022539639030583203,0.004801000543539563,0.050203906188548454,-0.035780305797989305,0.06150740984023786,-0.07738636298613114,0.04137460408466202,0.06042563428099339
2014-08-01,0.004052269555952238,-0.012139168878396353,0.04647252098948229,0.0358722563232145,-0.002546596314600656,-0.051842911823375804,0.059571407516213024,0.011057389730756931,0.07793494899358068,0.033212481782986567
2014-09-01,-0.04058709449094275,-0.07610468595635657,0.04860431799897924,0.01598402196841855,0.01885959957267197,-0.03130387363804353,0.06915134761263342,-0.051210458305749024,0.00039579837383436304,0.030351448087738108
2014-10-01,0.021199602633714676,0.040037195910425746,0.06691846356261522,-0.019454624083253644,0.08294761285815441,-0.015435978216496674,0.0583870519025653,-0.06891831078312613,0.04197034452642713,-0.00017948418994469996
2014-11-01,-0.051194955797299095,-0.04041247873329649,0.04041614884044975,-0.32128953645306246,0.05600163319580992,-0.01795855980064418,0.10125874450393751,-0.4918533563613891,0.26621062840734205,0.4312910999243076
2014-12-01,0.11527849280315897,-0.024124402918067632,0.021956226555630565,-0.03722990832982525,0.021621657036979436,-0.016787323496631673,0.030000015691507096,-0.1988103850321336,0.1476393879524299,0.2865211894878974
2015-01-01,0.4334787959637849,-0.029870195716035133,-0.007839658064767718,-0.1473006461897204,-0.2892898002140959,0.04488575096065934,0.056375391489150474,-0.7296656478535045,0.46996085771492546,0.2910254093316885
2015-02-01,0.506266238896743,-0.07092919858062968,-0.018036150140687823,-0.03595311014402297,-0.19876127931433665,0.0033032038953860064,0.08527751208520402,-0.4087955301458185,0.4506671002932957,0.3340026220450034
2015-03-01,0.20366703038630277,-0.021417470028003056,0.03576815433916636,0.07864314942590651,-0.28278424706257566,0.0035819927910091106,0.028653837302151847,-0.047499666159803215,0.37899490978036604,0.2460885506409865
2015-04-01,0.11695194179597108,-0.06337460203498017,0.018479020428685544,0.03379520269170884,-0.02859806195950844,-0.022209053103988234,-0.0408526838702314,0.018355451862920414,0.1325698835509164,0.15209510635871154
2015-05-01,-0.012211358863050522,0.04878209940358704,-0.011015107884304598,0.0358506015712215,-0.06948028441885827,0.034450722002499816,-0.036776562531789146,0.047132599760185585,0.028767915708678107,-0.06927277606267196
2015-06-01,-0.08515457258276317,-0.00044505175216780863,-0.0005736692401114851,0.03340903729681046,-0.0424125612201825,-0.015706263130178325,0.00752762745262361,-0.014247166162187401,0.09773641026445797,-0.032641677759014644
2015-07-01,-0.09004012074159538,-0.02625765753727333,-0.023434110698872246,0.01830328556318437,-0.02502690161197958,-0.026219091504006774,-0.042457641193679736,-0.027884554795243523,0.023127162629472356,-0.0654298525590163
2015-08-01,-0.04503964244023613,-0.011689143766667328,0.031763951847096905,0.0020397032776306714,0.024376132748496367,-0.022118453037094424,-0.028585795970524058,-0.0034642441790889607,0.02512845177469509,-0.08068871326171434
2015-09-01,-0.020609435665866604,-0.009281710520678875,0.012382763088680804,0.044173612109115044,-0.00203969448962262,-0.015479567888620737,-0.0009375313917795817,0.0860299915075302,0.027483418983008177,-0.021330285100982737
2015-10-01,-0.1784410975549532,0.00552423389665052,0.012559363835862314,-0.040810365950868975,0.05465597438980156,-0.05025214238746746,-0.04209973210213231,-0.16681264747272836,0.19862418994307515,0.15209602335324654
2015-11-01,0.19728737356870069,0.044947716535306444,0.11239784944336861,0.06394478822908094,-0.030075123822185357,-0.14513465198310646,-0.2772444384355171,-0.0034086175516925073,-0.0651299554322447,0.08112919301940845
2015-12-01,-0.15288560610750446,0.13767344986691193,0.2530419558752328,-0.2533808590904359,-0.00675075398889226,-0.2676959174710351,-0.0747712292507583,0.006813983517614277,0.1655781774648598,-0.022399027903492633
2016-01-01,0.25515191904876544,-0.34146706263224286,0.08207958890125155,-0.09763860293934422,-0.25625501719998645,-0.05114987190510776,0.12653176764062807,0.0867222859100862,0.659107363649777,-0.08944899846728031
2016-02-01,0.41948113104571466,-0.21829052883035996,-0.021447971084853634,0.029853512082369096,0.005828669216011612,-0.14207729616680662,0.2836743114041347,-0.02518791705369949,0.37032623908349444,0.5013016554025503
2016-03-01,0.3791054305822953,-0.002385851214913761,0.16159272636286914,-0.14304880413316912,0.06498314020499378,-0.15632127587859695,0.03579833599574426,-0.08451301265846599,0.11519168370536394,0.47597079896009886
2016-04-01,-0.13253142166396845,0.01995641665131438,0.026458824868313968,0.05315995264437891,-0.005074699645415998,-0.0646123763274502,-0.04872457471256163,-0.16048134727911514,0.07677991608423845,0.07600672543048859
2016-05-01,-0.13685895372991977,-0.003352163669963678,-0.001536281342850998,-0.01727594813752559,0.03637566795231591,-0.01733102458151611,0.010993800984293806,-0.00981774435124614,0.023858222578253062,0.025827631067771178
2016-06-01,-0.005476523960090201,-0.01638694209795372,-0.01137057042797096,0.04438180776853715,0.007502926828365931,0.0032797339372336864,-0.05557452255458224,-0.03648975017395886,0.08059107432407991,0.075052843357508
2016-07-01,-0.049061652110970536,-0.10257906043062023,-0.04253286351740826,0.018643807139127486,-0.026057865208303426,-0.01209593705228857,-0.06470951598648932,-0.02904086966406215,0.03484669806701796,-0.004537777903561409
2016-08-01,-0.018854309683260708,0.05975082224490596,0.014658447503279604,0.005892255989414069,-0.045655568090962696,-0.02405100527244645,-0.02217199721866671,0.031452876600352196,0.01267717868488814,-0.033252002098239385
2016-09-01,0.015391725236954895,-0.006578821579323095,0.03554081195034087,-0.003586349738461356,-0.03944090501943105,-0.04229418732024528,0.03197911907644833,-4.0776202777950935e-05,0.047761414732251845,0.008117628749459982
2016-10-01,-0.06752386689186096,-0.015751237743625454,0.04158009905950166,0.030948828545308883,0.00872230681944901,-0.051611505851552296,0.02642525177375943,-0.061192018064585595,-0.009050917911476322,0.19493267799799258
2016-11-01,0.07090653576280759,-0.01613942577558405,0.09069685183931142,0.012414389470171544,0.012350565111133414,-0.26292061886271917,-0.08032000532337263,-0.13889906081286343,0.2293202227779797,0.7047565510639777
2016-12-01,0.3017836290857066,-0.21613067856021956,0.0803856790298596,-0.06908010090551069,-0.18696957071062545,-0.09259257364917446,0.038969984241560396,-0.16508546742525967,0.10829195380210875,0.079139622931297
2017-01-01,0.4247517689414646,-0.11904618027163487,0.07041277422104031,-0.12473395514872766,-0.07655097984931838,-0.08401483599398588,0.11548754786524702,-0.33118862997401843,0.1209708462868418,0.2720677795318457
2017-02-01,0.3731071301128553,-0.14070644974708557,-0.024279631907120347,0.13321593644157534,-0.10874353244271077,0.07385326599752581,0.024444707578011586,0.013518198816613716,0.2141395184610571,0.19138608700953996
2017-03-01,0.15577077865600586,-0.1614113356552872,-0.04674208721553441,0.0903834258356402,-0.12675057834302875,-0.0010373919566690518,0.04414843952319786,-0.07135876877741379,0.1716311488832746,0.12633832028278938
2017-04-01,-0.13020647608715555,0.26504149039586383,0.13315335381776094,-0.020644720643758774,0.10177109023215065,-0.1392594161065849,-0.19936922426317252,-0.03932393409989097,-0.003912458695205194,0.16627883395323387
2017-05-01,-0.12073933916247409,0.2122953826305913,0.11848070134874433,-0.04889805230402178,-0.011053472809808356,-0.17321462164054047,-0.18804792552163788,0.07875040850856087,0.026060469515089474,-0.10437269766743366
2017-06-01,-0.026586809721977814,0.030955139036272086,0.017291314725298434,0.018428629564662135,-0.045150513170470655,0.0016907651631816014,-0.17937202663982615,-0.08409775116226889,0.07207818063242094,-0.026588183111296248
2017-07-01,-0.04662102817193321,-0.08724338429815628,0.11232082615606487,0.018903488413460793,0.0011277670355539927,-0.08723011894806011,0.054393085998062994,-0.08474742824381047,0.08655415315713201,0.011231859501164693
2017-08-01,-0.01980070551128491,-0.017203065548457352,0.07312108355108649,-0.009803688003411215,0.008053758220983224,-0.07055684722758629,-0.0501230998220397,-0.10526987639340486,0.0308637207906161,0.00026892062473612337
2017-09-01,0.03666095435619354,-0.07967509183229185,0.0609630616963841,-0.018305603354688615,0.040620785783713975,-0.04274534514626941,0.13730593171774172,0.046833851798014206,-0.0285938149318099,0.06347828043194917
2017-10-01,0.11062121585659358,-0.03828048779099595,0.07156599895097315,-0.037441540869974324,-0.07081548093070447,-0.06983658248508298,0.06512689824197807,0.05165987732735547,-0.07861456168549401,0.14222460583998606
2017-11-01,0.15639126624750055,-0.015357271859458848,0.06934592674952,-0.12671374265224702,-0.08178261489095823,-0.021824610696451086,0.12265689963219212,-0.371083915233612,0.14384444802999496,0.4141114079035245
2017-12-01,0.509822174258854,-0.050359599146188476,0.10862185154110193,-0.022666620451115792,-0.07245331268075486,-0.13244296046527657,0.20276526463966743,-0.13171438466418872,0.46616691563810614,0.48415569158700794
2018-01-01,0.31855592261189997,0.01032933428445283,0.03446447881287895,-0.1642574345873248,-0.2492789861182092,0.0052185839268605455,0.24266546847773532,-0.10635527020150964,0.5690262253795351,0.03353123768017842
2018-02-01,0.32674598952998285,-0.2269226984650481,0.09111225954256952,-0.39518735101146085,-0.12135272714453685,-0.03531093935708742,0.39866243799527484,-0.8173180710185657,-0.1783267727919987,0.30064488259645605
2018-03-01,0.33809118296789087,-0.06920016717677023,0.017231132369488478,-0.031962963722405896,0.02696046894285041,-0.012038990452482894,0.1286848868225135,-0.10827330703085118,0.07762289606034754,0.11350601338423215
2018-04-01,-0.08163819008547327,-0.03170416343445871,0.017970754925045185,-0.0967036031426922,0.008803291220060537,-0.04735768747490805,0.11375770520638016,-0.19003334370526398,0.06580707351011889,-0.030540073147186864
2018-05-01,-0.06569212140596431,0.001727275130357228,0.03942312760045752,0.050078795081184756,-0.06930228375213247,-0.021675173696633934,0.00766070650070997,-0.06661121140826831,0.08459124448043959,-0.012033629732636305
2018-06-01,-0.022222636186558266,-0.03179270481946422,-0.009178176469504251,0.025799702252111128,-0.0262430200064686,-0.0028318986674216954,-0.04684123594094725,-0.022685730999166313,0.06754967117948191,0.028322905731888916
2018-07-01,-0.08636463595473248,-0.040291501756976635,-0.02516875163678378,0.013974854241936438,0.03199176994008078,0.009232467493495426,-0.01329481145184414,-0.014040867205370556,0.0002708345034209612,-0.027237925678491592
2018-08-01,-0.018125318962594738,0.01572839842707503,0.0016899930415092967,0.0007223741117594463,0.03497006345382879,0.020932578607588202,-0.026276625473709667,0.003458005587824366,-0.03311953374317714,-0.005197852330568891
2018-09-01,0.02266222651561965,-0.014815545257400064,0.009934045374393463,0.02090501028203195,-0.02648415909686559,-0.010599957376315788,-0.009314528342299894,0.055623592978174034,-0.10653953733188765,0.0688729306253103
2018-10-01,-0.0655066869829012,-0.009283021676774118,-0.0013998374924995005,0.029269732054202788,0.05898842929114759,-0.009786603166847615,-0.013150106750282586,-0.17172030427239157,-0.019408551244331256,0.08383151143789291
2018-11-01,-0.31119180114372913,0.04430976422394023,-0.040029849333222955,-0.19818651339700144,-0.03372051976096462,0.013172271585947758,-0.1245637812341253,-0.49193523146889423,0.22710319608449933,0.23654759503327882
2018-12-01,0.36421878182369727,0.06751931619410421,0.00026843263185583055,-0.08217110148360653,-0.10446786460742145,0.12135629517001074,-0.0389502968127821,0.045894607901573174,0.2631279506853648,-0.19718365600475898
2019-01-01,0.756151909413545,-0.11402520478940477,0.07565160631202161,-0.12945466704906955,-0.12551743379780944,-0.08419101705422273,0.05071757215203023,-0.5495646325024691,0.4047341644763946,0.5349970207764552
2019-02-01,0.22100425608780072,-0.03360130404140435,0.1268914493266493,-0.12024294945501512,-0.12870351193656385,0.024674276544435606,0.018393517672723413,-0.03191088072278283,0.08252015603440148,-0.06050694590577712
2019-03-01,0.3905038146868996,-0.18369749772782418,-0.03392492362763733,-0.004749527696760431,-0.2677107570876538,0.015484473693209726,0.11220196736793892,-0.38011510263789783,0.144389591046742,0.20730974009403816
2019-04-01,-0.0009902966785771043,0.2028071412853166,0.09687957353889942,-0.13501108173401125,0.031901610044526386,-0.15387091080884677,-0.07494227211995452,-0.15924969857389276,-0.034192241063075404,0.21364661650015757
2019-05-01,0.031141701923764267,0.013371556084237846,0.018901433213613927,-0.006193763786746609,-0.042520654978046954,-0.01950204070355441,-0.014855382123998567,0.09100461548024957,-0.04691728058138064,0.06565482427294438
2019-06-01,-0.09720036355049713,0.002997670340917858,0.09920100565068424,0.013833404368450564,0.0020488540799370116,-0.08112115131036655,-0.0153433860224836,-0.019639694893901997,0.013572487348158444,-0.05444011722619717
2019-07-01,-0.05658390810308249,-0.042588512102762856,0.013239306861123623,0.03690027121093965,-0.005518534863498849,-0.021591623993338766,-0.09574871692879527,0.02782375467094508,0.029760911794645444,-0.005622081852589662
2019-08-01,-0.07480059790870418,-0.04018956758812362,0.045899149336037226,-0.008386770083058265,0.027858143226361612,-0.041468836669180845,-0.45757778354135215,-0.0019459401003339072,0.0034706361475400622,-0.04242360950089418
2019-09-01,-0.011939853024871452,0.03185888350594277,-0.008002009417396039,0.019719314971758474,0.00853935112310967,-0.0014278888261902171,0.028032913584919536,-0.07197608324614438,0.012030340232221142,0.08670030734859979
2019-10-01,0.011642112234688322,-0.017613252880526523,0.015632541180821136,-0.01116436230198991,-0.019706743703761572,0.01927940426646052,-0.09033967296857678,0.042032260786403305,-0.22197462884443145,-0.015791736614818756
2019-11-01,0.602356959944186,-0.022249986581942615,-0.002728578692767769,-0.14770333805391866,-0.05699313232596492,-0.05120692422261109,-0.08276830993446649,-0.4723275249654596,0.05755511644695486,0.3825747049771822
2019-12-01,0.26521102889724396,-0.015940097178898605,0.06180855125421658,0.05398307356142229,-0.1052220942268909,-0.077815363938744,-0.0676034066333052,0.17686254598877646,0.2402289637497493,0.03734599583997176
2020-01-01,0.10917340607746787,0.05681171794148052,0.08760749115026556,-0.06161210157217518,-0.12341725154661796,-0.10047065647872719,-0.007658068309811985,-0.08009164170785384,0.23724492639303205,0.03186815346662815
2020-02-01,0.25544296140256134,0.02045495545162874,0.05247405497357249,-0.10714843388526671,-0.1545394285463951,0.03284438689415519,0.05333172340019077,-0.11506122621622952,0.2851534368736403,0.006834524594104061
2020-03-01,0.16480068797650543,-0.004970647997277624,0.04869530166615732,-0.09038963264996006,-0.2670007692256444,-0.026423071284551878,0.04262541439018997,-0.434896783395247,-0.10136376534189495,0.04994432226969645
2020-04-01,-0.05249721605492674,0.023515246735483993,0.0011583972082007676,-0.05551532752090885,-0.0531279914815661,0.006969704770961324,0.03265106466178801,-0.1357262920249592,0.14717758500150271,-0.00300688306407
2020-05-01,-0.014365586938093537,-0.004982764777891776,-0.006351777847157791,0.034265328318842,-0.05919804770342062,0.003938713878695224,-0.04264348478732156,0.022361200641502033,0.08323013649455138,-0.012546742800623178
2020-06-01,-0.11670080863911172,-0.07355243844144485,0.006482469689217396,0.04138483876182187,0.034448252597325285,-0.012285973423638859,0.01270848659652413,0.0005017915232615037,0.0016152715293823606,0.017685133319061536
2020-07-01,-0.04325481941518576,-0.021419255975999085,-0.013772234160569496,0.0025150398047821174,-0.03614816814661026,-0.016052196607799142,0.01462108145157496,0.004303080283782699,0.030872718031917296,-0.021575878445918743
2020-08-01,-0.028339797711890675,0.009192395772711904,0.0016631641756248428,-0.025877533780951655,0.006090008168363236,-0.023302438392027006,0.024365137448744374,-0.038455927913839165,0.053139669554574144,-0.02093432077135031
2020-09-01,-0.02116609121794286,0.016423678208215563,-0.0014170400390867144,-0.016929816094137008,0.0413241468265023,-0.02358224293267405,-0.03221137631757587,-0.1641501486301422,-0.020387472717889717,0.08273494358246143
2020-10-01,-0.1542705070713292,-0.0040364501924783575,0.034261552355019376,-0.049589997938563744,0.13299117415723666,-0.008457617179767505,0.012706829846708798,-0.29646556485782966,-0.1163488786135401,0.12689257183900246
2020-11-01,0.014227612510971401,-0.028577169366911345,0.03263073449488729,-0.0009686150963628484,-0.021301032844143857,-0.07538785906256856,-0.09224917739629745,-0.15750324184244327,-0.0005564868583210876,0.05504496109027129
2020-12-01,0.45080129867014673,-0.3301517928347868,0.010803165059769526,0.026394718236500216,0.0012504901822236643,-0.09354509010508254,0.005693047070035748,-0.19110655242746524,0.43784571545464646,0.3902950825599524
2021-01-01,0.28591502619826276,0.08709826597980425,0.14821390504948795,0.03643001940461897,-0.004522406338700946,-0.14526649705461553,-0.009360647413368318,0.0579988346858458,0.289157112794263,0.2844707037393863
2021-02-01,0.12613027963949286,-0.3801586873391095,-0.033082583104260266,-0.12951693948238127,-0.18679476539853593,0.067848530975548,0.0452515577860907,-0.15101757916537198,0.192517414689064,-0.20127541457231227
2021-03-01,0.37278973537942633,-0.2746439447589949,0.02023040287895128,0.03347492386256495,-0.1394270486395124,-0.09206999596711751,0.007343836420891332,-0.10347436097535219,0.029273733629712032,0.2876599534199788
2021-04-01,0.007209873697518006,0.06769358673516442,0.06784511788282543,0.043287194303927884,0.028788390188989505,-0.06177803954562625,-0.03607158284342172,-0.27317393909801135,-0.047222348595304144,0.2681774302170827
2021-05-01,-0.030922920078687046,-0.002284004243419451,0.017500236390333157,0.03827460290443513,0.001779160606609264,-0.04442340216121158,0.020875778122275482,-0.07646516642787239,0.049312569067946496,0.0028193276823283387
2021-06-01,-0.08433401260686957,-0.10285388459177577,0.039328124694293365,0.06080832813055285,-0.011136971781371345,-0.0669815602737504,-0.19040434694319378,-0.02528459849682721,0.08459870836564472,0.00037091438291379466
2021-07-01,-0.04439717158675194,-0.01081905473827147,0.02148781786672771,0.04553445765087681,0.003936920564254405,-0.02652496804256697,0.0064921816445740995,-0.060034841299057,0.11589589661785533,-0.022499191646392528
2021-08-01,-0.031437838207120476,-0.04129706352364783,0.03862775083689485,0.026400495440729203,0.0070288744558331,-0.041894909195803305,-0.04965526025568811,0.02809889275919307,0.004634737602568098,0.019173954541866597
2021-09-01,-0.029191366680290386,-0.10373662499820485,0.0173624386661686,-0.004096303300391282,0.07037643710492363,-0.012391567783983978,0.0370134599506855,-0.041446773843331765,-0.03914971436773027,0.023603652460643876
2021-10-01,0.24670739860638327,-0.007932061585141164,-0.03093854320468381,0.02305529140416653,-0.09312793402604655,0.019944646722964338,0.0640835138220413,0.18972750414501535,0.08038305677473544,0.12021506061920753
2021-11-01,0.012324819260317347,-0.008310652429274484,0.054066008306108415,-0.16043104471698885,-0.07304814709743984,-0.0983405757594753,0.08629668759656887,-0.32921517437154596,0.2870770703469004,0.49062021649800813
2021-12-01,0.15169731948686682,-0.030190212761654574,0.08303934591822326,-0.06810662847372793,-0.09107296945343556,-0.09595395342723743,0.12552245867018605,-0.08261188187382437,0.17192754894495008,0.18912460654973984
2022-01-01,0.16881634035836093,-0.06422678775647107,0.03224459942430258,-0.11021145168812044,-0.2502553479772219,0.0015822641954228685,0.0748978525984521,-0.533194054256786,0.45896954834461207,0.13256759311144167
2022-02-01,0.09841436277265134,0.05303646127382914,0.03619325143517926,-0.21031974784789548,-0.25987700677253833,0.0329706389960405,0.06975237572310017,-0.37003663453188806,0.38850714585610796,0.04448431472365673
2022-03-01,0.15449310126511948,-0.10515092780777052,-0.001192128547700122,-0.046668643312108134,-0.2079465859372851,-0.019598039924292952,0.07387446239590645,-0.07701209322972731,0.35770024572099957,0.07563977717207028
2022-04-01,0.03640659396415171,0.0020326836509447473,0.02054829783446621,-0.03650982774073078,0.08723568958295903,-0.009889156884841018,0.03416801040407781,0.021899664266542954,-0.048489871967051706,0.3537194373515936
2022-05-01,-0.0125331773787089,-0.013962839090940999,0.007457188257831149,-0.018330583829552896,-0.09116113815509098,0.010802216727185893,-0.007678453317459892,0.061278756369243965,0.018758674351764575,0.006910808867989824
2022-06-01,-0.11664180328016695,-0.04263928196593827,-0.010840684626600705,0.03829486367683257,-0.03704081591166241,-0.019820077294433438,0.010023638606071472,-0.027048564092679455,0.02802524250000715,-0.0641466978077705
2022-07-01,-0.0888026440921037,-0.08753282474536521,-0.008519101538695395,0.023641124848396547,-0.024101232558908597,-0.003576252257099023,-0.09796822114902384,-0.08441316810521211,0.05937646409230572,-0.0223925426745644
2022-08-01,-0.044614210238923195,0.03238155999604393,0.026085459830937907,0.005712403329990564,0.03030508704168696,-0.038412140329947345,-0.08384284207268673,-0.04822857000611045,0.0335611735603639,-0.0006780731312644023
2022-09-01,-0.022871490648907162,-0.10361808041731517,-0.008666205394547433,0.01802900055002782,0.05672751388079684,-0.0418379928010541,0.06857266576558936,-0.030943998558954758,0.07208865801138536,0.09415730690726867
2022-10-01,-0.2536356449127197,-0.04647954494929781,0.061673877644352615,-0.11657013768149961,0.2030697506918034,-0.062331909666190274,0.02450581055645849,-0.0515174696391279,-0.06478398905268737,-0.1993702151454412
2022-11-01,0.03097933190672294,-0.05617955443905849,-0.04365276399767026,-0.09436892766144968,-0.06551120272824462,-0.008098808167552625,-0.013030706630910143,-0.139880817044865,0.13950093250189508,-0.05646747751877858
2022-12-01,0.011034097279543461,-0.0751610187923207,0.12153917050454766,-0.05072786082183161,-0.07541201693910948,-0.10301785895953307,-0.11527382531294636,-0.2871436151591214,0.03603728754179818,0.015202085845745526
