,mgu600_cluster1,mgu600_cluster2,mgu600_cluster3,mgu600_cluster4,mgu600_cluster5
1965-01-01,-0.7765931613517529,3.485222851357809,1.8730803772255225,-7.619380492430467,0.5599749584992727
1965-02-01,-0.6655741595860684,2.6967702842340238,2.4566994773017035,-8.766034016242394,0.29192353997911724
1965-03-01,-1.0548427926771569,2.376123172480886,1.981453431977166,-7.775366306304932,0.29858524600664776
1965-04-01,-0.20853028717366132,1.8108705194984995,1.7415899369451733,-7.357855943533091,-0.012074873250510012
1965-05-01,0.3581056089112253,1.5085880349322065,0.4080934243069754,-4.968204865088829,-1.0195474539484297
1965-06-01,0.7631537814935048,2.3778560684948435,-0.17663181793910485,-3.315182144825275,-0.700423831031436
1965-07-01,0.605626900990804,1.6604989040188673,-0.7035882798609909,-0.07869879213663247,-0.0794428533741406
1965-08-01,0.6019276425693975,1.6196505325596509,-0.02422326727321854,-1.1898028162809517,-0.48343617291677565
1965-09-01,0.9279355858311508,2.4506318859937717,-1.0432640021597896,-0.728620130282182,-0.268766816173281
1965-10-01,0.4237735361763925,3.299262756254615,0.6386463978776225,-2.8791998441402726,-0.43528892454646884
1965-11-01,-0.01036045000408635,3.4492885194173675,1.4347821474075317,-4.944545947588407,0.03387392720296269
1965-12-01,-0.5500256112127593,2.973510579365056,1.6641894424403154,-7.715344429016113,-0.009744541187371527
1966-01-01,-0.41866273139462323,3.9661954088908873,1.7852185500992668,-7.029756674399742,0.5918027389617193
1966-02-01,-0.8949020821036714,2.8754269204488616,2.211485747937803,-7.991138788369986,0.4406421667053586
1966-03-01,-0.6202313258792415,3.0300878896945864,1.6495813926060994,-7.109873111431415,0.23319045347826822
1966-04-01,-0.5528311160477725,2.412826840470477,1.6953987655816254,-6.471405120996328,0.05712199157902173
1966-05-01,0.5211281392610434,2.9226140278141677,-0.05446368897402728,-5.140427442697378,-0.6483423567953565
1966-06-01,0.5319973058772809,2.20296702733854,0.22597033875407996,-2.5530792199648342,-0.44144008840833393
1966-07-01,0.7267772022521857,2.0011938199764345,-0.7496328817473517,-0.5271071997972635,-0.2581903090079626
1966-08-01,0.207931454519205,1.7747772902977177,-0.10992071280876795,-0.393762754706236,-0.4295255101862408
1966-09-01,0.7775483709393125,1.5370499796983674,-0.589880243771606,-0.877400143788411,-0.4162318649746123
1966-10-01,0.2845248630778356,2.67217450025605,0.8018912195607467,-4.407121584965632,-0.547569990158081
1966-11-01,-0.19152581014416434,3.1832837476962954,1.03247019427794,-6.593806010026198,-0.2088178126584916
1966-12-01,-0.578516631415396,4.563373472632431,1.9228241509861415,-8.265066146850586,-0.021652824112347195
1967-01-01,-0.9908700531179254,3.184210381856779,2.2942423268600747,-9.001583319443922,0.04172217810437793
1967-02-01,-1.2256662050882974,3.83881126962057,2.9948875859931663,-9.675584389613224,0.3170986260686602
1967-03-01,-0.7855659181421453,2.6349038612551805,2.4292175416593196,-8.62895525418795,0.4167456002462478
1967-04-01,-0.6165703589265996,2.4051904678344727,1.9243163643059906,-7.556919409678533,0.176008702034042
1967-05-01,0.021194937554272736,1.1377680592420625,0.636812823790091,-5.7377361334287205,-0.7018346162069412
1967-06-01,0.9174447619553768,1.7273870910086284,-0.3641010710486659,-2.6596032656156097,-0.33836765658287776
1967-07-01,0.6991889440652096,2.3284548666419056,-0.8825857606199052,0.4672435327218129,0.026749340551240106
1967-08-01,0.8426725412860061,1.9576091591904805,-0.8215025067329407,1.2744404948674715,0.029895277250380745
1967-09-01,0.8296469847361246,3.13014228169511,-0.22254598292487637,-0.022418336727871344,-0.08864777960947583
1967-10-01,0.7139667417063857,2.7067513000674364,0.26088081024311205,-3.3024783317859354,-0.5369341089611962
1967-11-01,-0.36037968415202515,3.2247476461457043,1.9204258918762205,-7.056222053674551,0.16263813844748906
1967-12-01,-0.6876001529621355,2.5175021915901,2.2135959731207953,-8.17030301460853,0.4084014821620215
1968-01-01,-1.0937795042991638,3.15701350933168,2.4686163222348245,-9.623521107893723,0.34894499750364394
1968-02-01,-0.6983009929006749,2.6469847051108757,2.4839493963453503,-10.836851596832275,0.655713677406311
1968-03-01,-0.8360801095312291,3.3933293528673127,2.3384955194261337,-7.788427059467022,0.07861354166553135
1968-04-01,-0.4002188868594892,2.7072883233791445,1.4068875599790502,-5.6166905623215895,0.07033580914139748
1968-05-01,-0.3805998839776624,1.1128217708773729,1.023388957535779,-6.1497183946462775,-0.5310681604203724
1968-06-01,0.37898060047265253,2.327534483700264,0.0420315812031428,-2.398386597633362,-0.3935043655690693
1968-07-01,0.5412770491657835,1.5569765393326922,-0.6315349704689449,-0.3098796766537886,-0.2714870231492179
1968-08-01,0.20739361079353275,1.9355571851497744,-0.5489372406844739,0.0704553694679187,-0.305388867855072
1968-09-01,0.8545731053207859,3.601806338240461,-0.8013150344292322,-0.39011804530253774,-0.43781985129628864
1968-10-01,0.26129304685375904,3.0420288807008324,0.5067783338880097,-3.384437010838435,-0.217701636609577
1968-11-01,-0.08364317261359908,4.157943260378954,1.4056223410147206,-4.899118496821477,-0.05918577136028381
1968-12-01,-0.8777901304490638,4.12135792941582,2.2138626487166793,-7.390102514853844,0.25582870557194665
1969-01-01,-0.45911434924963745,4.578392970852736,2.185798574376989,-9.837296375861534,0.5167494572344281
1969-02-01,-0.7976408934954441,3.8586604885938693,2.3795091443591647,-10.112547874450684,0.7275939697311038
1969-03-01,-0.42589341544292186,3.734800582978784,2.0039034662423307,-6.165625040347759,0.3119464786279769
1969-04-01,-0.7558646752978816,2.245912900785121,1.8089967745321767,-6.962844041677622,0.02655135245905036
1969-05-01,0.40635381909933954,2.365726814037416,0.8048806477476049,-4.430316961728609,-0.6615282524199713
1969-06-01,0.6200333774992913,1.7110715552074154,-0.13612851810952026,-3.126619641597454,-0.5581453087783995
1969-07-01,0.666207933064663,1.9595166532004753,-0.6197447785072856,0.3143416860928902,-0.16263191189084736
1969-08-01,0.17918714068152686,2.4588692479017307,0.37918497497836745,-0.08613380531852062,-0.2877747019131979
1969-09-01,0.8216077631170099,2.4496540790650903,-0.8806432286898295,0.3260379800429711,-0.3331421741417476
1969-10-01,0.5821385392636964,3.444798981271139,0.567771108062179,-2.944650329076327,-0.35762875562622437
1969-11-01,-0.14304210516539487,2.83066790278365,1.5118580725457933,-5.420301510737493,-0.38403599035172237
1969-12-01,-0.4354567690329118,4.013376701168898,1.6682153498684917,-7.062143087387085,0.027567283472134954
1970-01-01,-0.6888974570866787,2.3661282004379647,2.233181286741186,-8.646780710953932,0.768684773218064
1970-02-01,-0.5908816827066017,3.110642840222615,2.266121572918362,-9.097673342778132,0.5022248696713221
1970-03-01,-1.013697006485679,3.058713529168106,2.2358958367948176,-8.65484934586745,0.5080611223266238
1970-04-01,-0.47931066065123584,2.6415891763640613,1.4671430543616966,-5.386923826657808,0.07924608708847138
1970-05-01,0.2551940693096681,3.062625629145925,0.8577258498580367,-4.42729821571937,-0.7609441876411438
1970-06-01,0.4755712142496398,2.067763485559603,-0.25423361609379447,-0.9733918767708998,-0.2890476690871375
1970-07-01,0.5715982480482621,1.77363898695969,-0.22593020564979976,-1.365056290076329,-0.08190618384452093
1970-08-01,0.643161390766953,2.582242721464576,-0.9185543214833294,1.9948344964247482,-0.14702999698264257
1970-09-01,0.41941125510316907,2.2612059988626623,-0.09043788606369936,0.35256496988810027,-0.19358691005479722
1970-10-01,0.465947762131691,3.301079680279988,-0.20089308144869628,-1.5544753808241623,-0.5128512070292518
1970-11-01,-0.20813538946888663,4.719418432654404,1.2095356705012144,-4.785921023442195,-0.6010888587860834
1970-12-01,-1.1864666685913547,4.244849158496391,2.0257240092312845,-8.169483221494234,-0.19300017683278947
1971-01-01,-1.0024576024575667,2.8283037790438024,2.3000921364183777,-9.019538989433876,0.28086556565193904
1971-02-01,-1.1754524527174053,3.526782989501953,2.561112465681853,-8.550460521991436,0.34000816799345474
1971-03-01,-0.5169368828787948,3.771187037956424,1.5254900963218123,-5.3677398424882155,0.060419951166425435
1971-04-01,-0.7073753259398721,3.1190249978042233,1.8766746476844505,-5.000328100644625,-0.05018339891518866
1971-05-01,0.28861534189094196,2.8438027312115928,0.4256838449725398,-4.7831714153289795,-0.7186964154243469
1971-06-01,0.8257883516224948,2.1688616857296084,-0.5182558187731989,-0.9722142265393183,-0.3045514935538882
1971-07-01,0.25513261330850195,2.0295009380433617,-0.33304788068764735,0.8925037315258613,-0.32116245655786424
1971-08-01,0.5254638691743214,2.2865434972251335,-0.22634846606740244,0.6072686268733097,-0.39076762539999826
1971-09-01,0.16632216284051538,1.8809019065484769,-0.06925742900757878,-0.6317844757666954,-0.4049611233529591
1971-10-01,0.4466919623541109,2.6890117947648213,-0.3783715543923554,-1.4831655300580537,-0.4516918034780593
1971-11-01,-0.3134916141403444,2.8265028465084914,1.051536726730841,-3.54518684057089,-0.09444794129757654
1971-12-01,-1.137636105219523,4.046941675790927,2.3833739536779897,-6.288592632000262,-0.08398458539020448
1972-01-01,-0.8487176037195957,3.7942357179595203,2.3508048719829984,-8.56643273280217,0.4831381496928987
1972-02-01,-0.9828422105673588,2.8991324145619464,2.3671349993458497,-10.964012145996094,0.6792435333842323
1972-03-01,-0.8232396886204227,3.3918459240983174,2.1825996262055853,-7.743823528289795,0.16797413783414025
1972-04-01,-0.3387305998440945,1.8733107462161926,1.642097422370204,-7.509886759978074,0.19983007084755672
1972-05-01,-0.052315628889835236,1.849680121352033,0.8271728849245442,-5.202956383044903,-0.6293613286245437
1972-06-01,0.48324208367954596,2.6588248043525513,-0.008911294517693695,-2.792244920363793,-0.5057919947873979
1972-07-01,0.809545453750726,2.011912770387603,-0.49256180516547626,-1.1278404639317439,-0.17517881379241035
1972-08-01,0.6232652587421013,1.4546717085489413,-0.4612110141250822,1.6716100848638094,-0.34252206484476727
1972-09-01,0.7534738968719136,3.273561524181831,-0.35376817125965043,-1.6772184234399061,-0.48042979268800645
1972-10-01,0.4813324095624866,3.0014099144354103,0.7500288939034497,-4.158161695186909,-0.16456257019724166
1972-11-01,0.17486769198016686,3.3578090551422863,1.0818251857051142,-5.602478064023531,0.01839080248915014
1972-12-01,-0.775885446505113,3.0774186297160826,2.34341820081075,-9.574812192183273,0.2613307109900883
1973-01-01,-1.274986384492932,2.493469889571027,3.042701107484323,-11.373042143308199,0.6873727554366702
1973-02-01,-0.7325709543444894,4.330496962477522,2.243570265946565,-9.361426646892841,0.43641321715854464
1973-03-01,-1.0723733766512438,2.8282988362196018,2.0522253380881414,-7.527609054858868,0.22613929495924995
1973-04-01,-0.9321912897355629,3.553753945885635,2.0749207448076317,-7.037067413330078,-0.008894185469086682
1973-05-01,0.03972282689629179,3.274202637556123,0.9456090568737299,-5.278724431991577,-0.8349120616912842
1973-06-01,0.5393979675842053,2.4070089910088517,-0.08044249067703882,-3.3404696446198683,-0.40389327775864375
1973-07-01,0.47855049823269696,1.9690225764018734,-0.5403042805415612,1.5503917749111469,0.025431505803550993
1973-08-01,0.5240316418084231,2.6406942344293363,-0.3234612720984,1.7119718285707326,-0.2882901401746841
1973-09-01,0.31859756969479897,2.3417839189855063,-0.4270457421188001,0.6711075512262491,-0.2589273133448192
1973-10-01,0.3306353521166426,3.1089433809606044,-0.11581088657732362,-1.9570625745333157,-0.45324606554848806
1973-11-01,-0.5214654022093975,3.5863489639468313,0.8709271455666533,-4.619199954546414,-0.6209401857285273
1973-12-01,-1.0709854237961045,2.562519108376852,2.2075621618164907,-8.442535767188438,-0.22979497554756348
1974-01-01,-1.4996182737928447,3.9088185240582725,2.638650271627638,-10.329692180340107,0.4102936103230431
1974-02-01,-1.5588477705464219,3.045660693471025,2.8965213784465083,-10.859397741464468,0.32115106781323755
1974-03-01,-0.6834121590310877,2.9258931555399084,2.0584095959310176,-7.672569843438955,0.14181995675677345
1974-04-01,-0.19756265436158035,3.086350894555813,1.453705573523486,-6.28429467861469,-0.4471404211861747
1974-05-01,0.27325903347721603,1.5135158852833075,0.35831848228419266,-4.525774258833665,-0.5018338561058044
1974-06-01,0.7655753782301238,1.772898290215469,-0.2051554551279103,-2.8615227112403283,-0.26049965194293434
1974-07-01,0.30140825970606366,1.262320687131184,0.24620967882650868,-1.587019287622892,-0.19532062468074618
1974-08-01,0.6023829859314542,1.6719142111336314,-0.696894429900028,0.030444487212942194,-0.16891009041241237
1974-09-01,0.1304788627859318,3.3817605274479567,0.1347498468088883,-1.1747681177579439,-0.47738289549237206
1974-10-01,0.2718409325814608,3.0870007305610474,-0.590658422421526,-1.477745404610267,-0.5494071968964168
1974-11-01,-0.42460152145588037,3.9107302340065564,1.010147861584469,-4.542689598523653,-0.6175628730228969
1974-12-01,-1.3079280654589334,3.714993523388374,2.5791076598344023,-9.980926146874062,0.2647053272951217
1975-01-01,-0.9583499847036419,2.817624371226241,2.4403341390468456,-9.307080048781174,0.21128611905234201
1975-02-01,-1.1197157429926323,3.4304647910885695,2.6048504643970065,-9.240916142096886,0.648442478406997
1975-03-01,-0.9968286436615568,3.0310735469911156,2.2247049543592663,-8.088190738971416,0.2805937791154498
1975-04-01,-1.1601170355623418,2.405095827288744,2.097254770773428,-7.490486823595487,-0.030677204596854392
1975-05-01,0.12028098783709786,2.646097904298364,0.5221619788143369,-5.545137020257803,-0.7323493560155233
1975-06-01,0.8168647009314912,1.9780317457710825,-0.7789104900978229,-1.4276103331492498,-0.5224746607598805
1975-07-01,0.40425838846148865,2.215696980313557,0.016457256343629625,-0.8276879214323484,-0.3892963840847924
1975-08-01,0.4432094819617994,1.56518264514644,-0.784283462497923,2.2220244774451623,-0.2940886787005833
1975-09-01,0.5932665006680922,3.121204492522449,-0.5354730067429718,0.29417901084973264,-0.38146266625041053
1975-10-01,0.3154242072593082,3.3310590720758206,-0.45893451681843506,-2.156352079831637,-0.6529820816857475
1975-11-01,-0.3359046623562321,3.4710549726718813,1.4849448369608984,-6.853243937859168,-0.4396927853425344
1975-12-01,-1.0788741888421953,3.376096632422471,2.0866440402136908,-8.43046628511869,-0.08217397899854752
1976-01-01,-0.7149388618541486,2.6608452564332543,1.8985412738941332,-7.670783079587496,0.2860570060355323
1976-02-01,-0.7865097260836399,2.60833996098216,2.348090101171423,-9.584753329937275,0.3153760873136066
1976-03-01,-1.1318863341302583,3.5257327847364475,2.561115225156148,-8.767430598919209,0.14420671477204278
1976-04-01,-0.34044424467014545,2.7442051143181034,1.671824245541184,-6.887345589124239,-0.016598676198295186
1976-05-01,-0.07541425859954236,2.127181756787184,0.443668359959567,-5.704430891917302,-0.560399748030163
1976-06-01,0.5903830356670148,2.0281521285452495,-0.03459951667873948,-3.392000152514531,-0.39936325379780363
1976-07-01,0.8440045018990834,1.9825710029136845,-0.3060166758519632,0.04049944691359997,-0.15242080248537518
1976-08-01,0.20815766457059054,2.461719803693818,-0.5869373679161072,0.4899255358255826,-0.1752074630487533
1976-09-01,0.7894685999913649,3.3820512818127146,-0.7065264163193878,0.05716430739714549,-0.13097309995265236
1976-10-01,0.2069094782751618,3.4964096255418733,0.5689955557937975,-3.608999802516057,-0.19997934855165936
1976-11-01,-0.27316696377414645,3.6501672209762948,1.5325296256277294,-6.5038185853224535,-0.4367281638440632
1976-12-01,-0.40549284806757263,3.9747377721274773,1.9446212384435864,-8.843240371117226,0.19495547527358645
1977-01-01,-0.8915646509690718,3.071315404845447,2.5995202638484813,-10.346551124866192,0.5387547470274426
1977-02-01,-0.7030914227167765,2.9944623388895177,2.039093220675433,-9.579872168027437,0.32554978416079566
1977-03-01,-0.47073992900550365,3.7265792125608863,1.7705290405838576,-6.744884986143846,0.04030379156271617
1977-04-01,-0.5398735178239418,2.2818542108303164,1.6142183431872614,-7.390184585864727,0.12628153143894105
1977-05-01,0.08446150318239674,2.9201664575716344,0.7728030284245808,-5.995026460060706,-0.46530812978744507
1977-06-01,0.5983196198940277,1.3488135686734828,-0.1602524365470917,-2.697117282794072,-0.2756903036719277
1977-07-01,0.44886151498014276,2.225731640327268,-0.03229238920741611,0.27493788645817685,-0.1851347408124379
1977-08-01,0.8016944383129929,2.0989692792659853,-0.6411224603652954,0.34551694989204407,0.14468313505252203
1977-09-01,0.6631563784498157,1.5954805583488652,-1.0404787681720875,0.4745815235834855,-0.2673060234103884
1977-10-01,0.5010004522222461,3.0399790624292886,0.8217924998866186,-3.4841982217935414,-0.4475459811233339
1977-11-01,-0.009958739533568873,2.9252441917977685,1.6554119410338224,-5.606004825005164,-0.4248933777922676
1977-12-01,-0.6034276024861769,3.880865108676073,2.1363606055577593,-7.42964010972243,0.3768126524630047
1978-01-01,-0.8202389334187363,2.574685434015786,2.590964017090974,-10.03498205771813,0.3266256834779467
1978-02-01,-0.38143899856191693,2.386606175725053,2.0669429390518754,-8.21237747485821,0.7517041195006597
1978-03-01,-0.81730123722192,2.2168985227259195,2.2356001315293486,-8.22595816392165,0.5729379398482186
1978-04-01,-0.1525122220769073,2.635706052547548,1.7474903552620498,-5.890224530146672,0.03130961697371233
1978-05-01,-0.18030275788271066,3.268013640147884,0.9182154304451412,-5.055837906323946,-0.7299839031128657
1978-06-01,0.5356354018052418,2.6229747911778896,-0.4185207188129425,-1.6442961417711697,-0.4347506023588635
1978-07-01,0.5004515927849393,1.7756126275876674,-0.48193413488290926,0.6181426346302032,-0.2479651676756995
1978-08-01,0.5941887019258557,2.0228637427818486,-0.7766667339536878,2.3674254234020524,-0.07618418229477747
1978-09-01,0.505838520599134,1.9088554673078584,-0.5769095900985929,-0.02001844382343384,-0.3520841045039041
1978-10-01,0.45789572777170123,2.7186425720773095,0.09022895936612729,-1.8815669875878553,-0.24406399045671737
1978-11-01,-0.4252436091050957,3.5557002556033255,1.9876754946178858,-7.940738934736985,-0.39820128253528053
1978-12-01,-0.42929876821510715,4.53548954754341,1.595264783612004,-4.403928151497474,0.2706682752995264
1979-01-01,-0.6743215250246453,3.356787344304527,2.0008137380635294,-7.937049865722656,1.0474685402143569
1979-02-01,-0.4719198540304646,2.6052393564363805,2.042323737232773,-8.942244603083683,0.7895378839401972
1979-03-01,-1.0717881899891477,3.091032039828417,2.6095808656127364,-10.377077872936542,0.34963531153542654
1979-04-01,-0.46250396267031174,3.979181080329709,1.3393025707315516,-5.054129087007962,0.012923246027813072
1979-05-01,-0.5008937734546083,2.347091203782617,0.5536771758838935,-4.85730583851154,-0.367259837332226
1979-06-01,0.7285885061278488,2.430053745828024,-0.14303624629974365,-2.2377866965073805,-0.662470076765333
1979-07-01,0.43106354547269415,2.006150600386829,-0.42040574329870717,-1.3035183915725121,-0.37917547992297584
1979-08-01,0.3749120782947901,1.571133223975577,-0.10338141410439101,0.7229251357225271,-0.24364250046866281
1979-09-01,0.4095015652251966,3.008710175025754,-0.0906464402322416,-1.9783953061470618,-0.5668498930476961
1979-10-01,0.25486292769059987,3.194324272434886,0.44804546568128795,-3.002467063757089,0.013679802595149903
1979-11-01,-0.10559679658123941,2.9244763095204425,1.4206823375489976,-5.783807314359224,-0.38785625781331745
1979-12-01,-0.8147574735410286,3.0761497776682787,2.129532010466964,-7.358022378041194,0.4764756276493981
1980-01-01,-1.5302396181857947,2.7439911191056416,2.6744128377349288,-9.659195863283598,0.6272377712385995
1980-02-01,-1.1850698879270842,2.833372209130264,2.674549045386138,-9.352624416351318,0.6643201623644148
1980-03-01,-0.4568964920260689,3.6891088253114286,1.8228648989288894,-8.854677126957819,0.09041238753568559
1980-04-01,-0.43758530395500583,4.107033334127287,1.7210884778587905,-6.627348753122183,-0.17914915723460062
1980-05-01,0.003634692367279168,2.3609898439267787,0.6480688746604654,-6.065595608491164,-0.3969454339572362
1980-06-01,0.8296901529485529,2.7393707414952724,-0.5478569685860916,-0.2817127567071181,-0.2765582430930365
1980-07-01,0.4949067691058823,1.8582828161193103,-0.41068363589821033,0.23803646461321756,-0.18140897154808044
1980-08-01,0.6166682550401398,1.8656967616662747,-0.636572418389497,0.14041986029881698,0.027323560789227486
1980-09-01,0.7288187742233276,2.2177802353370484,-0.574029857913653,-0.05603145736341293,-0.2516380910362516
1980-10-01,0.21076953095017056,3.327178373569396,0.46330640023505243,-3.9026728043189416,-0.41646666470028104
1980-11-01,-0.4848415624688972,3.610822049582877,1.4172784708164357,-4.5988793556506815,-0.10196612704367865
1980-12-01,-0.5444256871035604,3.479225170321581,1.643396030973505,-6.5968921551337605,-0.08245970876443955
1981-01-01,-0.819278440692208,3.7441620012608974,1.7055117973574885,-7.1836425707890434,0.2097913906687782
1981-02-01,-0.895890322598544,3.744870860402177,2.4366602853492454,-9.140138442699726,0.18527344578788393
1981-03-01,-0.23379084287267743,2.38183402433628,1.8235297666655645,-7.50740308028001,0.612122104281471
1981-04-01,-0.5525025905984821,2.6138927878403084,1.5058123955020197,-6.453976264366736,-0.10569377669266293
1981-05-01,0.31827712487993814,2.9115040127823995,0.8165661245584488,-4.280803295282217,-0.7917299157097226
1981-06-01,0.406862377668872,2.099790660346427,0.05566906183958053,-1.9590460337125337,-0.6862210375922068
1981-07-01,0.20735359214472046,1.8813421086567206,0.05328743546097366,-0.10516809729429391,-0.28952858632519135
1981-08-01,0.9564326342308159,2.285197304516304,-0.6863774800742114,0.7457017325437986,-0.1454693398305348
1981-09-01,0.6649229562643802,2.5637190516402084,-0.28540190240299257,-0.48528783596478975,-0.6694695069676354
1981-10-01,0.0007429752837527882,3.6298359312662267,0.5804862413141462,-3.7309142259451056,-0.32986955983298166
1981-11-01,-0.27610332789746195,4.358040704959777,1.0959225206601397,-6.374928125968346,-0.5940717600640797
1981-12-01,-0.5383876688552625,2.845430374145508,1.7791681819491916,-7.338067201467661,0.23784390872433073
1982-01-01,-0.7502386290015596,2.632379241105987,2.066159027594107,-7.565892659700833,0.5643842475754874
1982-02-01,-1.0422552173787898,2.0010718485204184,2.778730127546522,-10.649809470543493,0.7492288947105408
1982-03-01,-1.2342891458309058,3.2476686849826724,2.4753243834884078,-8.929049051724947,0.25275376226220814
1982-04-01,-0.329342834425695,1.467556052091645,1.3842449695975692,-7.927538798405574,0.22789399538721358
1982-05-01,0.39303087149605603,1.812920192392861,0.6726668664702662,-5.059601251895611,-0.35146712547256836
1982-06-01,0.7833247157660397,1.5841106089150034,-0.23353271600272918,-3.1137331173970146,-0.6447831080073402
1982-07-01,0.693203125036124,1.9254555062549872,-0.647669423509527,-0.7417428951997023,-0.22863025466601056
1982-08-01,0.9696973995728926,1.7778507093103921,-0.6414530522845409,1.6323059797286987,0.11506761823381696
1982-09-01,0.8468410282424002,2.3865208393189965,-0.6645725833045111,-0.8813081452479729,-0.19974346671785628
1982-10-01,0.2595157164967421,2.9842836100880694,0.6265880384792883,-3.193227144388052,-0.2685320164476122
1982-11-01,-0.09482297481912555,2.710025194214612,1.7864255441559684,-6.014449779803936,0.010036093936789604
1982-12-01,-1.3382463292642073,2.5074237730444935,2.7519398265414767,-10.023135405320387,0.3244241078694662
1983-01-01,-0.7934925005291447,2.4390784705557476,2.5833041579635054,-9.969370181743916,0.523649723756881
1983-02-01,-0.6347124323700414,1.8817115120771455,2.76285277472602,-10.663274618295523,0.9532402668680464
1983-03-01,-0.6426067401965458,1.3851793800912253,2.461255148605064,-10.709656201876127,0.41592415599595933
1983-04-01,-1.12955497972893,2.039613956358375,2.3092309633890786,-9.771757859450119,0.4883281886577606
1983-05-01,-0.006279961742234952,3.197205648189638,0.9531326729942251,-6.059664946336013,-0.3649185455980755
1983-06-01,0.805112493760658,2.7035605616685823,-0.1202032530542325,-2.8541771265176625,-0.6499532432783218
1983-07-01,0.6563286889683116,2.0068079960055467,-0.2542612042008032,-0.7100971845480112,-0.3069804183074406
1983-08-01,1.022204260031382,2.1205756722427,-0.8449782927831013,0.8942690033179063,-0.26124112662814913
1983-09-01,0.8723459912068916,3.2833317431007947,-0.4749770103781311,0.1326134858223108,-0.3046823044617971
1983-10-01,0.20288721178517197,2.9297831581860057,-0.07482529790313155,-1.977502153469966,-0.4131752820242019
1983-11-01,0.1867755287975976,3.4060736981833855,0.6527840332300574,-4.077062240013709,-0.4072914166109903
1983-12-01,-0.8592254284656409,2.932738676303771,2.0615775276113437,-8.201737587268536,0.11269012909559976
1984-01-01,-1.3656111377658264,2.9426176373551534,2.675880546923037,-10.441289498255802,0.33755217279706684
1984-02-01,-1.364039471655181,3.0468626720149343,2.6538671166808516,-9.76947912803063,0.030380205827809516
1984-03-01,-0.4249446545586441,3.406594439250667,2.2340390417310925,-6.984586899097149,0.08230554383425485
1984-04-01,-0.28361957520246506,3.8564676191748646,1.8442954178209656,-6.825014719596275,-0.39456880518368315
1984-05-01,-0.07862616894823132,3.0037824700518354,0.7118627497995341,-4.905177079714261,-0.47235190868377686
1984-06-01,1.0464272038503126,2.068524971240904,-0.6486804948912727,-0.7715596602513239,-0.29874905234291443
1984-07-01,0.2845508356889089,2.5250202271996476,0.09514759812090132,-0.9056245478299948,-0.4185656351702554
1984-08-01,0.5182902356891921,1.9029739426403511,-0.3152459721874307,1.5840980869073134,-0.06654667889788038
1984-09-01,0.12539681047201157,2.662069913817615,-0.18966729166331114,-1.703224846949944,-0.39561259604635696
1984-10-01,0.4368448799306696,3.1668247246160743,-0.17757906957908912,-2.373665112715501,-0.3530556956926982
1984-11-01,-0.265090698094079,4.485744383276963,1.4908526782636289,-4.771633331592266,-0.17076166612761362
1984-12-01,-1.088257585511063,4.699329922838909,2.49716286306028,-9.747811464162973,-0.08497829770758039
1985-01-01,-0.6260524193445841,2.8396618075487092,2.178349870222586,-8.847297154940092,0.6127856317020598
1985-02-01,-1.4126200116041934,4.3940180685462025,2.6909506983227196,-10.323276886573204,0.03528006020046416
1985-03-01,-0.7154890533649559,4.067109561548,2.2434277115044767,-8.64877517406757,0.08089796950419745
1985-04-01,-0.461578933578549,2.272501079047599,1.2994686486544431,-7.19876243517949,-0.15756578317710332
1985-05-01,-0.1258049188463977,2.343958180125167,0.7560967157284418,-4.934366849752573,-0.4718381024542309
1985-06-01,0.3965685200510603,1.7685548561375317,-0.16066982514328426,-3.1360369462233324,-0.3836143584478469
1985-07-01,0.6140755207249612,2.3771453194501926,-0.3174228662693942,-0.2774893950957518,-0.25005042552948
1985-08-01,0.6904717873443257,1.9155701486075798,-0.4690955841430911,1.3738374297435467,-0.24669340678623744
1985-09-01,0.643978380795681,2.3073222579025643,-0.6422081893240964,-0.32457938561072713,-0.22567698643321082
1985-10-01,0.3649033944715153,3.725738932446736,-0.1672463008651027,-2.0379479114825907,-0.4316915713605427
1985-11-01,-0.1889605921777812,3.733599185943604,1.6903424704516374,-6.40455805338346,-0.36221217541467576
1985-12-01,-0.6954585964029485,3.0534723909889783,2.0891790036801936,-7.506561279296875,0.1384396194702103
1986-01-01,-1.0559789836406708,2.7460769909184157,2.3165042753572815,-8.717863376323994,0.256075035958063
1986-02-01,-0.7499163123694332,2.1755474369700365,2.065807029053017,-8.16036737882174,0.7572571436564128
1986-03-01,-1.4231638474897905,2.4577193143891125,2.795423180968673,-8.842239930079533,0.40046288853599915
1986-04-01,-0.7019154050133445,1.9089345524950727,2.0106402812180693,-7.789135896242581,0.1467331268248104
1986-05-01,0.11302448357596541,2.1661944505645008,0.428651714766467,-5.979532461899978,-0.6499284789675758
1986-06-01,0.5435634968858777,2.457068896875149,-0.2303451644601645,-1.909224918255439,-0.40652013960338773
1986-07-01,0.6707819799582163,1.3953566551208496,-0.2779100012655059,0.056158987661966905,-0.32823153194927035
1986-08-01,0.7848425570762518,1.911470948196039,-1.0642986606668543,0.8938460969007932,-0.3344990313053131
1986-09-01,0.5835353876605178,1.779082344799507,-0.39687733407373776,-0.8617742703511164,-0.42619286548523677
1986-10-01,0.43517960743470624,3.028659704254895,0.45966129336092204,-4.306578636169434,-0.4635606848058247
1986-11-01,-0.2595606510470988,3.4219073086250122,1.4363818422511772,-5.621116894942063,-0.4362083971500397
1986-12-01,-0.5099731638576045,3.189130527217214,1.9306616650687323,-7.240855693817139,0.41545902689298
1987-01-01,-0.5992452755118861,3.3352883850655908,1.875778536001841,-7.409037993504451,0.30107987778527395
1987-02-01,0.07074005111600414,2.447339383567252,1.4644601278834872,-6.098435475276067,0.12594182931241535
1987-03-01,-0.19001004314332295,4.06702088146675,1.9305571361824316,-6.639917538716243,0.3885005556401752
1987-04-01,-0.20084845635927084,2.6456969540293627,1.7508596181869505,-7.0285022258758545,0.019032499265103114
1987-05-01,0.1903701460722721,2.4741861878371822,0.6312845757714024,-5.631613731384277,-0.2748170778864906
1987-06-01,0.6395239947420178,2.549426730086164,-0.1314490679996433,-3.2747266384271474,-0.8660902579625448
1987-07-01,0.6833864432392698,1.908006464562765,-0.07468788988060421,-1.8320332352931683,-0.14917163976601192
1987-08-01,0.7855770714355237,2.5167494285397414,-0.4101196510924233,-0.5877365286533649,-0.22284842672802155
1987-09-01,0.6519316498077277,2.9831176850853898,-0.14330498460266325,-0.7728300988674164,-0.3069532059487842
1987-10-01,0.30193075565903477,3.5876495082203936,0.608703062041766,-3.9751346294696512,-0.43057480028697426
1987-11-01,0.24878430095585907,5.323016352769805,0.5143890778223673,-4.403243615077092,-0.39255438106400625
1987-12-01,-0.5061728992696964,3.730721008486864,1.70078972975413,-5.190749351794903,-0.23151543878373645
1988-01-01,-0.9863483634862033,3.763598639790605,2.471582977860062,-8.437984723311203,0.3507261829716819
1988-02-01,-0.6892039694569327,3.1698180408012577,2.3000142088642823,-7.554742464652428,0.5255726831299918
1988-03-01,-1.1193754998120393,3.1364083290100098,2.480787811455903,-9.189877143272987,-0.055395838405404775
1988-04-01,-0.3005876346971049,2.541387953409335,1.6628343198034496,-5.713439446229201,-0.01969465631104651
1988-05-01,0.1643057157652396,3.542370040242265,0.3462813242718025,-5.196751081026517,-0.7874825171061924
1988-06-01,0.711068623896801,2.6665079884412815,-0.06165054661256295,-1.043195564013261,-0.4236896477994465
1988-07-01,0.6783806464888833,2.507502276722978,-0.6415172859474464,0.0376441515982151,-0.2357154375030881
1988-08-01,0.5044266581535339,2.0766162290805723,0.03337705576861346,-0.9032270656182215,-0.3572169513929458
1988-09-01,0.7885629932085673,1.9773624292234095,-0.5589973733380988,-0.5697711155964778,-0.6061731349854242
1988-10-01,0.4616193247563911,3.294426638905595,-0.5303027729193369,-1.9474705824485192,-0.4823719461758932
1988-11-01,-0.2649446949362755,3.4991802238836525,0.8054443531566196,-2.9947918194990892,-0.6203094408625648
1988-12-01,-0.6428338361508918,3.562286132719459,1.6949050956302218,-5.750973408038799,0.140500104143506
1989-01-01,-1.552324809811332,2.995716071710354,3.251499710259614,-12.154125250302828,0.052798366440194
1989-02-01,-1.7972103122508887,3.1476602321717797,3.5771411878091315,-12.634129707629864,0.5798659154347011
1989-03-01,-0.7102319462732835,1.9573675423133665,1.7114659702336346,-7.476012981854952,0.19139663449355535
1989-04-01,-0.46882464578657435,1.7419935726537938,1.9704866188543813,-8.775509320772612,-0.029164918565324376
1989-05-01,0.21211131278312567,1.7193970156878962,0.19362210123627274,-4.486314608500554,-0.5741436211835771
1989-06-01,0.19526299879406436,2.4691366567844297,-0.15361026205398418,-1.6539995486919696,-0.2763096952722186
1989-07-01,0.10697723394542029,1.7762676971714673,-0.2810223657568848,-0.5252297107989972,-0.4584751313640958
1989-08-01,0.6740410896864804,1.9111445764215982,-0.7039080063501993,0.8838995718038999,-0.29629658730257125
1989-09-01,0.6069223086039225,2.8936499502600697,-0.42407253274211176,-0.4754492583183142,-0.1913808108795257
1989-10-01,0.5489295404968839,3.362346277004335,-0.19729519607844176,-1.9289548580463116,-0.4911288973830995
1989-11-01,-0.4379451500646996,3.6092886110631435,1.475123757565463,-6.224721211653489,-0.2802643392767225
1989-12-01,-0.4506767473437569,2.6896174361066123,1.687972413169013,-5.843598567522489,0.6232919437544686
1990-01-01,-1.2812469041708743,4.019067636350306,2.720818585819668,-9.584469061631422,0.04820088368086588
1990-02-01,-0.5391723165909449,2.5446432392771654,2.2661422137860896,-8.717670807471642,0.7156941152754285
1990-03-01,-0.6910129930033828,2.5367518750632683,1.9894920013569017,-7.728963631850022,0.3836783270041148
1990-04-01,-0.49719524880250293,3.0789575925687465,1.7527243605366458,-8.269232053023117,0.05040255242160389
1990-05-01,0.39023234311378363,2.745462626945682,0.14945712130240818,-3.675374388694763,-0.6149517638342721
1990-06-01,0.8221792678038279,2.09529021891152,-0.38190947638617617,-1.5307797835423396,-0.529791343779791
1990-07-01,0.1061635317675995,2.5909034217276226,0.08937517801920572,-0.20025170479829493,-0.06335773727013952
1990-08-01,0.8663764957225684,3.1432099458647937,-0.8065387606620789,1.3194367289543152,-0.3811286318869818
1990-09-01,0.6314721748684392,2.7107294012860557,-0.5392912637304377,-0.17109662294387817,-0.27206151613167356
1990-10-01,0.2414760941808874,2.688992604976747,0.36329980249758115,-3.3647479919286876,-0.3231487103870937
1990-11-01,0.09135697671974247,3.7052049869444312,0.7683736030702237,-4.076883426079383,-0.2371812505381448
1990-12-01,-0.6922428806622822,3.10930914995147,1.9411778008496319,-6.896184957944429,0.22720636001655034
1991-01-01,-1.1684787544337185,3.308912021357839,2.8434527141076544,-10.197646801288311,0.39531719826516654
1991-02-01,-0.9850620320349028,2.460879232825303,2.429243591096666,-9.437775611877441,0.5233873923619589
1991-03-01,-0.9100223129445856,2.8541617277191906,2.2842323338543924,-7.947538449214055,0.39320634234519236
1991-04-01,-0.7216434587131847,2.312148489603182,1.7144271620997675,-7.434059106386624,-0.1076793298125267
1991-05-01,-0.07602882881959279,2.567851252672149,1.4148469600412579,-6.524594472004817,-0.5142484392438617
1991-06-01,0.5291442979465831,2.666698141795833,0.21728828066477068,-2.5593170752892127,-0.7915782786550977
1991-07-01,0.9239875457503578,2.1870038858274135,-0.5782577416135205,-0.10548873732869442,-0.18052607774734497
1991-08-01,0.7851161514267777,2.3282891366539933,-0.7358954736480006,0.924135515323052,-0.17135755292006902
1991-09-01,0.7374042362877816,2.5633343836156337,-0.5836902203521243,-1.7757784861784713,-0.49850138879957656
1991-10-01,0.22251950012463512,2.4965693310993475,0.1783873747896265,-3.05438362635099,-0.7293338576952617
1991-11-01,-0.4019857694705327,3.133029472537157,1.474840000823692,-6.289938779977652,0.10473663430838358
1991-12-01,-0.9950561956925825,3.875521624960551,2.3985451018368753,-6.5857080312875595,0.23872036309469316
1992-01-01,-0.5910921728972233,2.1972240471258395,2.2540908168863365,-8.455436963301437,0.5789093318439665
1992-02-01,-0.9378442258545846,2.2749406535451007,2.833193430194148,-10.76988623692439,0.5521469172977266
1992-03-01,-0.9848315155867374,2.74292405058698,2.8244285671799267,-10.981697302598219,0.4860133642242069
1992-04-01,-0.5429680600310817,2.790571712866062,1.6270480774067064,-7.283506943629338,0.021233163507921357
1992-05-01,-0.1575717617842284,1.7856033836922995,1.2855416370762718,-6.100395092597374,-0.48741893399329417
1992-06-01,0.996189812819163,2.1375324667953866,0.029411321264450195,-2.88731180704557,-1.022657681079138
1992-07-01,0.6352018000501575,1.6415072650444218,-0.1624987357192569,-0.5631265158836658,-0.2770191679398219
1992-08-01,0.4797593888008233,2.662334500289545,-0.7637259446912341,1.3865003219017615,-0.20020542045434317
1992-09-01,0.257948488279274,3.2826095092587355,-0.25333369461198646,0.5173228107965909,-0.3134824690364656
1992-10-01,0.4417359603173805,2.662759873925186,0.10604262351989745,-2.7271270751953125,-0.525205298548653
1992-11-01,-0.18871965832218077,2.9206906876912933,1.4379480922663652,-4.075443744659424,-0.28395633257570724
1992-12-01,-0.9661130607128143,3.696260510421381,2.22445097234514,-6.814129077471219,0.2508085575841722
1993-01-01,-1.2562464584003794,2.515423588636445,2.8187118194721363,-12.223432614253117,0.3048980874674661
1993-02-01,-0.29609670693224127,3.135226703271633,1.63780826109427,-7.0726701846489535,0.02974989779648327
1993-03-01,-1.0429548494743577,2.661875399147592,2.3391598904574358,-9.101197352776161,0.35460669369924636
1993-04-01,-0.42981394199710904,3.166836936299394,1.5481029395703916,-6.492283711066612,0.23453762488705773
1993-05-01,0.35389394245364447,2.8493270641419945,1.0954353268499726,-4.898527035346397,-0.5577457447846731
1993-06-01,0.42401412219712226,2.369350921816942,0.3184013034182566,-2.6096786444003763,-0.5405197186129433
1993-07-01,0.5217865673881589,2.206798733734503,-0.28924569487571716,-0.6258664222864004,-0.4242442548274994
1993-08-01,0.7077211457671541,2.6644026360860686,-0.3323634659561018,-0.21983564186554688,-0.17777246733506522
1993-09-01,0.8454778880784005,2.629078597557254,-0.5495134879041601,-0.06428016349673271,-0.1875326746986026
1993-10-01,0.48611803036747553,2.4862437713436965,0.21982971164915296,-3.3380210399627686,-0.5727985430331457
1993-11-01,-0.21822774839220624,4.605694514949148,1.5523912178145514,-4.415374994277954,-0.345315287510554
1993-12-01,-0.6500652906569567,3.7297603560657038,1.677805737212852,-6.58579789675199,-0.07747380683819453
1994-01-01,-1.1004428520347131,3.093117911641191,2.28908602838163,-9.174180030822754,0.5122174819310507
1994-02-01,-1.124955126733491,3.2684962923933822,2.8604958896283748,-10.028611696683443,0.31928143330982756
1994-03-01,-0.9934825427604443,3.019494545168993,2.5531256640398943,-8.815285792717567,0.0013336397907031435
1994-04-01,-0.6272218218355468,2.2157216944345617,1.493264458797596,-6.513932118049034,0.03624936743151574
1994-05-01,0.2466164021329446,2.7393032864826483,0.6339475374530863,-5.000035579387958,-0.6780045373099192
1994-06-01,0.3743850823604699,2.1754532325558547,-0.37931513075751283,-1.084099136866056,-0.36830880812236244
1994-07-01,0.6682522594928741,2.1972377125809834,-0.6713856218589677,1.7992826608511117,0.017344240941816854
1994-08-01,0.9622337691711657,2.819931216356231,-0.593482668477076,2.2038957247367272,-0.05806624623281615
1994-09-01,0.40015886453065,2.5915942540982875,-0.6192921764320797,0.29448110323685867,-0.13876396807886307
1994-10-01,0.29784482762669073,2.72376595473871,0.802371292202561,-3.6539776967122,-0.2631290327934992
1994-11-01,-0.050436164901563614,3.8446089116538444,1.4775815385359303,-3.473358887892503,-0.15094166710263207
1994-12-01,-0.9159390447717723,3.1519192021067552,2.250322699546814,-7.992959939516507,0.31690384660448345
1995-01-01,-0.85867496602463,2.823646184874744,2.2258541098347413,-9.380084734696608,0.4656864418869927
1995-02-01,-1.2460324348825396,1.4812690455739093,2.691468596458435,-9.743420894329365,0.5103101332982382
1995-03-01,-1.0322168469429016,1.5289293556678587,2.139517444151419,-8.373000071598932,0.5517970947992235
1995-04-01,-0.6788893856785514,1.7148058588911848,1.8322123421563041,-7.264594848339374,0.1808936574629375
1995-05-01,0.4810299950115608,2.9343756233773584,0.6133317671440265,-3.446575311514047,-0.5411222931884584
1995-06-01,0.5139301277019761,2.431703195339296,0.32784842230655525,-2.5609594125014086,-0.758150007043566
1995-07-01,0.393028212993434,2.083039138375259,-0.28093762143894474,-0.24459304717870858,-0.08328525970379512
1995-08-01,0.6359209165428624,2.7149924417821376,-0.20500309075470322,0.04933237886199584,-0.24453073385215943
1995-09-01,0.5472968925129283,2.0798123464351748,-0.7480496057757624,-0.2930746628687932,-0.3515365223089854
1995-10-01,0.287684595043009,3.102239457572379,-0.051535997125837535,-2.5852726056025577,-0.39888875825064524
1995-11-01,0.058545305210193896,3.08027529134983,0.9906011323134104,-4.555423443134014,-0.7120008269945781
1995-12-01,-1.0377653168909478,2.5785239731393212,2.222899485517431,-8.039985253260685,0.35336627846672425
1996-01-01,-1.1571459697954583,3.9427097250775596,2.6207001120955855,-10.031848687392014,0.7413033928189959
1996-02-01,-1.0119706618063378,2.7557416660029714,2.242571998525549,-7.894369272085337,0.22447414341427033
1996-03-01,-0.7663075445276318,3.443959282665718,2.1645836808063366,-8.63042427943303,0.3103851562454587
1996-04-01,-0.4101259464567358,3.566138046543773,1.422643882256967,-5.479932289857131,-0.03169884106942586
1996-05-01,0.0807623520041957,2.171949787837703,0.43330951421349134,-5.588146814933189,-0.4217814121927534
1996-06-01,0.7232455593166929,2.619416539261981,-0.314247277047899,-1.8762091031441321,-0.430306260074888
1996-07-01,0.33069194266290375,1.5536674639073815,-0.18841148250632814,-0.7156710212047284,-0.5530380067371187
1996-08-01,0.3712803012493885,2.1555651978748602,-0.21640080268736236,0.7845725004489605,-0.21547219228176845
1996-09-01,0.9209122621651852,3.4608899093255765,-1.0800659656524658,-0.08521185328180973,-0.5090443506127312
1996-10-01,0.36331099091154156,3.4001056740923628,0.25264324137458094,-2.5785881739396315,-0.679751733938853
1996-11-01,-0.20528522066094657,3.500424943319181,1.1203078898014844,-6.049859523773193,-0.3859243222645351
1996-12-01,-0.5923108959739858,3.566078151144633,1.6265547937817042,-7.042727103600135,-0.18789049770150867
1997-01-01,-0.3869728777896274,2.7202155531906502,1.972241754885073,-8.109917090489313,0.8931019476481846
1997-02-01,-1.6199866027543037,3.973944012711688,3.256060348616706,-11.966560437129093,0.28370938130787443
1997-03-01,-0.6164568278825644,2.3643996657394784,2.0269753756346525,-8.323353070479172,0.3518805972167424
1997-04-01,0.04234976614966537,1.089742925108933,0.9852784927244539,-5.775979849008413,0.0776751499090876
1997-05-01,-0.4203843573729197,1.7121002441499293,0.9729669187907819,-6.057834625244141,-0.36808156541415626
1997-06-01,0.7550747331344719,2.268995599048894,0.30260380849035245,-3.2980455802037163,-0.05532783855284964
1997-07-01,0.757874029152321,2.0910286321872618,-0.5003105374742989,-0.22158645666562593,0.0007245598161326988
1997-08-01,0.7667404909928639,1.8878989103363784,-0.551919880564566,1.000817005450909,0.052432573976970855
1997-09-01,1.0276028604218455,2.6889321280688776,0.03546230081054899,-1.1434143552413354,-0.12343954294919968
1997-10-01,0.1688685268163681,1.7207504772558446,0.9175983016137723,-4.301431545844444,0.218272688133376
1997-11-01,-0.16196948673689004,3.506993956682159,1.9273598436956052,-6.6939317263089695,0.3918853544053577
1997-12-01,-0.3429134573900338,3.302468323126072,2.4722726256759078,-8.76460075378418,0.6725574533144634
1998-01-01,-0.5091954361308705,3.1073927879333496,2.866266502274407,-10.398600651667667,0.8566884057862418
1998-02-01,-0.3710464997725053,2.0890906089689674,2.2190930666746915,-8.241147261399488,0.8600521655309769
1998-03-01,-0.7743464049064751,3.6862489653796686,2.7197135819329152,-9.475440245408278,0.6055184773036412
1998-04-01,-0.48179410849556775,3.4693758662154037,1.8382550941573248,-6.561103692421546,0.338660322484516
1998-05-01,-0.33100995827804913,3.1463053168320076,1.0191340137411047,-4.258124644939716,-0.5661100149154663
1998-06-01,0.17301695364894287,2.3114841158797104,-0.17305911880814365,-2.4357360142927904,-0.7042783356848218
1998-07-01,0.054654614491896195,2.3077316400481434,-0.026325522749512283,-1.1225138719265277,-0.35372475783030194
1998-08-01,0.44049819310506183,2.3113242009790933,-0.1543090954698898,-0.6859700267131512,-0.5695576823893048
1998-09-01,0.49439293868613965,2.8168332285997346,-0.7579671150004422,1.0259471260584316,-0.5333065277054196
1998-10-01,0.3761096321272127,2.9936246755646496,-0.6757470882601208,-2.07558824465825,-0.5501340542520796
1998-11-01,0.20143580481861575,4.1350556582939335,0.4465084660936285,-3.2314305122082048,-0.6721243971870059
1998-12-01,-0.5617164710367267,4.024591678526344,1.6384567927431175,-5.858254432678223,-0.26005013358025325
1999-01-01,-1.2483352061473962,3.15634680957329,2.2917857876530396,-7.890018133016733,0.12136027216911316
1999-02-01,-0.6874953481284054,3.2775384623829913,1.755091768723947,-6.088588787959172,0.13128174025387992
1999-03-01,-1.0585492307489568,4.031409286871189,2.0242454829039396,-7.684811720481285,-0.033127310286675184
1999-04-01,-0.01471795593247269,3.2616318725958107,0.9475957464288781,-5.13999003630418,-0.8331345660345896
1999-05-01,0.32499564642255957,2.0602922614027817,0.4230401168266932,-4.179982038644644,-0.5907440114588964
1999-06-01,0.7922987594748988,2.477018716858655,-0.46025659475061625,-1.4346382938898525,-0.49943725268046063
1999-07-01,0.39107627940900397,1.7524144998410853,-0.5058034288662451,-0.5659971672755021,-0.32205262354442055
1999-08-01,0.6758426908742298,1.7363136861382462,-0.12449889133373895,-0.17675121243183428,-0.38985993180956163
1999-09-01,0.7576369200692032,3.5693453579414185,-0.45588961629955854,1.0394377204088063,-0.29682234994002754
1999-10-01,0.6670573218302293,3.00855287691442,0.04357237506795812,-1.832160926782168,-0.8857656802449908
1999-11-01,-0.052209556892965775,3.8196281688969314,1.1676386964541894,-5.048335515535794,-0.44641012237185523
1999-12-01,-0.7625339947866671,3.2066682489906873,1.385248480019746,-6.51702514061561,-0.06053706276274863
2000-01-01,-1.2597539208152078,3.942942328569366,2.8333477399967335,-9.796266372387226,0.32241979525202796
2000-02-01,-1.6372186216441067,2.8711987704765507,2.8354239684564093,-10.739180674919714,0.19126445764587038
2000-03-01,-1.120612205881061,3.0406440176614904,2.402220390461109,-8.229252925285927,-0.07928695884488877
2000-04-01,-0.4003524441610683,2.795473540701517,1.347577240731981,-7.507360440034132,-0.46018589110601515
2000-05-01,0.4839613807923866,3.344981263323528,0.27539346505094453,-3.314089775085449,-0.39489624046144034
2000-06-01,0.5576643754135479,1.8528148895356715,-0.46360903867968806,-1.7080360880264869,-0.43773888832046876
2000-07-01,0.4379550051508528,1.500684168280625,-0.6590894112984339,0.37048679704849535,-0.2790858703000205
2000-08-01,0.6622693755409934,2.336739912265685,-0.5884465244081285,-0.1881910631289849,-0.6062199672063192
2000-09-01,0.8858834026437816,2.534807019117402,-0.0332979563002785,-1.0521899049098675,-0.4228155527796064
2000-10-01,0.7255074652758511,4.803793895535353,-0.5032263144298835,-1.7518522647710946,-0.7552801853134519
2000-11-01,-0.6988737845059597,4.172256225492896,1.5247638578768128,-6.021994352340698,-0.33649415487334844
2000-12-01,-0.9244952237967289,3.9407093350480245,2.036883599228329,-7.707428015195406,-0.18494657817341034
2001-01-01,-1.1229711951631487,3.8053541648678664,2.4475326140721636,-10.659968852996826,0.22325680724212102
2001-02-01,-1.469347784013459,3.382998850287461,2.5237829596908004,-9.573539403768686,0.1652461254880542
2001-03-01,-0.4876760145028432,1.664235969869102,1.5211820602416992,-6.9205522537231445,0.27824042453652337
2001-04-01,-0.4523448533180988,2.7629648766866546,1.8206043375862968,-6.490504741668701,-0.10790806263685226
2001-05-01,0.519464300437407,2.628909378516965,0.10104872010372302,-4.796956135676457,-0.5720108392692748
2001-06-01,0.5603292900504487,2.1269446466027238,-0.19133993320994905,-1.056251388329726,-0.24496235308193026
2001-07-01,0.37393914253422705,2.296729349508518,-0.3843622351134265,1.4361074337592492,0.006325014622970707
2001-08-01,1.0170014067129656,1.6680535746783747,-1.0990967077237588,1.1411467423805823,-0.22837281936690923
2001-09-01,0.5395421701850313,2.8304989744977256,-0.18422700878646636,-0.48790665773245,-0.44482144571485976
2001-10-01,0.41379570735223364,3.6110572698639665,0.09049646280429981,-2.6257180250608,-0.7575148627871559
2001-11-01,-0.3227663536866506,3.324251349379377,0.9289965585426048,-3.858870267868042,-0.5827734512942178
2001-12-01,-0.43145446389010456,4.6780144296041355,1.596205985104596,-6.825085328175471,0.05778060072944278
2002-01-01,-0.8894872484785137,2.6729871587055487,2.310644918017917,-7.821899193983811,0.3949563063326336
2002-02-01,-0.8970196951519359,2.55099942044514,2.136068432419388,-8.416152917421782,0.18933420734746118
2002-03-01,-0.5838188935409893,3.209717390013904,1.9460568825403848,-6.838333606719971,0.42468018475032987
2002-04-01,-0.2799082716757601,3.3413261902041556,1.7467704084184434,-6.477836920664861,-0.02301173018557685
2002-05-01,0.058545321790557915,2.4449240870592073,0.616144618295409,-5.317439024264996,-0.6754234433174133
2002-06-01,0.6603677841750057,2.7403206360049364,-0.10118723881465416,-2.3374853225854726,-0.4598586332230341
2002-07-01,0.44051693808851816,1.7597634617875264,0.0561961007338983,-2.309455779882578,-0.4851975256488437
2002-08-01,0.8513884336659402,1.6732893339017543,-0.6587385303444332,1.2201058176847603,-0.2232029147091366
2002-09-01,0.821318816054951,2.2519991165254174,-0.8336261190749981,-0.3238036942023497,-0.24314363087926594
2002-10-01,0.6628740466002262,3.3469883407034526,0.7098729687708395,-3.454161607302152,-0.3878841797510783
2002-11-01,-0.1906287602402947,3.55337538370272,1.4365876714388528,-5.1730784086080694,-0.2326408312434242
2002-12-01,-0.6171147254380313,3.1986852971518913,2.2759494958100492,-7.428361819340632,0.397627055644989
2003-01-01,-0.8103637984304717,3.3015518653683547,2.2476886157636287,-8.372573669140156,0.5593228198233106
2003-02-01,-0.9710386169679237,3.4190896080761424,2.431739921923037,-8.389378510988676,0.47113746404647827
2003-03-01,-0.5444693745988788,3.2525835967645413,2.2874671000021474,-7.744450752551739,0.1934366212004707
2003-04-01,-0.10533669794147664,3.4827156764705007,1.3574285087762055,-6.001917673991277,-0.00023603611875192397
2003-05-01,-0.11859192992701674,2.754193689765,0.5972843755174566,-6.450494894614586,-0.6743353747186207
2003-06-01,0.7401114386139493,1.7838571129775629,0.34935744091247517,-3.5228628378648024,-0.4241675493263063
2003-07-01,0.919146587451299,3.396655001291415,-0.7953663529069335,0.6576264133820167,-0.25335823496182763
2003-08-01,0.798175393631964,2.5351012625345373,-0.7349612812201182,1.3862591523390548,-0.2966891796815963
2003-09-01,0.7302776882142731,2.0637906179195498,-0.7669849528206719,0.41814403465160954,-0.31163358972186134
2003-10-01,0.5434154786846854,3.4015222293574636,-0.11659496360354953,-2.212927203912001,-0.5370595980258215
2003-11-01,-0.5356590856205333,4.105249556099497,1.8594587290728533,-6.2294496939732475,-0.2788846336659931
2003-12-01,-1.0058559251554084,3.0974580020439335,1.9704280076203522,-7.198061392857478,0.022421036625192278
2004-01-01,-0.4975791907671726,2.891783597992688,1.9425230445685209,-8.199899930220383,0.5760867326032548
2004-02-01,-0.7770141191554791,3.4240783714666603,2.0720550307521113,-7.928273311028113,0.07415659991758211
2004-03-01,-0.5395713177594271,4.41018662801603,1.7390760558622853,-6.540390161367563,-0.2917808081422533
2004-04-01,-0.34011888007322943,2.377899681649557,1.716247366534339,-6.5770713182596054,0.0688439989019008
2004-05-01,0.34574067050760443,2.523724916504651,0.4873920611485287,-5.0970581861642685,-1.0371272762616477
2004-06-01,0.8165604914679672,1.6416370868682861,-0.6689041577003619,-2.635101400888883,-0.3193462533610208
2004-07-01,0.5839674084475546,1.5755441130661383,-0.17770804740764476,-1.157280458853795,-0.45437390605608624
2004-08-01,0.6078006869012659,2.599916807035121,-0.8015025820997026,1.4216333627700806,-0.027667613522637458
2004-09-01,0.7321840434363394,2.9343357900293863,-0.004515438168137161,-0.3443874418735504,-0.45123274127642315
2004-10-01,0.3262417560273951,2.3724672270984186,0.46512118079354636,-3.2201549181571374,-0.26791299737635116
2004-11-01,-0.5970272150906649,3.289425954586122,1.8009026845296223,-5.374608590052678,-0.014588429725595884
2004-12-01,-0.7170846516435796,3.8506042666551545,2.1802470088005066,-7.38906768652109,0.07621699145862035
2005-01-01,-1.0068599021796023,3.311691051576196,2.5437256804218995,-10.092665598942682,0.5127241923695519
2005-02-01,-1.0123874201919092,3.778320696295762,2.8552218719764992,-11.36254989183866,0.564826067004885
2005-03-01,-0.5646073682741685,2.6170774203975027,2.112830016348097,-7.878419069143442,0.20832646460760207
2005-04-01,-0.48066718560276606,2.3952264611313985,1.6578241630836767,-6.720654781048114,-0.08894425949880055
2005-05-01,-0.17204179682514883,1.7086992903453548,0.9570040774566155,-6.420168051352867,-0.5149592955907186
2005-06-01,0.6345699682380214,2.611710967087164,0.031238849516268128,-2.9729595551123986,-0.6095637168203082
2005-07-01,0.6605107901674329,1.643525391090207,-0.49229569115225413,0.09980438850246942,-0.19859613052436284
2005-08-01,0.5031258996688958,1.9026318701302134,-0.0844832647729803,-0.19292643723579553,-0.1617071529229482
2005-09-01,0.6236040005178162,2.8967621849804392,-0.7335692368171832,1.6859130217478826,-0.43971343409447444
2005-10-01,0.46963716546694434,3.494364168585801,-0.02383269645549633,-2.4631523169004,-0.5467704719021207
2005-11-01,-0.48947267685875745,3.447935348603784,1.4808134900199041,-7.044217678216787,-0.6638262953077044
2005-12-01,-0.6835491368264862,3.533660493245939,1.5749267405933802,-6.557473311057457,-0.12676048846471877
2006-01-01,-1.1836479107538858,3.469769547625286,2.50471708951173,-9.637653827667236,0.42807051823252723
2006-02-01,-0.3723672732259288,3.8353140761212607,1.9045437375704446,-6.723295725308931,0.2071584796621686
2006-03-01,-0.6550081751563332,2.567325278026302,1.8737606980182506,-6.8691702989431525,0.23073472437404452
2006-04-01,-0.35320071108413464,2.512124108105171,1.3861190389703821,-6.192159194212693,-0.22722816183453515
2006-05-01,0.49361409337231604,3.6252213687431523,0.27803262799150413,-3.4625204709859996,-0.4434066868963696
2006-06-01,0.49020198710037,2.1011403421076333,-0.22947687862647903,-2.0522910815018873,-0.37854324494089403
2006-07-01,0.31628415101405344,2.046033958109414,-0.5899024333942819,1.3493239879608154,0.06390560773156938
2006-08-01,0.6090231691346024,1.7021075981419262,-0.9069118234846326,2.867763776045579,0.036411834437222707
2006-09-01,0.8210434380805853,1.7843909379912586,-0.558943467007743,0.13189241290092468,-0.35494800124849596
2006-10-01,0.6024057214910333,3.6506364985210142,0.14204407731691995,-2.258185698435857,-0.15688036524114155
2006-11-01,0.1528338331616286,3.154127772261457,1.7392087313863964,-5.966374507317176,0.0630695949352923
2006-12-01,-1.1349397626790132,2.5228712616897213,2.4542637997203403,-8.674670182741606,0.09221479828868594
2007-01-01,-1.2998822060498323,2.0887827000966888,2.8325260789306075,-10.806667804718018,0.2060083228917349
2007-02-01,-0.4250198376901222,2.5308018777428605,2.096729698004546,-8.037906426649826,0.47334627736182444
2007-03-01,-1.0282266772154605,2.8929195752957972,2.231011015397531,-7.736545342665452,0.2556678262494859
2007-04-01,-0.4528442962151585,3.090026611235084,1.5626084473397996,-4.987566746198214,-0.0015664546351347652
2007-05-01,0.3337128708759943,2.641824105890786,0.03816920022169749,-3.178044236623324,-0.349180152018865
2007-06-01,0.7684188584486643,1.8983653405817544,-0.3102051646069244,-1.8156671753296485,-0.5063236824103764
2007-07-01,0.5413426932963458,1.5193404220953222,-0.17232534786065418,-0.8511240092607645,-0.2431160282521021
2007-08-01,0.8400286237398783,2.1015151244838064,-0.5753864051291235,1.2090546580461354,-0.05578516228567987
2007-09-01,0.7414977658878673,1.5945263025237293,-0.6330524329785947,-0.11853304190131334,-0.30605988133521306
2007-10-01,0.689330358396877,2.7297162428134825,0.13946675591998628,-2.14787652859321,-0.7771865952582586
2007-11-01,0.17017503692345184,3.8114911172448136,0.8027413411548844,-3.9745991046612077,-0.3164381853171757
2007-12-01,-1.084720411083915,3.7359508072457666,2.1939604922577187,-8.177648140833927,-0.1467275122801463
2008-01-01,-1.182290550434228,2.158926463708645,2.7829989239021584,-10.30816940160898,0.5165877441565196
2008-02-01,-1.2043928558176213,3.0607371795468215,2.5979812498445862,-9.812996020683876,0.1566212446916671
2008-03-01,-0.4767621923802477,3.2661336224253588,1.6837717758284674,-6.881213188171387,-0.19401734073956808
2008-04-01,-0.48505299244866223,2.8491988414671363,1.437135123544269,-6.107901609860933,-0.15876124657335736
2008-05-01,0.4601176150820472,2.697996976898938,0.1961440951735885,-5.056465589083158,-0.30868848164876306
2008-06-01,0.816999827370499,2.1781347146848353,-0.11051745602378138,-1.2753621889994695,-0.23677127347106025
2008-07-01,0.6789006405707562,1.7695746770719203,-0.2972548793035525,-0.03439396476516357,-0.40517119424683706
2008-08-01,0.5180375255418546,1.448996910234777,-0.27889134017405687,0.15658519875544769,-0.157449660556657
2008-09-01,0.7702666250142184,2.7417683019870664,-0.795873972000899,0.11187849852901238,-0.22643070135797774
2008-10-01,0.36151974715969776,3.2905290766460142,0.16132899456553987,-2.394103774657616,-0.6381947369802566
2008-11-01,-0.49151751128110016,3.0936590055140054,1.3964016128469396,-4.819190502166748,-0.5919527439844041
2008-12-01,-0.831290582815806,3.6232215602223468,1.7747985544028104,-7.007874892308162,0.02659622890253862
2009-01-01,-1.121225275776603,2.734991690007652,2.1790539224942522,-8.708647581247183,0.5136891844726744
2009-02-01,-1.2769168073480779,4.110869547215904,2.293310397201114,-8.916506400475136,0.35938130957739695
2009-03-01,-0.5340567366643385,3.395261997129859,2.0616267566327693,-7.180733405626737,-0.009761868222128777
2009-04-01,-0.1591146881268783,1.9865851576735334,1.4060357102641352,-6.4621205513293924,-0.3605146138440995
2009-05-01,0.27542536457379657,3.026049020813733,0.465295339624087,-4.962619451376108,-0.9170086610884893
2009-06-01,0.4436707378111102,2.2873333314569986,0.1641582870097072,-3.246642305300786,-0.7097953841799781
2009-07-01,0.6931931683511444,2.2880605081232583,-0.4348061702869556,0.5100296093867375,0.02334875808585258
2009-08-01,0.6948375566439194,2.598107151868867,-0.3493879128385473,-0.06995768501208378,-0.2507672423408145
2009-09-01,0.7786538790572773,3.1262813544854886,-0.816093330030088,0.6769315554545475,-0.4909487352484749
2009-10-01,0.2835467457771301,2.3224435201505336,-0.0821496601457949,-3.054578258441045,-0.27020999363490517
2009-11-01,-0.33205046572468494,3.6539871518204854,1.484066468698007,-6.023741685427152,-0.292655878833362
2009-12-01,-0.7389925646059441,3.30535435095066,1.9962828468393394,-8.011428209451529,0.38735522400765193
2010-01-01,-0.5442264235832475,3.913433086581347,1.5447612713884424,-6.8316725584176865,0.5638790627320608
2010-02-01,-0.5415611081954205,3.35064981041885,1.8543152897446242,-8.740737804999718,0.7709757203147525
2010-03-01,-0.4797166580277862,4.410393354369373,1.8380921747949388,-7.439252046438364,0.3701265723932357
2010-04-01,-0.6482897947231928,3.2509553723218967,1.8105148165314284,-6.830128339620737,-0.025759391220552583
2010-05-01,-0.20973737224597822,2.5315790641598586,1.0955059142024428,-6.182649043890146,-0.39511844515800476
2010-06-01,0.26752703794927307,1.1074568440274495,-0.007057759082979626,-3.808069687623244,-0.5162106383414495
2010-07-01,0.5363387366135914,2.0856146405382856,-0.6826167581257996,0.2707334092030158,-0.29014389784563155
2010-08-01,0.5118317111875071,2.4765407166829925,-0.7457375250480792,1.3394031387109022,-0.5402302458172753
2010-09-01,0.2744555811990391,1.5690864586248632,-0.10730891091818058,-0.030878164733831696,-0.45550664265950525
2010-10-01,0.5072349174456162,3.4684963342620105,-0.43008083270655734,-1.914715996155372,-0.5481136696679252
2010-11-01,-0.3392222252759066,2.384240598213382,1.5149035939463862,-5.687616880123431,-0.3848416109879812
2010-12-01,-0.9720623041644241,3.1987033239225062,1.8475274244944253,-8.161982206197886,-0.12307575061207726
2011-01-01,-1.187747355663415,3.965618842985572,2.793895646377846,-10.6887725683359,0.23209379897231147
2011-02-01,-0.7536872092521552,2.4154629649185555,2.2060058735035084,-7.989545051868145,0.16250269753592356
2011-03-01,-0.7258274564237305,2.568777596078268,2.0160145781658314,-7.383634035403912,-0.34503464897473657
2011-04-01,-0.2088260357127045,1.9653070263746308,1.5377665559450784,-5.326989063849815,-0.1453172770284471
2011-05-01,0.1419774679975076,3.4306555259518507,0.30693495991053404,-4.741159310707679,-0.42787619999476845
2011-06-01,0.7425864086006626,2.510265606205638,-0.4444866544670529,-1.861443886390099,-0.27430234920410884
2011-07-01,0.6519231155063167,1.548749063073135,-0.7862381637096405,0.10634446516633034,-0.32736417793092276
2011-08-01,0.7511359949906666,2.064501512341383,-0.591911968809587,1.2904569506645203,-0.23688430942240216
2011-09-01,0.6626914396430507,2.2056028610322533,-0.7076036874894742,0.9071017114015726,-0.1841667862165542
2011-10-01,0.4450684921307997,3.001216562782846,0.1375866984879529,-2.213815083870521,-0.43770724109240944
2011-11-01,-0.17377204177054492,4.028727950119391,1.5030333289393671,-4.392318083689763,-0.5160911806992122
2011-12-01,-1.0541778170701228,2.784765348201845,1.8864464980584603,-8.609854258023775,-0.507023043575741
2012-01-01,-1.1873786648114522,3.535276796759629,2.5968420284765736,-10.552157805516169,0.3748073464348203
2012-02-01,-1.2614719795458245,3.3456247027327377,3.0053918008451106,-11.293030702150785,0.2515262258904321
2012-03-01,-1.2012278040250142,3.489293703218786,2.329166288729067,-9.2034990970905,-0.18425770103931427
2012-04-01,-0.5139355293729089,1.709965961735423,1.8102452710822776,-8.016739441798283,-0.2536106145098096
2012-05-01,0.3036363163229191,2.3324717835682196,-0.06862983659461692,-4.26097741493812,-0.6211968404906136
2012-06-01,0.32147310504859145,1.9943368144151643,-0.10102263962229092,-3.4604592965199394,-0.5362736682097118
2012-07-01,0.4597040062600916,2.378799421031301,-0.4292829031193698,0.012595470672330031,-0.3978500408785684
2012-08-01,0.7661633645043229,2.0287566068695813,-0.6837879618008931,1.6011414619592519,-0.20300169431027912
2012-09-01,0.7509991526603699,2.7157914347764924,-1.102536337243186,0.17632470967677924,-0.37003776856831144
2012-10-01,0.1508088916483702,3.230272560584836,0.39449921912617153,-3.289709182885977,-0.291835374775387
2012-11-01,-0.5200462133595437,3.647476870839189,1.6128554940223694,-6.746210501744197,-0.0807777579341616
2012-12-01,-1.0011789473620327,3.5886735450930716,2.7057768018157393,-9.11327233681312,-0.050691062850611555
2013-01-01,-1.0431595823981545,3.1221535147690194,2.4405459562937417,-9.848855091975285,0.3127508929797581
2013-02-01,-0.9702444302313256,3.479595591382283,2.2181638964900263,-8.004080332242525,0.19531147111029853
2013-03-01,-0.2803292915676579,2.420451292177526,1.601094835334354,-6.7048109494722805,0.47249187316213337
2013-04-01,-0.8690857751802964,1.569763480163202,1.5666796653359023,-6.920871826318594,0.15494440283094135
2013-05-01,-0.20868422350648677,2.004344725027317,0.9380897438084637,-5.298194518456092,-0.668827337878091
2013-06-01,0.2790740408906431,2.8796515813687953,-0.8779264434620185,-0.20741473596829635,-0.2888773878415426
2013-07-01,0.806707324403705,2.7332125640496976,-1.0305225297256753,1.1895594688562245,-0.07673121456589017
2013-08-01,0.5766095988678209,2.1064759754553073,-0.661077598730723,1.2258607607621412,-0.14565084129571915
2013-09-01,0.7469652277050596,2.8259873390197754,-0.6826273269123501,0.38622445785082304,-0.4345843479746864
2013-10-01,0.5871728514180039,2.9811204933538673,-0.13798926439550188,-1.5935501227012048,-0.4562610316844214
2013-11-01,-0.7347866667039467,2.6181037833050986,1.4234955112139382,-5.8307491816007175,-0.24557942081065406
2013-12-01,-0.9474964304403825,2.7852102023799246,2.247514768883034,-9.081470966339111,-0.1628071779296512
2014-01-01,-0.7831482047384435,3.4882118062275214,1.927492022514343,-7.730545447422908,0.42696031076567514
2014-02-01,-0.8345408195799047,3.0795670137172793,2.2139410177866616,-9.466656354757456,0.5301118606612796
2014-03-01,-0.7143268079468698,2.02825970766021,2.2861325078540378,-8.074750350071833,0.6233726938565572
2014-04-01,-0.6867355130838625,2.811785442073171,1.5306356328505055,-6.62808005626385,0.020966437157420886
2014-05-01,-0.10242838073860515,2.273733586799808,0.8007154972464949,-5.3295841583838826,-0.40621725576264517
2014-06-01,0.5090304960807164,2.311923300347677,-0.18784899988936052,-2.9061975387426524,-0.8205476261320569
2014-07-01,0.5500738367889867,2.146570275469524,-0.704303894329954,0.7831373466895176,-0.12058010768322718
2014-08-01,0.6069379322456591,1.793312735673858,-0.1557495582986761,0.1528811569397266,-0.2950006120261692
2014-09-01,0.8754549604473691,3.497210072308052,-0.5045866662705386,-0.10333996839248216,-0.32710209488868713
2014-10-01,0.43597056558637903,3.0434625904734545,-0.0026252258706975866,-2.2622340000592747,-0.42733085297402884
2014-11-01,-0.6412272877765424,4.025349965909633,1.8277187590245847,-6.731758667872502,-0.4272537926832835
2014-12-01,-0.9596058139295288,3.436055706768501,1.8046668834156459,-7.982228352473332,-0.21912487489836557
2015-01-01,-0.5489870002775481,3.1531560711744357,2.0956096825776274,-7.86820283302894,0.16803287324451266
2015-02-01,-0.6104844989198627,3.149500707300698,1.9437714859291357,-7.031164261010977,0.08811757323287782
2015-03-01,-0.676916471936486,3.6582565889125918,1.976675236666644,-7.190416409419133,0.28682186135223936
2015-04-01,-0.49771572265661124,3.15713998748035,1.564289574269895,-6.521069545012254,-0.2675416036730721
2015-05-01,0.38990400957338733,2.564238048181301,0.867011715416555,-5.496169053591214,-0.7637172227814084
2015-06-01,0.594741783358834,2.103132591014955,-0.14550379580921596,-2.2606297181202812,-0.20196748276551565
2015-07-01,0.254546475568504,1.1084941102237238,-0.16299938024194152,-0.1708846969100145,-0.27420806388060254
2015-08-01,0.7720454172654585,1.7533300853357083,-0.4280154765756042,-0.5720331691778623,-0.1646787282966432
2015-09-01,0.5208182967070377,3.18765145976369,-0.5424832028371316,-0.601700865305387,-0.30998850152606056
2015-10-01,0.5219790068539706,3.1566343656400355,0.3958692843163455,-2.3356350568624644,-0.07666564058689844
2015-11-01,-0.15203434635292398,4.020116387343989,1.7266812699812428,-5.3099201275752135,-0.3892046355065845
2015-12-01,-0.7388662433985508,3.4569612363489663,2.444517722836247,-9.914141434889572,-0.03435503514040084
2016-01-01,-0.2359303617567727,2.6700572269718825,2.0262198315726385,-8.768335672525259,0.5699134298733303
2016-02-01,-0.9982017856655698,2.7965010666265724,2.409205282175982,-9.490488125727726,0.39776020816394264
2016-03-01,-0.7718046054695591,2.5096329247079248,2.3615487195827343,-7.792756190666785,0.32237622709501357
2016-04-01,-0.6785249732660524,1.4135895705804593,1.9253009447345026,-8.489582171806923,0.349789396637962
2016-05-01,0.027973051394589922,3.3196132357527572,0.8685887963683516,-5.413859624129075,-0.5024722644260952
2016-06-01,0.6884053801045273,2.9077061792699306,-0.4148404355402346,-1.4061792538716242,-0.7475392449469793
2016-07-01,0.32458790775501367,2.187104050706073,-0.3428774333938404,-0.25368321400422317,-0.2325582007567088
2016-08-01,0.28615475942691165,1.1000538017691637,-0.5202146988638021,2.5916221050115733,-0.4193879309154692
2016-09-01,0.961732728914781,2.5242162913810917,-0.9545622048554596,-0.2483944193674968,-0.46256620969091145
2016-10-01,0.39072963550235285,3.9650512904655644,-0.39445081794703446,-1.8571693163651686,-0.5469643289134616
2016-11-01,-0.6473713300444863,4.201857927368908,1.411379818563108,-5.285070034173819,-0.46166092866943
2016-12-01,-0.6906277754090049,4.769392711360281,1.631184474185661,-6.3637192432697,-0.5792260879562015
2017-01-01,-1.3123101808808066,3.055623391779458,2.1527959240807424,-8.44501256942749,0.09163622522637958
2017-02-01,-1.0410381085944898,2.854893265700922,2.426287366284264,-8.805223611684946,0.2488146048216593
2017-03-01,-0.914571231061762,2.511196892435958,2.268295928283974,-8.421107438894419,0.14448238625412896
2017-04-01,-0.24903482672843064,2.746261329185672,1.13510908903899,-6.829327344894409,-0.1444651878305844
2017-05-01,0.25104279206557706,2.3062310567716273,0.5830091389792936,-5.505755772957435,-0.5392692273571378
2017-06-01,0.4667318792957248,1.6780053696981292,-0.2536396220050476,-2.3066188280399027,-0.25417240602629526
2017-07-01,0.3946372166727528,1.4356834132496905,-0.5969040785674695,0.788930975473844,-0.21357499063014984
2017-08-01,0.4944886109142592,1.8027010487347115,-0.4747809704255174,0.6230094111882724,-0.32320976966903325
2017-09-01,0.41695071214979346,2.4728312724974097,-0.020357726693705273,-0.6663464582883395,-0.5620728646005904
2017-10-01,0.6068257445638829,3.709575606555474,-0.3162991807416633,-1.8330641663991487,-0.6467709229105995
2017-11-01,-0.4257323389703577,3.6457997996632647,1.3944289474575606,-5.045885306138259,-0.4623337515762874
2017-12-01,-0.4679686982523311,3.1187543054906337,1.3133374077302438,-6.3076175176180325,-0.10700619646481106
2018-01-01,-1.15643735184814,4.0446862941834985,2.283861129372208,-9.97989269403311,0.039826794749214536
2018-02-01,-0.5960091609846462,2.9989632164559716,2.130929739386947,-8.509026123927189,0.4519081186680567
2018-03-01,-0.4825598306276581,3.1017620389054463,1.6258630487653942,-6.65368942114023,0.2933326753832045
2018-04-01,-0.6130936470898715,2.5807560943975685,1.6902115058015892,-5.776753333898691,0.04391114094427654
2018-05-01,0.19920466072631604,2.763292556855737,0.98388421314734,-5.264196029076209,-0.9486922905558632
2018-06-01,0.6786147527622454,2.1080062156770287,-0.33856017032155283,-2.087585971905635,-0.5064272454806736
2018-07-01,0.8335914462804794,2.2990117712718687,-0.45374855744066056,0.30395551942862,-0.20798006582827797
2018-08-01,0.7928469190091797,1.518357236210893,-0.758054293692112,1.2426027884850135,-0.16891264489718846
2018-09-01,0.6449996521978667,3.13049118693282,-0.8138924837112427,0.19873854919121814,-0.16020642859595163
2018-10-01,0.32484233379364014,2.418477360795184,0.7304149783319897,-4.189881453147301,-0.45539428080831257
2018-11-01,-0.6024824850486986,4.039235812861746,1.7828821584030432,-6.227639088263878,-0.2729249319859913
2018-12-01,-0.5437132309783589,4.168232475839011,1.8042293411714059,-7.878565788269043,0.12517425098589488
2019-01-01,-0.9853670542890375,3.062365694743831,2.206527524524265,-8.567166328430176,0.2326054232461112
2019-02-01,-0.83461015513449,3.135702668166742,2.4093643382743553,-10.161784979013296,0.6190153104918343
2019-03-01,-1.1369886723431673,1.8876290902858828,2.5803845237802574,-9.267336588639479,0.4560270124957675
2019-04-01,-0.7161905368169148,2.816729138537151,1.8734888346106917,-6.212100615868201,-0.08782681432508287
2019-05-01,0.2905404096412839,1.6758992904570045,0.5629950237494927,-5.885773438673753,-0.23689307272434235
2019-06-01,0.893539370912494,1.791272512296351,-0.15988296261100374,-2.835576350872333,-0.7858321780250186
2019-07-01,0.7871162710767804,1.705899907321465,-0.18645295942271195,-1.3088912918017461,-0.04578927265746253
2019-08-01,1.055509348710378,1.3109262396649617,-0.8825782272550794,2.3446580538382897,-0.1092051909792991
2019-09-01,0.9977434169162402,2.622572677891429,-0.7671630216969384,0.6407881012329688,-0.15092131992181143
2019-10-01,0.5444670265371149,2.952370120257866,0.747827109363344,-3.076808956953195,-0.2120080093542735
2019-11-01,-0.30461993407119403,2.839755721208526,0.9707575146522787,-5.363426758692815,-0.05114801848928134
2019-12-01,-0.5029801730856751,3.2767845363151737,2.045177364790881,-7.943177223205566,0.1393898611976987
2020-01-01,-0.9474058494423374,2.316337096981886,2.5370987477125944,-10.676173980419453,0.6421502856981187
2020-02-01,-0.722851784843387,3.0349629681284838,2.5002843803829617,-8.30376515021691,0.4596919176124391
2020-03-01,-0.7967798547311262,1.7119640257300401,1.77359437500989,-7.8636059394249544,0.5132251197383517
2020-04-01,-0.4208567693377986,1.2751317605739687,1.8663159123173465,-7.016127384625948,-0.0750139533054261
2020-05-01,-0.15677451014970287,1.4795615905668678,1.0003219324129597,-6.049489974975586,-0.7461177451269968
2020-06-01,0.3201640352155223,3.046295701003656,-0.33643313304141714,-2.26365878031804,-0.4862555080936069
2020-07-01,0.6419562706441589,2.840286929432939,-0.5068636464851873,-1.2206601408811715,-0.4727070175466084
2020-08-01,0.7048305688482343,2.3015999212497618,-0.5599323517849876,1.6572500650699322,-0.036022071504876726
2020-09-01,0.7362803726485281,2.447812731673078,-0.45752330786652035,-0.44909185515000266,-0.5719607784634545
2020-10-01,0.572113071878751,2.8060802599278896,-0.9443602490204351,-1.214135610140287,-0.7250540313266572
2020-11-01,-0.4419155870423172,3.9196584282851803,1.3583042555385165,-5.136767717508169,-0.5232297948428563
2020-12-01,-1.3355174750992747,3.561032399898622,2.1862867253798024,-9.52138167161208,-0.24411908927417938
2021-01-01,-1.2582262808626348,3.7003819535418256,2.2186559659463385,-10.221368532914381,-0.0473290282700743
2021-02-01,-0.42154986735884886,3.103773768355207,1.6328957897645455,-6.204650493768545,0.21987431460902807
2021-03-01,-0.5289764736186374,3.5685236861066123,1.8836224520647966,-7.199694560124324,-0.0636663908759753
2021-04-01,-0.07520651473014643,2.005327474780199,0.6242677500402486,-5.644389757743248,-0.14314602705694382
2021-05-01,0.04794102895892027,2.3690342903137207,0.5084378161916026,-4.452284024311946,-0.5123746891816457
2021-06-01,0.37606009705500165,2.9055371517088355,-0.014392493499649895,-1.6511995058793287,-0.20403744918959482
2021-07-01,0.6486740979281338,2.064352646106627,-1.0230357172312559,0.4683374498899166,-0.39731430865469436
2021-08-01,0.51333001165679,2.5818673575796733,-0.2814146103682341,0.16520599333139566,-0.4761953793820881
2021-09-01,0.7137579448295361,2.7800740265264747,-0.983794695801205,2.391064396271339,-0.12853025857891356
2021-10-01,0.1561839168778423,3.328171590479409,-0.17811487670297974,-1.5640796377108648,-0.6541131507782709
2021-11-01,-0.4832860646825848,3.5650596386048856,1.5469779846844849,-7.090539657152616,-0.7629801829655966
2021-12-01,-0.8462635179360707,3.2147151667897296,1.7052090830273097,-7.116742317493145,0.10712910443544388
2022-01-01,-0.6521869789470326,2.780451134937566,1.996067276707402,-8.778250217437744,0.17603724485351926
2022-02-01,-1.0266746535445703,3.0249682868399272,2.5342007478078203,-10.392308235168457,0.09464383834884281
2022-03-01,-0.23929264509316645,4.744183435672667,1.3974286339901112,-4.347466963988084,-0.2953572110051201
2022-04-01,-0.15293151196656804,2.692144382290724,1.1164264270552882,-5.997411562846257,-0.2861402219250089
2022-05-01,0.007551005392363577,1.929984732372005,0.15355199575424194,-4.707327714333167,-0.9381289993013655
2022-06-01,0.4029124184991374,1.9716153784496029,0.38633147358066505,-2.6552656522163978,-0.6332877136412122
2022-07-01,0.5006282618551543,2.012152061229799,-1.0736644268035889,2.4953360740955057,-0.2616298518010548
2022-08-01,0.663771006194028,1.7635104132861628,-0.6967995177816462,3.254056435364943,-0.3957686679703849
2022-09-01,0.4893756838458957,2.0082885172308944,-0.7424833322012866,0.475210237961549,-0.2733334011974789
2022-10-01,0.47365738586945966,2.9963787009076377,-0.2321812841627333,-1.7783853870171766,-0.7054772405397325
2022-11-01,-0.2501365756898215,4.711962036970186,1.1084010686587404,-5.5547306170830355,-0.5983083730652219
2022-12-01,-1.160056527816888,3.1321185391123705,2.3310969273249307,-8.782018147982084,-0.057509412900322965
