,r500_cluster1,r500_cluster2,r500_cluster3,r500_cluster4,r500_cluster5,r500_cluster6,r500_cluster7,r500_cluster8,r500_cluster9
1965-01-01,65.19795197706956,63.95943323771159,38.204281546852805,39.29368221398556,31.17131533688062,58.2127020909236,74.92368170555602,87.82818442896793,34.025183720375175
1965-02-01,44.92614819453313,58.83410771687826,33.854768926447086,41.011396080556544,29.75935217452376,30.169004660386303,62.80201851053441,71.36954759296619,26.80009870386835
1965-03-01,30.94626940213717,71.94421768188477,23.979824239557438,41.21788679951369,20.739470442680464,31.222160045917217,100.53882193058095,113.47696404708059,12.345315449273407
1965-04-01,56.253121449397156,113.04629007975261,21.90515951676802,36.26005577318596,28.11400792370104,33.167707003079926,124.89753073834359,81.44261209588302,22.253921850403742
1965-05-01,78.86777290931114,107.98082987467448,45.52485205910422,32.51722894533716,36.40897306677413,49.08740703876202,151.31904115068153,154.72197281686883,64.55800640049264
1965-06-01,94.63619819054236,81.50107065836589,43.74475305730646,32.866054111056854,66.86828822305758,79.10368992732121,128.05812105219417,165.38617987381784,57.211907230206386
1965-07-01,116.243472466102,65.82616170247397,61.02106267755681,31.452901435620856,64.6614283731539,94.23366693349985,106.85041711685506,140.14599448756167,53.535495587249294
1965-08-01,111.84871380145732,65.96817016601562,55.48450296575373,33.43348069624467,63.8380181299497,102.1000862121582,91.74838776284076,156.45522067421362,51.571996888118
1965-09-01,109.84222705547626,59.36768213907878,54.99759327281605,32.501396025070036,63.12611201038099,103.45246975238506,96.0119775001039,128.489855716103,59.37120238346839
1965-10-01,93.93523289607121,54.04691060384115,51.40902605923739,33.0967209555886,62.47707001150471,91.07330028827373,94.94505537317154,133.00651751066508,58.73612930525594
1965-11-01,49.89217611459585,39.49993133544922,44.123739762739696,35.91181918828175,35.45214509310788,78.2967053926908,122.60178099287317,112.24762765984786,53.726025481722246
1965-12-01,35.70246329674354,48.89242808024089,50.6951938975941,38.87098871096216,34.1968640889207,73.4715094933143,96.92868171854222,96.0172552811472,34.135041308047164
1966-01-01,34.6776558802678,62.457529703776046,26.81584444912997,44.99996647690282,40.459810544366704,22.110810646644005,88.70238446174784,123.15754137541118,25.531566676808826
1966-02-01,25.713089796213,56.15901311238607,27.789995887062766,42.36524947965988,36.520759373495025,23.044536663935734,73.17152632043717,111.41394564979954,22.146311802650565
1966-03-01,43.30359238844651,73.8441022237142,30.8851805600253,38.706771773521346,42.26681434944884,30.785113114577072,96.61179400504903,122.57112201891447,23.969866624519007
1966-04-01,58.16687437204214,101.18634541829428,26.723940589211203,37.41480027786409,42.03044682332914,29.472274046677807,112.8907710947889,112.37324162533409,32.721738672968165
1966-05-01,65.41382716252254,99.04040018717448,47.57950522682883,34.29238772151446,49.006057112184294,72.01450788057767,145.97848121156085,112.59519677413137,55.87759444962686
1966-06-01,102.4653801551232,93.95345052083334,63.6597407947887,30.616661033245048,67.48393855682791,98.16027421217699,134.82377884235788,129.9768849423057,64.24401696048565
1966-07-01,116.13183388343224,79.82318878173828,66.87702872536399,34.33346411194464,60.99462639795591,109.54886216383714,142.11653039810506,123.5103306017424,62.949832517709304
1966-08-01,115.16930506779597,61.902624766031906,65.69378592751242,34.11154987836125,61.19277640564801,106.68365771953876,106.56388465394366,119.47289517051296,60.03915018110133
1966-09-01,105.35963498629056,69.63414510091147,53.67476029829545,34.58985800694938,65.71006774902344,94.70667472252478,90.01316314047956,114.3654371562757,54.42968340062383
1966-10-01,77.91907237126277,65.09465535481772,47.367456609552555,32.67960596566248,60.42042562406357,83.2720609811636,80.61527495688581,119.41281368857936,67.41518049097772
1966-11-01,61.45815482506385,55.37991841634115,61.06651306152343,35.170529105446555,23.058478472984,65.91986876267653,112.4191608834774,95.8459452578896,51.90520215390333
1966-12-01,56.14939836355356,64.02823130289714,58.26554038307883,36.84010939164595,29.42059921891722,71.18233900803786,117.27488903289147,72.89710295827766,34.43012237548828
1967-01-01,50.29636529775766,65.15620549519858,29.570503234863278,37.46703080456666,30.838477774842147,37.000146278968224,97.02763658888797,118.47985920153165,21.53284585297997
1967-02-01,57.04208153944749,82.92142868041992,23.403347188776188,40.91179394962812,24.170998351214685,47.01909652123084,99.52109316562085,97.13849519428454,14.463932834454436
1967-03-01,39.74790573120117,83.02129745483398,24.324392838911574,35.69553066985776,22.81831976485579,40.402181331927956,116.66515431505569,67.41952896118164,17.22055264373324
1967-04-01,51.06838666475736,98.89455795288086,22.7350378036499,37.22853805079605,33.19403504672116,35.6384827540471,117.12889164052112,107.67363498085423,35.08895475472977
1967-05-01,77.51384148230919,102.03259785970053,32.302109111439094,35.16719606187608,34.15637865458449,48.97853777958797,154.30739382480053,100.49475619667454,41.89901494268161
1967-06-01,101.83357092050406,85.92417399088542,52.632989016446196,33.1852421616063,64.34691442202215,85.89077729445238,148.24473604242854,139.92717140599302,55.060543231110074
1967-07-01,112.7523789039025,67.42414474487305,57.75437268343838,31.90849284933071,54.1358425192637,100.90540372408353,117.71262960231051,117.24208028692948,51.75140153116254
1967-08-01,126.76463493934044,74.62437947591147,63.630417910489165,30.088725234522965,60.071563720703125,100.630679497352,106.08561901336022,97.76765923751027,40.64167079640858
1967-09-01,111.0608907846304,82.06711451212566,63.545865145596586,31.426514519585503,68.75031876237425,99.49140548706055,87.42103576660156,102.4553098176655,53.34525037167677
1967-10-01,101.57332053551306,62.7000109354655,46.764829809015446,31.242046934185606,59.44846166323309,100.1121814434345,94.90080488489029,110.21564885189659,55.13050022409923
1967-11-01,73.36324545053336,45.42222658793132,46.19595787741921,37.61922084923947,34.76650029012602,86.77317545964168,110.85438829787235,80.51018965871711,38.15286835627769
1967-12-01,41.30787115830641,68.40388615926108,31.184148788452145,38.642736878057924,30.248762156865368,58.470157476571885,88.06131241169382,41.88514006765265,21.311433991389485
1968-01-01,54.458108315101036,68.63591512044272,38.522356206720524,39.33881509183633,29.266900885595035,48.91982078552246,96.91318755454206,46.323183963173314,16.461084849798855
1968-02-01,49.11802732027494,68.51224899291992,36.98656775734641,44.43034933070944,35.00661719335269,23.560692713810848,84.71372076805602,93.12640742251747,20.594915703161437
1968-03-01,38.93210337712215,93.41639836629233,27.158484025435012,37.523943968493526,21.69751467770093,28.12211513519287,108.28916671428276,109.91786153692948,16.561088277332818
1968-04-01,50.538360155545746,101.88447316487631,33.28250538219105,38.5121894605232,30.250282810158925,51.02112476642315,138.6039084576546,101.18083953857422,30.406513498790225
1968-05-01,73.53417323185847,117.01730092366537,22.083441994406957,35.232321421305336,54.71726508989726,39.391968800471375,138.17664613115028,112.73026717336555,47.54364526093895
1968-06-01,98.97731634286734,110.81704457600912,41.07356504960493,30.83378377586904,65.61816489859804,71.40059837928185,144.76350824883644,137.33050697728208,54.61653524370335
1968-07-01,120.09476148165189,96.01520538330078,55.97937670621005,30.000380313757695,58.10397422476991,90.961977151724,141.63264822452626,137.42671765779193,46.35067555441785
1968-08-01,117.87271499633789,83.05624643961589,59.32002847844904,30.844907086304943,57.49324641815604,111.38990108783428,106.16748890978225,135.1361023752313,58.807099755130594
1968-09-01,118.00204790555513,75.64026514689128,63.1708474592729,30.969251767553466,66.46668421079035,96.43744688767653,86.88492470599236,137.7266432109632,58.22432219092525
1968-10-01,97.15416248028095,92.43902206420898,44.5172812721946,30.129063731492167,61.6843341148063,84.7402572631836,93.7523862148853,117.43616806833367,60.60568966082672
1968-11-01,66.47689525897687,75.13734817504883,35.012976906516336,34.824330878980234,37.86337081700155,76.18273955125075,120.8430919241398,103.66321362947163,46.64676438516645
1968-12-01,77.3058377779447,82.1554946899414,30.223927931352094,37.073771158854164,32.018839169854985,42.57273307213416,94.02824564183013,84.68547620271382,23.693506041569496
1969-01-01,52.80765753525954,73.32802454630534,26.240584633567114,43.77139891036833,32.223523806219234,37.93023549593412,119.3424792999917,45.60825950221012,28.94676550110774
1969-02-01,39.423120938814606,53.32076072692871,43.41835195367986,40.96016932015467,32.00532573543183,36.989105664766754,99.16441085490776,84.58682612368935,26.584966858821126
1969-03-01,45.085939994225136,86.95216496785483,41.721976887096055,41.9549999815045,41.06685168122592,25.6333589553833,93.94097023821892,131.78621593274568,20.39643615039427
1969-04-01,80.84604556743915,110.00568389892578,44.99573967673562,33.84671066746567,33.257366859749574,57.2938295511099,155.77418550531917,139.64420117829974,38.07497736233384
1969-05-01,87.74363444401668,97.07909266153972,46.758734963156954,34.321336071900646,53.05224902009311,69.31235973651593,155.10682450964097,160.48379195363898,50.39053390275186
1969-06-01,110.96900059626653,77.16876347859701,52.9753320867365,32.147165741583315,62.45863404992509,96.1438985971304,135.12806182212017,165.32463274504008,63.2921702826201
1969-07-01,119.96740928063025,74.96573766072592,51.65545376864346,30.491495614099986,62.956995506809186,98.59583928034856,110.4894110497008,135.99565405594674,50.46485787007346
1969-08-01,125.835448044997,73.68600209554037,68.73324307528408,29.65935023144038,76.09073168610874,109.04856461745042,110.70723837994515,166.58301102487664,64.52588892694729
1969-09-01,111.38297594510591,67.21911112467448,61.634004766290836,32.982595039136484,74.50045755464737,108.46226031963641,97.23088690575133,138.96679125334086,64.36258572251049
1969-10-01,98.46974886380708,72.46028264363608,53.03029667247425,30.669213304615983,58.245640584867296,96.35802782498872,105.53314533639463,109.22232176128186,67.02780083044252
1969-11-01,48.65198868971604,66.07283910115561,52.26503718983043,36.48955219923848,34.38416311185654,92.83971786499023,113.56607802370762,133.44201539692125,58.488999551801534
1969-12-01,70.72629928588867,69.86504236857097,55.0646989995783,34.171098651308,31.6569837805343,58.50648880004883,109.92563125935007,129.40927806653474,36.0309515426408
1970-01-01,26.699200043311485,66.04344050089519,24.46454568342729,43.024249991985286,28.85908884544895,25.398855942946213,113.96844742145944,98.08029375578228,19.45433403129008
1970-02-01,55.734924169687126,73.93102010091147,37.327287847345524,35.37512596207436,31.81781246237559,34.4762948843149,104.17678508352726,97.84697482460423,19.872067579582556
1970-03-01,45.03302940955529,81.16061528523764,37.90729002519087,41.85958631110914,31.70126300968536,36.442903371957634,108.74904876059675,113.97910871003803,21.481476968793725
1970-04-01,60.47814809359037,99.88787333170573,26.763370687311344,37.275185247864385,24.45747689025043,38.06021030132587,141.28697172124336,160.5846405029297,24.8933934453708
1970-05-01,92.74746821476863,105.46517690022787,48.73510360717773,32.14534894384519,41.87034972726482,68.72976009662335,157.20461581615692,146.5615523488898,56.56934709691289
1970-06-01,102.03746648935171,81.11467361450195,59.40326170487837,34.409989251030815,62.50815718141321,92.99045709463266,134.83860746343086,126.06937006900185,57.37899097044076
1970-07-01,110.88135059063251,69.5390510559082,60.79065322875976,31.319458316070865,68.57049497839523,101.82019747220552,123.083747701442,123.37055206298828,61.280361574087564
1970-08-01,119.11629163301907,77.72144953409831,62.42434761740944,33.02218793618559,68.87801183413153,94.64219166682317,106.95235881399601,130.6846819425884,62.249613519924786
1970-09-01,116.13322771512544,85.85418701171875,50.79327670010653,30.10424218996607,73.77664226375214,95.76611152062048,103.61239656488947,151.46359895405016,61.641562162940176
1970-10-01,69.31378291203426,68.68235270182292,53.459732749245376,32.44782457448015,47.809673988655824,87.7354988685021,102.2397629758145,129.27634590550474,60.971171820341645
1970-11-01,78.03220748901367,68.04347356160483,50.49243580211292,33.77971456508444,28.60281957338934,86.32326859694261,128.80609390583444,95.64083500912315,51.17910015049265
1970-12-01,69.75881136380708,69.89892959594727,29.867553710937496,36.712423960367836,21.820641870368018,54.663045589740456,114.78915924721576,95.80351177014802,46.06266306407416
1971-01-01,32.131495842566856,70.13261159261069,26.87770843505859,40.682311009879065,21.663831684687366,61.83848014244666,122.2499522757023,67.92940340544048,18.42683962921598
1971-02-01,51.825824150672325,78.837095896403,36.276942166415125,38.14680985730104,20.922993960445876,59.005462206326996,132.18105397325883,86.58356917531867,20.647403375426332
1971-03-01,70.29515046339769,96.61453247070312,29.23752437938343,39.08864030934343,26.469721859448576,40.13066291809082,123.80318337298455,160.84386925948294,19.985877933786874
1971-04-01,82.18173247117262,99.80109532674155,27.684867165305395,36.64404840180368,27.131663283256636,26.560123150165264,131.35908410904256,131.74113223427221,27.010496338801595
1971-05-01,103.99905718289888,107.48694101969402,38.705714832652696,38.43785295582781,36.48340408116171,53.420917804424576,138.0878854305186,135.84014491031044,45.33385945789849
1971-06-01,100.66081560575044,84.52863057454428,50.78442486849698,35.03291390158913,64.0649194586767,71.06189727783203,134.87216056661404,154.89269055818255,39.07947255604302
1971-07-01,117.30920351468599,69.85239028930664,60.69743763316761,31.50741211091629,62.893347544212865,92.14026377751277,121.55220356393369,153.10339676706414,45.190603341629256
1971-08-01,123.55148608867938,73.65154266357422,62.04611518166281,30.996210888178663,64.05793281450664,107.33334467961238,95.95903437188332,172.29511863306948,54.355154464493936
1971-09-01,112.80418542715219,76.47828420003256,66.64559451016513,32.31518581660107,70.83289263999626,95.42782856867863,82.96754715290476,155.76071488229852,60.00978839931203
1971-10-01,62.3088396512545,59.39436594645183,41.64656725796786,34.20974654380721,53.46100167052386,81.8119269150954,103.22429575818651,126.25370025634766,71.0852096329874
1971-11-01,73.6225201533391,49.23913319905599,47.00976285067471,33.890383171312735,39.64923963154832,83.04188068096454,113.21643261199303,79.785502584357,38.536675296612636
1971-12-01,66.4297837477464,67.38638559977214,43.22321284901012,36.29048761695322,19.005248971181373,79.19888129601111,115.50103857162152,55.81621370817486,23.749641873943272
1972-01-01,55.654268998366135,79.63743845621745,26.501781290227715,36.78337251297151,26.364133129381155,64.13808235755333,133.5750255178898,80.09524596364875,27.595218259896804
1972-02-01,50.793178264911354,82.95920054117839,32.864138863303445,41.99533944178109,26.525732589094606,49.67093100914588,114.09132937167554,79.31089401245117,16.89172431604186
1972-03-01,62.046065697303185,93.26319376627605,36.51946501298384,39.609608505711414,29.53455154209921,54.892730712890625,128.7004511407081,86.0210519087942,28.013032941675895
1972-04-01,66.28273450411282,103.24714660644531,30.397253903475672,40.20934634738498,27.35283472766615,35.99216387822078,131.2087688040226,127.97213102641858,37.57647329301976
1972-05-01,68.09299909151517,99.0757942199707,37.68755826083096,38.66008026431305,49.74238774547838,55.706119537353516,143.132132672249,139.2129797684519,47.37631100327221
1972-06-01,104.20975318321814,78.46811294555664,56.660161451859906,36.58783459904218,70.71631967204891,76.27376409677359,124.03574192777594,146.82024905556128,60.24293472517782
1972-07-01,125.92940697303185,68.42786153157553,70.82697781649502,34.137251882842094,68.81777097101082,106.9257589486929,102.70991223923704,129.0173379998458,56.87305393503673
1972-08-01,121.54001822838416,66.99609756469727,70.84376248446377,34.75451999240451,65.26024178282856,99.65730080237755,97.31535404286487,143.0143858257093,61.0884595273146
1972-09-01,116.23871143047626,65.5698013305664,61.34098746559836,34.518265001701586,65.10990613127409,99.24866602971004,80.07281688933678,119.48009290193257,70.41174475826433
1972-10-01,102.4708894582895,72.59790420532227,55.074112632057876,34.63064347854768,46.099722875307684,95.17040986281175,90.20071638391373,123.39434372751336,65.18634966949918
1972-11-01,76.28102669349083,65.62235514322917,35.18435218117454,36.33536232842339,48.67098037510702,73.55607106135442,114.40656946060506,109.32458576403165,43.649773099529206
1972-12-01,66.88189139732947,79.06639099121094,42.83866708928888,37.91979780100813,33.39213541109268,65.39771740253155,119.69586636157747,117.30739191958779,35.336186992588324
1973-01-01,53.863202608548676,78.19034576416016,35.18708142367276,39.648167773930716,22.066124171426853,41.77130552438589,89.42384111120346,116.56556380422492,16.296910527926773
1973-02-01,62.332190000093895,77.86492029825847,41.16173137318004,41.19262887973978,27.53058133059985,39.91104639493502,90.81973623722158,71.01920780382659,19.34830822161774
1973-03-01,45.01951657808744,90.19439061482748,30.71842627091841,41.427849278305516,27.788496670657644,36.81369561415452,116.9384814323263,101.01427780954461,30.430637188811797
1973-04-01,57.92401387141301,114.38329060872397,40.33729379827326,38.43751001839686,35.032737418396835,25.26120222531832,117.28733955545628,147.61701885022615,30.93656568384882
1973-05-01,91.9207059420072,95.97293853759766,49.223367517644704,38.87275926994555,49.925629080158394,44.2968331850492,145.5669159584857,165.3491271169562,38.202504969354884
1973-06-01,103.67628244253305,81.92374547322592,55.6703064658425,34.62422496140605,67.23718512548159,69.14883393507738,145.05112018991025,129.5028887296978,69.44752024180853
1973-07-01,108.08170025165263,57.366860707600914,52.57496053522283,33.31252974693221,71.54500255845997,69.4323393014761,111.28889854918135,114.72178007427014,50.74340478697819
1973-08-01,116.19173196645883,68.3288065592448,65.77102661132812,33.90674013080019,73.56272658256636,84.2143205495981,103.66490952512052,120.36753202739514,61.605624298551184
1973-09-01,105.44837804941031,81.84252421061198,52.8409819169478,34.18357733524207,68.8897433346265,91.37000304002028,119.53231324540809,146.72482139185854,71.6474049126924
1973-10-01,68.43338746290941,76.98304494222006,47.0547155900435,32.41361174920593,61.90929151561162,83.06137231680063,118.2566541306516,103.29765520597759,66.39954865868411
1973-11-01,72.71647820105919,52.26576487223308,49.65143203735351,32.76112296364524,29.434102202114996,81.90139623788687,116.37038372932597,83.84870228014495,47.689796561625464
1973-12-01,53.499335509080154,80.74085871378581,36.91678827459162,34.125994672678935,26.8825792286494,72.15194702148438,134.08510735694398,77.54631544414319,28.619666597736416
1974-01-01,45.182536198542664,71.97638193766277,28.220052719116207,35.44401496347755,24.75422114542086,62.339819394625145,123.82508135856467,59.500905087119655,18.609210626402895
1974-02-01,54.82575710003192,92.68933614095053,23.758008263327856,36.4190217220422,22.664684138885917,42.829509881826546,128.4280411740567,81.12625824777703,16.797212344496998
1974-03-01,59.09838676452637,101.22800827026367,23.818609064275567,40.824895916563094,23.234518913373556,29.194144102243275,119.92760516227561,96.84891951711555,21.345043182373047
1974-04-01,52.91672853323129,103.85175069173178,21.23955726623535,37.568265741521664,24.01649004792514,41.78763903104342,119.83175074800532,105.29443841231496,25.921337640107566
1974-05-01,64.7303581237793,99.85476175944011,35.46578320589932,35.63457643142854,50.66867462576252,36.179854319645806,107.4862135217545,137.13362844366776,58.688434202279616
1974-06-01,101.59428669856145,100.79872131347656,45.267417214133516,35.91542677445845,71.12281485779644,59.936560117281395,141.1239948678524,156.5949791356137,53.200525312281364
1974-07-01,118.87995646550105,81.21389389038086,49.3488225069913,30.84031596328273,61.46417382645281,73.1117688692533,133.81891453519782,156.3081339785927,45.75017103508337
1974-08-01,110.95418196458083,69.27659352620444,50.64926841042258,33.95755459563901,63.76056932423213,73.09149962205153,93.23274328353558,123.72608184814453,49.15297778684701
1974-09-01,113.49215874305138,79.58840688069662,60.87012030861594,34.47341340960878,70.3097356508856,93.659731057974,109.47827278299535,160.94438653243216,78.14795081295183
1974-10-01,72.26244853093074,65.5821418762207,49.98683409257368,32.87556580822877,50.0588351733064,77.0099346454327,98.30635557783411,129.76627349853516,69.82850032066231
1974-11-01,71.15015616783728,52.61041323343913,47.49642632224343,33.82862649782739,35.49516756240636,73.74314528245192,118.16840476178109,104.20688829923931,64.3707958619986
1974-12-01,83.14298483041617,82.21949895222983,43.44567905772816,37.450975360292375,32.69147219723218,48.75941276550293,110.74902960594665,90.13062527305202,17.84924464439278
1975-01-01,67.87077096792368,57.110163370768234,36.54716144908558,36.11443066837812,27.827777601268195,64.96929755577673,109.8353609125665,75.10703237433182,16.611163295916654
1975-02-01,50.18077630263108,78.91990025838217,22.320277474143285,41.8945909750582,22.73681588368873,41.232842665452225,122.4751817419174,105.41870719508121,15.014096160433185
1975-03-01,35.90754729050856,93.17883809407553,28.365461176091973,41.29454680163451,19.11011917950356,41.39964397136981,120.81441676363032,126.04961395263672,18.3323845934512
1975-04-01,70.51296967726488,103.9212735493978,30.89829791675914,41.1088577424637,22.108778235030503,32.54400400015024,129.28091008612452,128.22573812384354,25.820817520369342
1975-05-01,83.33228918222281,110.58409372965495,34.76063121448863,38.82666886454881,49.08125890444403,55.341309767503006,136.34822114985042,139.81339304070724,46.99243004642315
1975-06-01,105.50799736609825,89.40004984537761,59.908773248845876,36.8297364976671,67.49675175915026,70.4862301166241,134.4810242348529,149.80298092490747,52.08546083364914
1975-07-01,113.55218153733473,68.7851651509603,59.10173242742365,32.38928245775627,67.11153004267445,82.2684728182279,132.20830876776515,142.78757195723685,51.08890248768365
1975-08-01,102.33116883497972,54.72415288289388,48.997268676757805,35.101397350581,70.44577925172571,79.91374089167668,120.26107463430851,153.0832391036184,52.795922578270755
1975-09-01,101.41118856576773,62.696990966796875,57.21019398082386,30.000093248155384,74.7036973091021,85.626954298753,96.23833514274435,149.13213629471628,66.0523827396222
1975-10-01,70.70101958054762,55.626792907714844,46.5460881319913,30.873588600544014,57.830094637936114,81.90394181471605,96.30215421636055,139.0542984008789,70.96108963240438
1975-11-01,56.322589287391075,71.73585891723633,47.89293982765891,28.910030981506964,37.2453898599703,85.25634912344125,111.8955652764503,101.15481928775185,62.99083766652576
1975-12-01,64.94312286376953,54.93202845255534,55.99899291992187,38.06903338191485,22.94079506233947,71.42916459303636,137.78727105323304,89.36342942087273,47.372883469311155
1976-01-01,69.08461497380183,68.53578567504883,31.628504666415125,33.04752099393594,28.769158663815016,57.05410883976863,118.34638879654256,97.6720609162983,14.330983517774895
1976-02-01,61.71406232393705,93.24337641398112,28.510820215398613,34.92796830456666,18.78154310461593,56.387226398174576,114.03649512757647,52.817555477744655,23.08663610202163
1976-03-01,70.84450354942908,93.18770726521811,19.319678219881922,38.66112256290937,22.674928952569832,59.67356975261981,150.71162771671376,49.068330463610195,21.62461636671379
1976-04-01,75.22387137779822,92.85544077555339,42.857164903120555,39.05138150610105,36.69907556821222,47.86999409015362,137.54371480738862,104.59901910079152,32.896161435255365
1976-05-01,78.61094841590294,88.07414372762045,40.24266329678622,38.480801052517364,48.22101854298213,57.86985250619741,142.030675360497,162.03426561857523,44.22164746184847
1976-06-01,98.09396450336162,71.04239145914714,52.79057069258256,35.868627374822445,73.2903728746388,69.2624385540302,125.28257978723406,166.63923765483656,59.26940120867828
1976-07-01,108.62944676325871,45.18500645955404,48.20238806984641,35.8181038288155,67.02624804353061,83.9969121492826,90.31413463836022,133.68229113127055,49.306516504999415
1976-08-01,107.20614653367262,45.62925656636556,57.747672687877305,34.05881746850832,66.600491249398,80.21128727839543,81.15891801550033,138.98807324861224,49.539514797836986
1976-09-01,107.2311548086313,52.99043973286947,58.89929511330344,31.434729605010062,65.52968482448631,75.06101314838116,77.50305825091424,123.86371211001747,54.878371509153446
1976-10-01,84.23621104313777,46.96555137634277,58.495183424516156,32.418303056196734,52.07044523056239,87.68249658437875,88.93276782746011,129.87729122764185,68.7639037174965
1976-11-01,74.5731573838454,65.40847142537436,55.31667015769264,35.40246173588917,50.068361465245076,55.157191936786354,89.89463968479888,119.49886522795025,38.84750480082497
1976-12-01,71.29285518939679,63.571580251057945,34.29056254300204,41.45909704343237,37.28271902424016,63.459352346567,103.20143192372424,116.24572151585629,25.285160007761483
1977-01-01,60.36164210392879,69.29718653361003,33.320843956687234,43.63051905776515,29.618258019016213,17.283015984755295,52.305351419651764,82.44112918251439,12.665720128301363
1977-02-01,37.151604432326096,71.10033671061198,26.8131178075617,38.86646116622771,36.04357993766053,30.411181083092323,88.63075743330286,131.40650297466078,14.612048419553842
1977-03-01,50.820460686316856,71.30383809407553,26.304949847134676,37.49912724350438,20.560894273731808,42.660089639516976,125.47446717607215,95.78808232357628,20.271408024118905
1977-04-01,49.42831993103027,89.39249038696289,29.901750737970524,33.76497403539793,39.039622267631636,32.66107852642352,119.66978844175948,103.82202549984581,35.059726772023666
1977-05-01,68.39269491342398,86.50239308675131,45.59604124589399,37.38579027580492,53.996161891989516,50.165979678814224,143.8850240504488,117.65425832648026,59.73782895216301
1977-06-01,112.35996393057016,76.78485234578451,57.267017364501946,35.75597435537011,66.34635925292969,77.60747762826773,126.5537180799119,134.86040014969674,51.24122847372026
1977-07-01,105.08076594426082,54.82250849405925,51.20602174238725,32.1174843142731,58.38706134116813,78.76905294565054,118.66392582020862,102.11600253456517,42.23896425161789
1977-08-01,115.0335458608774,64.75698471069336,54.261426058682524,32.50969588154494,68.36475215546072,85.05140451284555,104.62971951099154,95.65685673763878,56.302295514007106
1977-09-01,103.6607155433068,74.75046793619792,46.6630727594549,35.940940933998185,67.58007937914705,73.150451366718,103.61586225793717,111.821827135588,57.154703851956036
1977-10-01,76.49027751042293,60.45860926310222,44.716803810813204,33.29545897666854,51.81975691285852,98.16976693960336,113.26700575808262,96.00211695620888,66.71737557026877
1977-11-01,41.37745637160081,47.709862391153976,58.790605718439274,35.35540994971689,42.18896839716663,74.24468994140625,107.5255941837392,99.50748242829975,58.81599881755771
1977-12-01,69.3865629342886,57.25947697957357,32.46946855024858,40.75170189443261,38.966090058627195,30.306181540855995,92.63910334160988,70.38483870656867,21.909238331353485
1978-01-01,71.74802193274864,64.18925603230795,34.14770993319424,37.10964087283973,26.414926084753585,53.03441927983211,105.55295741304438,69.44046522441663,17.71507547862494
1978-02-01,30.979813062227688,61.230932871500656,33.703956604003906,45.60015321982027,43.87890541390197,14.676831318781925,67.26642770970122,102.49810469777961,23.33850148898452
1978-03-01,35.530699216402496,77.576904296875,33.18492195822976,37.50475103204901,33.51367009829168,36.97279783395621,101.91672304843335,105.03785986649362,21.232408552027458
1978-04-01,46.017335011408875,96.85211817423503,30.685515837235883,39.018848688915526,32.65558007645281,40.58209565969614,136.51124670150432,98.5829001978824,37.562700527817455
1978-05-01,84.64527863722581,88.99126052856445,33.99808363481001,37.725916775790125,50.32971003284193,57.119428194486176,138.75201610808676,129.6067388434159,47.38451544918231
1978-06-01,108.04144052358774,72.09770838419597,46.48883299394087,32.67999321523339,70.09815581857342,76.0188102722168,124.43076600419715,127.76677984940378,54.35840549753673
1978-07-01,102.34751334557166,43.47952524820964,49.803392236882985,34.55780299022944,73.38336787811697,81.683166210468,101.08891750903841,128.95354220741675,51.8164108048624
1978-08-01,107.74131921621469,56.486021677653,50.52688598632812,33.703764520510276,65.66018927587221,94.9863653916579,111.10579308043135,94.94495391845703,57.675370173667794
1978-09-01,107.78909096351036,60.897216796875,62.681151303378016,33.882354004214505,73.52603233023866,80.51752677330603,90.1481384926654,116.60697334691098,61.410061281118814
1978-10-01,70.23797402015099,57.3438835144043,50.1142068342729,32.93512036101987,58.56260534835189,75.94899397629958,99.0362694922914,98.91876421476665,67.53043559060167
1978-11-01,79.60588015042818,56.71201705932617,51.883342049338594,35.991504938915526,30.187340305276113,82.12013978224535,110.34268318338597,73.66268760279605,48.82223214676131
1978-12-01,62.04093052790715,58.30664952596029,28.250956101851028,37.04527652624882,29.4670287876913,46.53180562532865,127.67583968791557,91.58262955515008,25.585120471555793
1979-01-01,76.32328180166391,66.27457936604819,41.07019251043146,42.377693484527896,24.39908066841021,51.27433996934157,93.91369921095828,47.82398625424034,12.550621602072644
1979-02-01,29.75515952477088,63.527590433756515,22.055641521107066,42.987621191776164,26.676214557804474,23.74303891108586,97.275713656811,86.18662984747635,14.605927823194817
1979-03-01,66.2785163292518,81.88119888305664,46.52977336536754,36.5465896298187,33.836106078265466,59.487280478844276,138.84222152385306,79.22547490973221,30.093560289980758
1979-04-01,51.63768254793607,93.11910629272461,38.13655333085493,37.50635686546865,38.694120433232555,51.399964552659256,142.96199717420214,151.39191276148745,44.50878314117887
1979-05-01,74.46279525756836,92.68538157145183,46.10117478804155,36.85105449021464,46.595319983077374,50.13143099271334,130.93354245449635,142.9251419870477,63.6211509135232
1979-06-01,110.0322650029109,79.52441533406576,51.87488035722212,33.57026167590209,62.438181001846104,88.77295714158278,151.09537002888132,127.31625406365646,76.12056447498834
1979-07-01,111.46210156954251,67.75875727335612,57.24366448142311,35.882633864277544,70.86204633320848,97.92512746957632,117.17154320250167,110.18332431190892,58.0358932267374
1979-08-01,115.11852557842548,60.50572077433269,53.37344949895685,32.379796769883896,72.64459165808273,82.57741928100586,97.99814427152593,136.43451489900286,58.1899728348006
1979-09-01,103.1350355881911,65.25121688842773,68.58881170099431,33.41637621022234,79.88477733037243,90.66105622511644,89.29873527364528,143.09085042853104,76.82846980308419
1979-10-01,92.66519546508789,64.22621409098308,50.351682142777875,33.642229407724706,52.1132377729024,93.81804099449744,118.04620458724652,95.84155835603413,67.94937475403742
1979-11-01,72.69325989943285,62.83179601033529,41.81356603449041,31.51419861148102,36.768897592204894,80.2773695725661,116.24954710615442,89.66512178119861,60.140717919193094
1979-12-01,66.65799067570613,58.32344690958659,42.231554551558055,37.71153074322325,35.51008407383749,57.024365205031174,112.65525817871094,74.77838616622121,39.553562562857095
1980-01-01,60.585010968721825,84.01429494222006,31.264421289617363,42.07163338709359,33.87884897728489,28.054930613591118,95.09041157174619,73.53962346127159,18.52032675671933
1980-02-01,66.29529366126427,90.67010243733725,28.95093657753684,42.54840311377939,24.730290452094927,11.991538451268122,59.6151757747569,64.43607932642887,10.388464714164163
1980-03-01,59.51750095073993,93.01909764607748,32.034700567072086,44.38526076499862,24.922791572466288,43.75180464524489,114.43263114766873,79.54654693603516,16.53146174416613
1980-04-01,67.83154560969426,98.17410151163737,42.9793288490989,38.20081190629439,43.27980459552922,47.66379869901217,138.93375802547374,137.44166524786698,38.31152560105964
1980-05-01,97.36782220693735,106.40450795491537,37.965968738902696,39.59000905354818,50.67604273965914,53.493184309739334,145.07582644198803,141.77067405299135,64.56209438950268
1980-06-01,111.65551405686598,78.46860885620117,53.930747292258516,33.88762136902472,65.00242050379923,83.84587948138896,130.1827775671127,131.774209675036,60.60768241312966
1980-07-01,112.6449731680063,63.81718317667644,54.79964516379616,30.91402631817442,65.38277194924551,81.84780707726111,111.33170432232797,120.77189997622841,53.26835290709538
1980-08-01,113.39903611403244,64.41177368164062,58.45835945822975,36.7724293410176,69.11737624913046,100.28390884399414,103.71036123722158,133.8341461984735,58.91309140333488
1980-09-01,107.29106022761418,81.66627883911133,63.27670357444069,35.69891958525687,70.88951215352098,93.41010313767653,90.56450864101978,108.33446101138466,59.91756382273204
1980-10-01,79.04860423161433,68.99973551432292,53.93904252485795,34.11764087099017,58.43176123214095,85.37828005277193,109.84863930560174,108.49337326852898,65.84460699736182
1980-11-01,72.15147752028246,55.95935821533203,35.16767155040394,35.61076925258444,50.65738730234643,63.30903126643254,119.21499536392537,92.85118705347965,38.29043374132754
1980-12-01,65.09476441603441,61.24788284301758,47.800934531471945,35.63602042920662,29.689668629267445,46.11218525813176,98.19661404224154,80.72430460076583,38.122103107509325
1981-01-01,80.18136391272911,72.39285151163737,50.68943370472301,37.355552056823115,28.758791048232823,33.14396784855769,79.71227929947224,53.08891597547029,18.100542096949333
1981-02-01,73.33620511568509,76.52981440226237,35.32281528819691,37.94506342724116,32.56598172122485,64.02273178100586,130.57173059341756,89.9576187133789,27.290853813513
1981-03-01,36.71021094689002,79.2467753092448,35.255412188443266,41.855157023728495,34.85867225960509,19.91905249082125,70.07756334670047,137.4717210468493,19.237777368346254
1981-04-01,69.34336882371169,90.06155649820964,53.639337366277516,38.582954021415325,28.934094677232718,85.1195922264686,144.0510039633893,125.54266076338918,51.68984825931378
1981-05-01,95.72272667518028,102.39829381306967,55.23995832963423,39.16456241800328,46.77366491866439,75.28722469623273,156.95849479512967,125.51949149683902,65.14935849317864
1981-06-01,100.56888140164888,89.88689422607422,52.018935463645235,38.24559221364031,80.43230657708155,82.74923471304086,139.73732806266622,130.4013302451686,71.37490457563257
1981-07-01,117.30181620671199,79.80335235595703,57.305859652432524,34.981032092161854,69.36942322613442,93.1760494525616,124.60675341017703,128.01936300177323,57.92227218400186
1981-08-01,110.18917377178485,66.81700388590495,50.80854242498224,35.990971266621294,73.8480659380351,95.13541735135591,104.26509938341506,118.97808878045333,62.881475420140504
1981-09-01,105.31796675461989,78.32290649414062,57.77747240933505,35.283942174429846,67.55920828205265,89.1561874976525,99.3943640526305,115.11042745489823,59.88469479688957
1981-10-01,78.50858981792743,70.27295430501303,54.255546223033555,33.16308031178484,54.0186686058567,83.06190050565279,102.7429296615276,104.71372102436267,64.02017963466359
1981-11-01,65.31972885131836,54.972476959228516,61.23913678255948,36.80373105135831,32.34950287701332,86.0970717210036,107.38268101469,90.63111355430202,50.679021806859254
1981-12-01,57.33288618234487,67.53608703613281,51.21180100874467,38.51523929172092,42.41836234314801,65.38741771991437,118.71215333329872,95.56132868716591,46.42897648597831
1982-01-01,46.54447848980243,72.78919219970703,31.010535847056993,39.0832265218099,22.90755755280795,38.76148737393893,118.64895922072391,98.39738544664884,19.261710323504545
1982-02-01,54.3001101567195,92.6331901550293,23.23161125183105,42.060564985178935,29.492119567034997,43.81508827209473,124.72343444824219,73.20938110351562,31.429453038457613
1982-03-01,66.3811390216534,87.76134490966797,33.25826644897461,39.4902932523477,25.118590054446706,80.80411324134239,138.7892378137467,76.7392961602462,16.636464133191463
1982-04-01,79.42502682025616,94.72532272338867,35.63134280118075,42.78863849061908,33.96259725910343,54.456923558161805,146.72505804832946,95.60306950619346,31.075850529457206
1982-05-01,82.08474379319411,101.59659067789714,44.12679845636541,40.31349143596611,57.26526338760167,43.12458038330078,151.81573096742022,150.1033582185444,67.49181035739272
1982-06-01,109.04441980215219,68.6316998799642,54.38404430042613,37.471173989652385,64.03721326018034,81.9442528944749,128.3653015786029,118.7258569817794,67.08491311144472
1982-07-01,101.00666192861704,60.738442738850914,50.4071755842729,38.4514432964903,68.87318336800354,86.37723922729492,103.50772776502245,145.24989881013568,58.356065892461515
1982-08-01,111.63384364201472,65.96717834472656,53.00768592140891,32.52391622524069,60.314518131621895,90.91740388136644,84.31056408171959,123.38667417827405,44.92374818716476
1982-09-01,99.73052098200871,49.500436782836914,58.816335851495914,35.22904521287089,72.51850284942209,96.17986679077148,86.96339384038399,143.36444453189247,66.48373959669426
1982-10-01,96.4806630061223,60.89752197265625,49.83879436146129,35.21335678871232,54.268285672958584,85.79989213209886,94.1597471845911,134.6476906224301,59.257239726052354
1982-11-01,66.44938542292668,52.84107844034831,51.70725909146395,39.256442676890984,31.332089149788636,92.3109641441932,113.6158638812126,105.12482492547286,47.98548684191348
1982-12-01,62.527077014629654,52.506656646728516,45.97737225619229,34.10997101754853,28.314062667219606,80.43851118821364,119.96523268679356,117.0538350155479,36.45461922261252
1983-01-01,55.39609102102426,44.90486145019531,56.89606926657936,39.56097689541903,36.430102831696814,30.78935696528508,63.03243434175532,104.2930101093493,24.57487191726912
1983-02-01,51.31410818833571,68.56190363566081,50.83255247636274,42.62950010973998,43.11474578021324,24.51749031360333,61.859483921781504,128.1483198467054,30.970260278502504
1983-03-01,68.31935735849234,66.06379826863608,62.675684148615055,40.07078999220723,27.139000043477097,46.88030022841233,91.78762233003657,149.298105741802,29.944809870933415
1983-04-01,65.94332915086012,76.07894897460938,53.00967996770685,39.00264585861052,24.568152754274134,60.16884583693284,144.43877199862865,147.18624918084396,38.74589436089814
1983-05-01,103.86373813335712,74.14684931437175,64.86673355102539,39.071275730325716,35.54537002354452,76.72425783597505,133.99905752628408,178.7994384765625,70.56169082869344
1983-06-01,106.6714360163762,63.27242533365886,65.03297285600142,39.486174149946734,65.54773931633936,85.53026639498196,107.50933708028592,185.97988329435648,63.97125471883745
1983-07-01,103.04612379807692,48.06720733642578,63.98696726018732,34.45269459425801,75.85218246668985,90.22864561814528,95.74817900962019,176.25407168739721,62.58461226278276
1983-08-01,111.37162722074068,60.57035446166992,55.83546205000444,35.43370950101602,71.70417472107769,89.64146100557767,107.99084927173372,154.2849390130294,57.96081201354069
1983-09-01,104.06596110417293,71.17033004760742,48.059916062788524,34.42792988786794,75.12006367722603,85.53798382098857,83.78620553523936,154.20855471962378,62.21107369038596
1983-10-01,62.893603398249695,53.88843536376953,65.43524308638139,37.29015697132458,57.611946210469284,88.4837297292856,100.88545616636885,114.05768143503289,68.03463039113514
1983-11-01,52.17483593867375,44.781084060668945,51.94220282814719,37.53044533007073,44.56372718288474,83.44654670128455,96.42209803804438,93.42730672735917,41.554368431888406
1983-12-01,62.23867856539213,65.03642400105795,38.47467075694691,38.72001339690854,33.03416265200262,77.11667280930739,131.5515639934134,104.23791784989206,33.024887540447175
1984-01-01,69.4907628572904,55.3477668762207,43.0847844210538,35.54271158545908,26.505010421961956,80.63030242919922,120.01180445894282,81.40843541998612,22.89708834975513
1984-02-01,36.584938489473785,67.4958610534668,45.6138142672452,35.94105653088502,33.97403089967493,43.649203960712136,120.6452471144656,136.86730234246505,24.628186581739737
1984-03-01,64.74045973557692,99.45085525512695,34.14037531072443,42.37193868617819,33.07593619986756,47.84101706284743,118.70112317673704,125.71406113473992,18.544078940775854
1984-04-01,50.89132235600398,109.49835459391277,25.673906152898613,40.089724762271146,27.355335183339577,28.904472864591156,128.70369769157247,135.14369161505448,25.679297945392666
1984-05-01,95.77992512629582,113.14679463704428,34.392143596302375,35.70860564106643,55.32177964301959,46.770381927490234,146.41392484624336,145.46505777459396,45.608130497718925
1984-06-01,104.72563230074368,94.39318339029948,40.872599861838594,33.77105443164556,68.05631559189052,63.15831404465895,140.29474461332282,157.20711758262232,54.152394764458954
1984-07-01,109.41295623779297,82.9368273417155,53.013992309570305,35.77713051227608,73.87469043470409,87.97709391667293,125.66150097136803,144.8931844610917,54.11744188906541
1984-08-01,105.8066808260404,77.2488784790039,62.250196283513844,36.26045650906033,70.6479111762896,89.95315111600435,108.77730186949385,88.67956462659333,59.21226045978603
1984-09-01,94.76605928861177,75.51939010620117,62.587849010120735,32.69994042136452,75.35270272868954,83.64778665395883,106.07699942081533,131.73207734760484,65.5611180547458
1984-10-01,87.06170595609224,82.02309926350912,51.12404389814897,35.59252806384154,39.50769868615556,92.81465823833759,113.53763823813581,100.04296553762336,66.69445891878497
1984-11-01,64.98094705434946,68.99831771850586,47.5246238708496,33.80899718313506,27.15351156992455,99.15417157686673,122.23414157299285,91.5244554218493,53.82718328219741
1984-12-01,71.60860941960262,64.1812515258789,39.83983126553622,35.37863336428247,18.905006042898517,79.20816861666165,118.64471435546875,64.13374449077405,20.945146190586375
1985-01-01,76.81983067439153,95.52446365356445,23.75678409229625,41.11797255699081,24.622844016715273,28.37091959439791,88.27297941167305,52.34960254869963,8.59293653004205
1985-02-01,37.087279099684494,59.98411814371745,23.238036415793676,40.02777157407819,22.75655302282882,22.629470091599682,94.02563216838432,72.65037737394634,16.68958236922079
1985-03-01,65.21343084482046,85.51495869954428,23.86079961603338,37.69847311154761,24.48259379765759,46.449111058161805,115.85615442154256,54.91464012547543,22.225745756234694
1985-04-01,47.34023534334623,83.24804941813152,26.14752335981889,36.65133582221137,38.48005582208503,29.92531519669753,96.62761282413564,86.66382839805202,29.917429454291042
1985-05-01,71.02472598736102,104.13729985555014,37.40780743685635,39.452785915798614,48.372984585696706,45.73623950664813,133.13554804375832,112.75787353515625,48.334127397679566
1985-06-01,103.83391013512244,74.01874542236328,58.29813003540038,38.02228214764836,65.4542531052681,65.2319834782527,131.08995315876413,107.7029077630294,62.56442283516499
1985-07-01,112.63070473304161,82.02151616414389,63.71457706798206,36.63345105720289,70.45457918350012,81.01527874286357,117.80529428035656,127.74982452392578,56.33472613434293
1985-08-01,113.97216503436748,75.43951034545898,56.157828244295985,32.6985311026525,68.21861789651113,92.34614005455603,111.836380654193,140.80915952983656,55.683414971650535
1985-09-01,100.06289115318884,79.72959518432617,60.37439693104137,34.13736747972893,64.02263380076788,83.50953322190504,98.11437890884724,131.32538042570414,62.753962047064476
1985-10-01,65.96855016855093,54.943199157714844,56.224389509721235,35.499961930091935,57.23271304613924,98.41875663170447,113.00168138869266,101.91181584408409,71.19654185736357
1985-11-01,63.67528621967022,63.4648068745931,62.24435979669744,37.8334864221438,34.83310333670002,103.86686325073242,120.26984032164229,78.57038096377724,52.71879167699102
1985-12-01,80.7550210219163,83.22738647460938,38.96533272483132,36.56844033135308,33.38950954071463,47.000697942880485,104.04601401471078,86.70666343287418,22.37842474410783
1986-01-01,47.10504458500789,56.864356994628906,44.93318210948597,35.61558675284338,19.60821282373716,61.365509033203125,108.76503802360374,52.556509720651725,16.099341947640944
1986-02-01,59.34504729050856,84.2282485961914,26.44100015813654,43.08082888824771,22.414170879207244,55.97539314856896,120.4075427765542,58.86866920872738,18.39249739006384
1986-03-01,44.00936640225924,97.77778625488281,26.309014233675867,33.08730558915572,20.501223002394585,47.60124866779034,104.38613891601562,102.3036756013569,14.82933243708824
1986-04-01,91.78813054011418,96.04179382324219,31.708474592729047,39.76272621540108,30.862369276072883,29.888840822073128,111.71700497891041,110.50297586541427,34.847538506806785
1986-05-01,90.82830135638896,91.89372380574545,53.959518779407844,40.94418997716422,52.26077249605362,41.78905487060547,133.24720504436087,96.53797149658203,59.489019593196126
1986-06-01,97.98516493577223,84.51824188232422,45.64047553322531,37.26151013615156,75.5329915921982,71.06359188373273,146.3864914914395,129.2119779084858,62.84718299979594
1986-07-01,111.52893213125375,64.36988830566406,52.865904027765446,34.93298617276278,67.18809571984696,85.4572369502141,118.69890740577212,121.15285773026315,48.00483931356401
1986-08-01,113.8920417198768,52.66798337300619,58.50305037064985,36.46729594529277,66.7965980425273,93.91782467181865,86.02128536143202,110.90110979582134,59.23250112960587
1986-09-01,110.97362224872295,71.39927546183269,55.690456737171516,35.74605999570905,62.60555737639127,77.71125206580528,91.25849135378574,110.87168643349095,65.73857549411147
1986-10-01,88.41598217303935,55.58993657430013,52.30241255326704,34.75234966085415,53.25744315369489,100.41426145113431,110.99088141258727,124.16637822201378,66.45166197819496
1986-11-01,78.9014669565054,58.907979329427086,55.47303113070401,35.91472548667831,38.13889124622084,98.75640869140625,127.94411030221494,78.05781113473992,56.2941480038771
1986-12-01,57.20699016864483,48.134803771972656,46.437986547296696,41.15630833789556,29.893396978508935,77.52799987792969,105.9135193520404,90.18301712839227,24.871567114075617
1987-01-01,56.19775698735164,57.95875549316406,38.408282886851914,43.462695497455016,20.79776345867,32.49923632695125,102.59955385898023,102.60068993819387,19.502624113168288
1987-02-01,53.14744802621694,82.06316630045573,32.52863537181507,45.460119151105786,34.84708185065283,17.20141630906325,79.72695370937916,111.00766031365646,19.16919110426262
1987-03-01,31.889321253849907,91.56110763549805,34.36143094843084,40.75511392920908,39.37173608231218,14.317886645977314,79.32328569128158,130.23925580476458,27.958027284536787
1987-04-01,38.523039451012245,69.38765207926433,49.627522555264555,38.832452562120224,38.530605786467255,44.293249570406395,116.6001745995055,160.36337802284643,51.051279324204174
1987-05-01,86.31589596088115,78.31820805867514,77.14042663574219,36.267914434876104,41.50950288119382,72.66032145573543,125.60153717690326,144.28084524054276,71.66516318250058
1987-06-01,95.69867207453801,71.98567072550456,45.428874275901094,39.00010080048532,71.91546714469179,62.678249065692604,115.77414654670878,135.9878841199373,72.22817833743878
1987-07-01,108.31143305851863,59.59474563598633,60.63467372547496,36.169175427369396,79.15836490996897,94.19683309701773,122.04311452013381,149.2746252762644,66.97290904486357
1987-08-01,116.97957699115459,81.72436396280925,73.42028184370561,37.68888338647707,69.78489601448791,90.49803660466121,99.58095956355967,144.2222093280993,59.11033971985774
1987-09-01,107.79149715717021,88.39985529581706,60.30816685069691,38.12134289982343,64.94157869521887,86.96915553166316,107.5478087080286,132.62854124370375,60.52423733383861
1987-10-01,83.53864229642427,70.0599733988444,54.79972665960138,33.243394138837104,45.83662895307149,87.30633075420673,104.51518119649685,123.56394717567845,76.87968923084772
1987-11-01,61.87723599947416,40.21478335062663,64.79634198275478,33.39367490826231,38.96108392166765,92.85667125995342,107.30792918103808,95.94800848709909,53.16417751027576
1987-12-01,52.086951182438774,53.527940114339195,37.038201418789946,40.183751270024466,26.12713591693199,51.33211796100323,115.71902011303192,95.86471758390728,34.432812591097246
1988-01-01,57.16625360342172,77.80845006306967,33.62337459217418,38.20504756888958,28.685128198911066,50.56128868689904,101.14232327075716,100.36412289268092,16.46817477781381
1988-02-01,79.39285865196814,77.52065658569336,35.71348363702947,36.65061526828342,30.37345050132438,29.815365717961235,96.40809728744183,81.26931943391499,22.181291722539644
1988-03-01,41.17233569805438,88.35221608479819,26.858442479913883,36.000702597878195,31.290459306272744,17.75530851804293,87.21229877877744,86.91450420178865,17.60032283726023
1988-04-01,48.59349177433894,106.01458867390951,32.1920802376487,40.32729370425446,36.7248195491425,30.31459771669828,123.30985373639047,125.70093054520456,27.03894145453154
1988-05-01,63.367572197547325,94.6233622233073,40.140529979359016,35.881716795641964,45.336004805891484,54.45878689105694,149.86010612325467,128.29832779733758,39.0144234272971
1988-06-01,110.03470054039587,99.78384653727214,51.186764457009055,35.08878958345664,67.51873591174818,71.94934991689829,144.5165918228474,121.79861570659436,57.3833579447732
1988-07-01,114.95881447425255,70.1385498046875,69.01861710981889,34.004224912084716,70.9379640344071,94.55201075627254,142.90816936087103,138.5659468801398,59.18986761747901
1988-08-01,115.03660495464618,67.42757161458334,61.69244939630681,34.32818807736792,76.68860448549871,104.259336911715,116.26911569148938,148.08656792891654,69.65894556757229
1988-09-01,102.62287580049954,77.65249888102214,61.64502750743519,34.32349002722538,71.3660671286387,94.9401121873122,110.90494521120762,141.0099933021947,66.34623968779151
1988-10-01,61.66550562931941,62.50774383544922,51.96488640525124,35.17303755789092,50.060345375374574,93.6900285574106,100.08878504976313,116.7241749010588,71.27440723020639
1988-11-01,61.68537873488206,54.654808044433594,42.068288976495914,34.40042168203026,30.61194223900364,94.31076783400316,127.66258564401181,90.44078023810135,54.959208929716645
1988-12-01,61.03069232060359,71.98968251546225,38.53610125454989,32.58208843192669,27.396565267484483,59.79088636545034,122.42022575216092,94.19918060302734,29.685851709166567
1989-01-01,64.9903077345628,50.491511027018234,38.06386254050515,36.744260306310174,18.31400361779618,70.90129852294922,129.031599328873,87.65595084742496,28.031938467452772
1989-02-01,66.56444989717923,55.1092529296875,33.671914880925954,36.8485142486264,17.792757896527853,91.17923149695763,125.07371293737533,80.77356438887746,23.227297370113543
1989-03-01,52.60808651263897,80.08618036905925,30.688198262994938,39.96243332371567,18.957823923189345,56.3694036923922,129.12401239922707,64.18640739039371,22.54673972058652
1989-04-01,54.7824529501108,98.20182164510092,34.80656190352006,38.24700538558189,33.9900212745144,43.05619093088003,114.73885394157249,95.23854506643195,28.237530722546932
1989-05-01,73.22103793804462,89.40442403157553,42.21347288651899,37.68126940486407,44.721869899802016,49.42102799048791,140.196341656624,124.70367833187706,55.448702911832434
1989-06-01,111.38553619384766,90.39163589477539,60.07930582219904,36.341780845565026,66.3201684821142,70.55773368248572,136.79523873836436,143.15444544741982,58.74834772366196
1989-07-01,111.98879388662485,62.493247985839844,47.77723138982599,35.73444828842626,68.25531214883883,80.01468365009013,110.39151942476313,123.82356744063527,55.514879369024015
1989-08-01,116.24354582566481,71.17141723632812,59.17518442327326,36.40538032608803,64.92611610726135,79.32816285353441,98.54100815793302,111.68592352616159,53.098171860424436
1989-09-01,102.94432273277869,62.4595324198405,68.47509210759942,34.79125475642657,76.66470775865528,88.97985311654898,84.76909069304772,130.9600830078125,74.245196669849
1989-10-01,78.71872094961313,82.2103500366211,57.508614280007095,33.7755338110105,51.73431814533391,81.90042055570161,119.09319289187168,118.82576189543072,55.23481226679104
1989-11-01,92.32417620145357,49.640318552653,34.89414128390225,38.519394999802714,41.27765812285959,83.37689913236177,118.212890625,69.18293300427888,48.730263781191695
1989-12-01,58.019557366004356,75.44366200764975,31.049340854991563,44.2057060472893,36.62280775096318,19.946679702171913,83.08731241429106,57.18847074006733,19.682992394290753
1990-01-01,80.8109503525954,65.59476852416992,32.4151628667658,34.954889856203636,23.25216842024294,71.8519064096304,118.55028030720163,69.78283430400647,27.07827553820254
1990-02-01,70.75753578772911,78.39743932088217,38.415725014426485,38.55454030663076,32.867125942282485,62.7618642953726,116.61004411413315,64.8038010848196,18.129505328278043
1990-03-01,66.34706350473257,65.50961176554362,41.679061542857774,40.031032369594385,30.78930737221078,58.251659686748795,133.5784506290517,98.09464906391345,27.909685960456503
1990-04-01,68.76273522010216,87.53273010253906,46.58216129649769,35.06557291204279,41.03082630732288,60.51449775695801,139.42307817175035,109.6502103303608,38.27617986878352
1990-05-01,70.58162689208984,98.92436345418295,39.860735806551844,39.28246931596236,48.58979003070152,53.98314182574932,142.91346123877992,159.06984429610404,57.45511980199102
1990-06-01,103.28702926635742,77.51155217488608,49.455068761652164,34.15101272891266,69.06904455733626,70.47257790198692,132.93088547726896,135.92002266331724,66.7397741061538
1990-07-01,112.95262850247896,57.24325180053711,54.154037128795274,35.889837476942276,69.15940585201734,85.95394721397986,116.45643355998588,113.75955280504728,54.15786059934701
1990-08-01,109.97541134174053,76.10844294230144,67.87247744473544,37.12814793442235,68.03659412958851,94.60179989154521,104.68461056973072,109.90750162225021,60.9694466662051
1990-09-01,100.96029868492712,75.44403076171875,61.388272372159086,36.71459621853299,71.24501058500107,96.37200282170222,91.66269505277593,97.75592402407997,58.37392664667385
1990-10-01,78.23104124802809,62.36551920572917,65.70782054554331,28.187562961771032,53.01789061663902,92.98255626971904,97.92611142422291,101.84779920076069,85.49856499059877
1990-11-01,64.42391322209285,64.51770146687826,45.568566755814985,27.996098874795315,38.6219808500107,85.6426165654109,117.05396124657165,69.21204516762181,58.869694951754894
1990-12-01,51.55697969289926,67.03274408976237,56.3760722767223,36.07208752872968,27.171890049764556,81.50516656728891,122.1829596986162,91.63123682925576,31.778588935510435
1991-01-01,86.20225466214693,82.0751444498698,33.758352453058414,41.21520302512429,24.66750732839924,52.64741824223445,97.62932797695728,67.30025442023026,13.825275648885698
1991-02-01,61.32483115563026,83.14990997314453,33.44507910988548,42.2590525463374,24.790353644384098,45.805476262019226,103.90197266923622,65.13131292242753,23.315617575574276
1991-03-01,43.936146222628075,90.3705914815267,21.534263003956188,41.086381854433,14.942111707713506,32.07588929396409,118.97393896224652,76.56174207988538,16.808057187208487
1991-04-01,52.969195292546196,95.29378890991211,37.3678276755593,38.20107585251933,34.93248142608225,51.494550704956055,131.12896046739945,101.98218696995785,37.65818183101825
1991-05-01,55.55965350224422,97.95138676961264,33.83064790205522,34.51095060868697,53.29690698074968,42.87717525775616,136.7479851905336,136.49891301205284,68.72391771914354
1991-06-01,95.96939086914062,89.527219136556,45.01786665482954,36.94892844768486,68.89544447807417,65.2707026554988,143.746266466506,148.8637823807566,58.05589476628089
1991-07-01,113.66552206186148,77.21707661946616,52.84401460127397,36.790481721511995,67.4145319690443,77.29114385751578,129.2241116787525,151.4218480963456,53.61929936195487
1991-08-01,112.09534865159254,67.87455240885417,64.0352474559437,34.209966177892206,67.18612566386184,86.33645864633414,100.34215399559508,130.81587741249487,55.26498823023554
1991-09-01,95.98159790039062,59.75358327229818,60.35797119140624,35.534733473652544,74.54964102131046,87.48564353355994,102.05916546760722,120.9054946899414,64.14542127011427
1991-10-01,80.23642026461087,58.55136235555013,54.03335744684392,34.14517797604956,62.56960516106593,83.81381401648888,83.36552559061253,102.22318548905221,63.56973221052938
1991-11-01,70.63523072462816,44.73123232523601,52.00979232788085,34.94361915973702,40.966248185667276,100.37108201246996,96.5883214422997,101.28264176218133,54.690807968822874
1991-12-01,82.1368877704327,42.04334259033203,44.96973037719726,36.29039224952158,34.18571524424096,82.76811012854942,97.2653571595537,69.27395870811061,22.743213710500232
1992-01-01,58.4746947655311,57.494920094807945,38.121513019908555,43.333907079215,41.33700540620987,26.077673985407902,89.06370934019698,82.10710726286236,18.135591763169018
1992-02-01,59.50301610506498,68.87575785319011,35.80346887761896,44.156484892874055,30.908001938911333,39.354705810546875,102.17119582155918,78.14072056820518,15.77513395850338
1992-03-01,52.097448935875526,89.85498428344727,41.00281975486062,39.95684614085188,31.218756061710724,39.00778477008526,97.85055606923206,98.19764589008533,21.42202462723006
1992-04-01,73.45983798687274,85.34506479899089,47.389304421164766,36.86487795126558,44.98952055630619,54.51819346501277,121.9831831911777,155.53606936806128,45.051124914368586
1992-05-01,88.77348533043494,74.41854476928711,57.28192242709073,37.649913749309505,53.13874858699433,62.041972233698914,110.63884166961022,171.1714694374486,66.52822352167385
1992-06-01,105.25114352886493,58.37054570515951,62.05971631136807,40.615324540571734,72.03404152230041,85.35829690786508,112.38699568078874,139.12888577109888,69.31122737144356
1992-07-01,112.22388194157527,55.538082122802734,57.24220449274236,35.3588585901742,66.11009885187019,86.20136701143704,102.75646777863199,136.5332854421515,54.26716021637418
1992-08-01,106.40007899357722,57.02423731486003,42.56545847112482,36.045419326936354,68.84946431199165,74.60990318885216,93.85335394676696,101.33696104350842,52.39345493601329
1992-09-01,86.74964904785156,54.31690851847331,58.03576382723721,34.47466763583097,75.90094265872486,88.61173483041617,77.83539143014463,113.01996331465871,66.40729192477554
1992-10-01,58.4905587709867,55.13509750366211,59.23507517034357,32.893451536544646,57.10147700897635,72.86771627572867,77.2433747636511,103.05625513980263,54.6057800748455
1992-11-01,64.18784948495718,53.74338150024414,61.38882723721591,34.824340512054135,45.29132581736943,79.03011028583234,117.5864524029671,89.8194664403012,51.700927962118115
1992-12-01,61.690990741436295,45.89426040649414,44.85644947398792,39.7503978074199,23.289317300874895,54.08506026634803,109.85671510087684,48.050905528821446,25.95146520813899
1993-01-01,74.12911928617036,51.16199175516765,40.019056146795094,41.77437021274759,35.32822752652103,66.2541022667518,113.74565286839263,66.76057012457596,20.178219809460995
1993-02-01,80.06739249596228,76.48111343383789,39.55689343539151,43.14129761975221,25.625665220495772,44.45707614605243,99.75322155242272,70.43692940159848,21.08940437658509
1993-03-01,46.35947667635404,81.56037648518881,32.74750969626687,41.49201518357402,29.06227373097041,42.12657855107234,122.8828917158411,128.30319655568977,23.896903422341417
1993-04-01,70.00572498028095,94.11487579345703,37.1828911521218,39.19099749940814,36.49908614485231,43.10470360975999,136.55343562998672,131.67640284488076,39.93570697841359
1993-05-01,76.88069710364708,78.25120290120444,74.62929118763316,35.07875866360135,50.743108252956446,71.59916070791391,136.61562331179357,157.04567557887026,85.6488071270843
1993-06-01,103.25869780320387,78.04115931193034,49.95575991543856,36.80638399991122,69.68583930028628,65.6198501586914,122.42281487647524,146.27886320415297,70.06941838050956
1993-07-01,111.41089659470778,60.87831497192383,60.04400253295898,35.69383524885081,66.35352879354399,87.60267404409555,109.32178903133311,119.64569091796875,49.74001984098064
1993-08-01,110.09416580200195,63.54117075602214,56.42563039606267,35.79048002609099,67.18936031811857,82.97064854548528,89.2486166446767,119.6202930651213,52.79402661679396
1993-09-01,114.50862150925856,67.55674997965495,54.087715148925774,33.50076097430605,73.43902587890625,78.01165947547325,87.16864078602893,130.80880014519943,68.49436404100105
1993-10-01,84.00008128239558,72.49865849812826,44.57100781527432,37.952594564418604,58.129020586405716,81.70058177067683,102.69243767920962,96.65414910567434,55.31247836440357
1993-11-01,74.74776047926683,72.97505696614584,41.90815492109819,35.81293183143693,31.065444423727794,96.0213881272536,141.72934674202128,110.75355128238076,51.63972199852787
1993-12-01,52.35257148742676,64.64914957682292,50.78432083129882,36.9859329377762,19.27023717801865,66.01273463322566,114.47723064016789,83.404204719945,26.11858026305241
1994-01-01,49.9847228710468,76.80322647094727,37.81500729647549,37.90721893310547,25.159723464756798,62.51756961529071,113.86976850793718,72.45925602160003,11.85718579078788
1994-02-01,32.97141515291654,70.90133031209311,31.086451790549535,39.14675471758601,18.96202270298788,44.12921758798452,121.4803492769282,75.46681353920384,20.76573585396382
1994-03-01,62.396790431096,91.94779713948569,34.08216129649769,38.98922891327829,25.443440267484483,37.94896786029522,110.72411232806267,68.87378190693103,21.203574849598443
1994-04-01,56.40008999751164,90.79904556274414,39.94244488802823,35.97981809365629,31.3858398019451,51.64103141197791,135.25101681973072,108.36181640625,31.114874313126748
1994-05-01,77.00858482947716,97.12412516276042,37.43940179998224,36.84376225327001,46.469994113869866,54.37963192279522,155.60906592835772,120.69258438913445,54.71332037626807
1994-06-01,91.04284139779898,69.4489351908366,36.34989998557351,37.48743076517125,66.9338487598994,70.8675164442796,119.9928121363863,121.46861427708676,47.93090250954699
1994-07-01,101.95103425246019,54.85957463582357,49.55393357710405,35.515816043121646,63.067632178737696,76.83486938476562,97.48170730915476,112.15876529091283,43.26535979313637
1994-08-01,112.06042949969951,65.26395797729492,57.9709226434881,34.25725879091205,70.396742102218,78.73669404249925,94.94397589500915,120.34845854106702,47.96755776476504
1994-09-01,107.17509343073918,63.48613739013672,37.42712714455344,33.77740070073292,67.28491064620344,68.798094529372,85.05593157829122,105.21516297992908,62.19683405178696
1994-10-01,86.49079983051006,65.29710133870444,45.058607621626415,36.355860546381784,52.71114192596854,77.42847295907828,95.09062259755237,94.14590534410979,64.15810656191698
1994-11-01,66.58246700580304,61.34880065917969,41.89908634532581,33.33919313218858,35.89302742317931,71.91682962270883,121.97444996935256,113.66938540810033,59.74037398153276
1994-12-01,65.67908066969652,64.34908548990886,40.3363037109375,37.312108820134945,28.92845101552467,50.435667771559494,111.1236572265625,90.8427589818051,26.715073656679976
1995-01-01,58.61096382141113,69.14267857869467,40.2908671985973,38.26926645606455,28.176365159962277,42.558042819683365,82.39116262882314,94.99288860120271,15.330273357789906
1995-02-01,76.76481100229117,84.69845453898112,33.63589026711204,40.579208219894255,33.098116312941464,29.78524244748629,73.03285801664312,46.28664819817794,14.841866849073723
1995-03-01,61.009286000178406,95.30713399251303,30.805105729536574,38.4703395342586,25.572578221151275,37.315185253436745,112.89550294267372,59.792307803505345,24.874852308586462
1995-04-01,54.413791803213265,103.78153483072917,32.078363245183766,39.14192854756057,43.718933732542276,30.8842292198768,116.57233542584359,108.8001150833933,25.542299071354652
1995-05-01,74.09939399132361,104.04125213623047,35.89207215742631,39.57268878667042,41.02763607077403,37.240043053260216,133.66428131752826,120.11497899105674,48.937561262899365
1995-06-01,89.06949850229117,89.36692555745444,54.264701496471055,37.492831066401315,64.13547568125267,86.10550073476938,147.84870553523936,130.91095372250206,60.107717941056436
1995-07-01,116.51873221764197,63.751118977864586,55.13134696266867,33.84282275883839,71.96413327569832,98.77377289992113,123.67535854907747,137.47587705913344,58.499749027081386
1995-08-01,121.26399553739107,66.52732849121094,66.38379183682528,34.782482879330416,74.11682965004282,105.8583039503831,98.41671395809092,123.12870025634766,71.10679398721723
1995-09-01,109.46808594923753,69.97859319051108,55.14345862648703,35.45489841037326,70.28137102518997,84.43965911865234,94.11979025982797,105.48837561356393,68.5639167899516
1995-10-01,76.05796227088341,75.4889742533366,60.860098058527164,31.7118095629143,67.67779833649936,85.73720638568584,98.483049108627,83.56002506456878,73.36003887119577
1995-11-01,49.37622730548565,48.12143961588542,50.50733046098188,37.01189985178938,38.005564963980895,77.43467184213492,117.94582123452045,102.60487606650905,40.358879317098584
1995-12-01,67.76552200317383,64.6432113647461,32.68032160672274,39.5129271227904,40.03421313142123,56.54433323786809,107.13781803212268,86.4905507940995,28.033640847277283
1996-01-01,38.871097564697266,61.6413688659668,40.15900525179776,38.39800092909071,18.02542568886117,55.91254234313965,121.09306010794133,78.22887521041066,18.430254352626516
1996-02-01,53.87937839214618,68.78407160441081,37.6814079284668,38.58094070896958,20.22265865378184,50.480545484102684,128.9079706719581,115.2675327501799,25.403854028502504
1996-03-01,62.40199162409856,94.08313751220703,24.593722603537817,40.816409178454464,22.519806639788904,33.919462790855995,118.36372537815825,77.41069793701172,21.548766520485948
1996-04-01,35.795978399423454,103.18603515625,29.450382752852004,38.42661886504202,36.65349254869435,39.835794155414284,116.61516554812168,124.18926640560753,26.381062749606457
1996-05-01,83.54596358079176,100.10528564453125,48.568007729270235,37.15953826904297,53.18544988762842,63.63555468045748,156.60114694148936,126.42624503687809,65.71907498943271
1996-06-01,89.37118236835185,77.8249486287435,40.583520369096235,37.934020071318656,71.20987879086847,65.12671984159029,147.09722640666556,106.679283945184,55.085520957832905
1996-07-01,107.57153584406926,68.85091145833334,54.82924721457741,36.752829888854365,64.65034484863281,81.8388058589055,127.5077576332904,114.1942676744963,63.853813285258276
1996-08-01,111.11081196711613,56.375439961751304,57.8517723083496,33.93284961430714,67.4917560734161,87.94539524958684,95.78551434456034,107.79976091886822,57.28376018467234
1996-09-01,105.26999693650465,64.71340815226237,55.165235346013844,35.61327770502881,60.72413823375963,79.44654318002554,88.45969666825965,110.25015178479646,73.03527148801888
1996-10-01,72.46683560884915,56.397158304850265,51.95953369140624,32.31912478052004,54.49163358505458,85.3472562936636,96.04073382438497,106.87699568899055,69.35335415512768
1996-11-01,64.3949582026555,47.14115778605144,49.47687495838512,32.300565700338346,38.46791672380003,77.82649260300856,116.60707352009226,72.9741146689967,66.89462234724813
1996-12-01,58.78716982327975,43.93646876017253,49.67463926835493,38.73813706214982,27.202914512320742,72.11516453669621,97.98308839189247,76.03095707140471,33.80580446613369
1997-01-01,70.91354956993689,60.41067759195964,31.007822210138492,40.68367697975852,33.11866603485525,65.32911153940054,124.81981642702793,55.88680066560444,20.4214153005116
1997-02-01,61.47178869981032,39.61759567260742,53.99349906227805,36.62734176173355,23.45398158243258,90.0977794940655,143.70675594248672,88.02844599673622,28.355051866218222
1997-03-01,59.4274667593149,90.69738388061523,32.70037477666681,37.84086824667574,25.92246173179313,40.40409234853891,117.09704297654173,80.4967629282098,13.745882973742129
1997-04-01,37.526658865121696,81.83764139811198,33.927353945645415,43.67528395219283,45.44444149487639,32.339011705838715,116.39041494815908,120.38121474416633,25.58185805135698
1997-05-01,88.98168710561899,72.26173400878906,38.651915463534266,38.90060078014027,50.04296498755886,59.04436478248009,143.88000812936338,137.97541166606703,41.36307844475134
1997-06-01,102.75302300086388,52.42353439331055,49.225238453258164,39.18159947250829,66.01574518909193,81.11816552969125,101.2822577293883,149.59590309544615,64.28734508912954
1997-07-01,105.86456885704627,51.10878308614095,52.19866665926846,34.65616438123915,68.17227193754013,87.88390526404747,94.40892807980802,153.71706109297904,57.665303927748944
1997-08-01,113.83361082810622,58.008785247802734,47.527295892888844,35.335976186424794,62.3648708813811,89.02609164898212,80.27402187915558,141.90709967362253,53.2783337493441
1997-09-01,98.69787509624774,52.7858320871989,62.52966100519353,34.23748401680378,76.40017679292862,87.36629486083984,81.39414685837767,180.3607137579667,65.58028833190006
1997-10-01,83.69219119732196,58.494745890299484,55.74904875321821,34.659545590179135,59.00340668142658,72.77687512911282,82.40642141788564,158.08040217349404,65.07996516441231
1997-11-01,53.70287895202637,61.084238688151046,47.61853824962269,38.90117298473012,57.41831113214362,79.72648327167218,116.76082205265126,169.34274372301604,44.35913883038421
1997-12-01,45.827909616323616,60.20242055257162,27.305194681340996,39.75110487504439,26.390227226361837,35.54945358863244,96.69997844290226,122.45573746530633,17.218433209319613
1998-01-01,61.99067189143254,69.67377344767253,44.606025002219454,39.64983044248639,33.10503763695286,66.55033551729642,101.83286463960688,99.9506297864412,21.748702205828764
1998-02-01,44.209326230562645,50.79991976420085,38.92260204661976,42.840772686582625,19.6676933602111,22.54387782170222,83.97646964864528,141.43671738473992,17.81873275984579
1998-03-01,55.03151233379657,87.30364481608073,38.05082321166992,40.29771246091284,27.02074704104907,38.340135721059944,113.31481121956034,138.16008316843133,27.81811614534748
1998-04-01,58.935191081120415,99.93889490763347,44.73396127874201,36.48648502850774,17.555768522497726,49.41662274874174,150.2538965103474,177.69719174033716,35.0632083949758
1998-05-01,88.97852530846228,86.53701146443686,54.968606775457204,42.06862208819148,32.55543643481111,59.47166956388033,135.1871409314744,152.2383539300216,57.15144712533523
1998-06-01,100.57237331683818,76.00151062011719,46.690349578857415,35.09088574033795,57.16776913159514,78.51895552415114,125.82541932450965,172.54773190146997,69.64509878585588
1998-07-01,111.56754860511192,57.537384033203125,55.94739046963778,34.176308217674794,71.22801689252462,82.44984700129582,110.19537093791557,151.65380176744964,53.68717250539295
1998-08-01,105.87143531212439,53.06910514831543,66.46156657825816,35.10521975430575,73.21953446897741,93.2301301222581,101.82133126766124,140.54431915283203,64.95447870510728
1998-09-01,112.83134313730093,62.505505879720054,56.47358460859819,34.517295914466935,83.17965154778467,74.64959071232722,82.53773628397191,151.5650197079307,63.06556018430795
1998-10-01,65.99834882296048,56.79654439290365,48.35643421519886,29.436084477588384,68.55722714776863,83.52525417621318,92.83326331605303,101.78516789486534,74.6567171011398
1998-11-01,68.24470666738657,55.45173645019531,45.39716547185724,31.88626549460671,41.241324437807684,87.35287006084735,121.212289688435,89.10360838237561,53.26207289055212
1998-12-01,67.73840830876277,55.108801523844406,49.27215229381214,33.20546294703628,20.339375326078233,87.13335624107947,122.73863122818318,99.81279875102796,50.60838158450909
1999-01-01,54.10495904775766,74.73517735799155,23.451821587302465,36.26433574792111,19.642013393036308,63.098085843599755,138.39190868621176,80.39085488570363,17.799956762968602
1999-02-01,58.61055300785945,88.43338012695312,28.973048817027696,37.03238362013692,22.91057534413795,54.783087510329025,131.64603050718918,106.69492420397306,31.456400743171347
1999-03-01,52.899206601656395,93.58705520629883,26.416667591441758,35.96546674015546,23.21602024444162,30.179342856773964,101.92497740400599,119.35116617303146,23.010209781020432
1999-04-01,63.62175574669471,98.494078318278,38.685509074818,38.59249461780895,31.06775153173159,41.50508367098295,130.21108749064993,133.9510666696649,39.11982579017753
1999-05-01,58.918861242441025,105.23618698120117,47.144796198064626,35.838425761521464,45.61714799436805,36.23950664813702,130.03563576556266,149.0611528095446,53.32516912204116
1999-06-01,96.78173065185547,95.58091481526694,61.29633990201083,37.47511006364919,76.97325928570473,69.3708273080679,138.9534483564661,144.36126508210833,62.05673217773437
1999-07-01,109.22177388117863,71.24155044555664,63.586913022128016,32.973482151224154,69.02696792393515,84.6526366013747,118.67604357130985,107.4031528673674,55.0494407539937
1999-08-01,118.63567645733173,71.88418706258139,67.80997883189808,35.16029974426886,72.89579208583048,93.22717373187724,122.26547078883395,117.80900453266345,60.252135547239384
1999-09-01,106.62409709050105,63.34907531738281,63.13622561368075,33.305990816366794,74.81746934864618,80.07847712590144,95.66492121270363,134.4493966353567,70.39691868113047
1999-10-01,76.78063465998723,55.209312438964844,53.417292508212,30.096631098275232,65.00106184449915,88.92390911395732,102.459716796875,108.66831729286595,77.23087481598355
1999-11-01,66.25658181997446,55.89698155721029,59.148028980601914,28.888639777597756,33.25052391992856,83.37542460514949,97.4043663511885,69.16606802689401,60.278138118003724
1999-12-01,63.02658227773813,53.142617543538414,49.508970434015446,31.218711775962753,25.933315329355736,89.16289256169246,111.862206966319,79.63062587537263,32.71902283625816
2000-01-01,77.18954086303711,71.1521085103353,36.49608612060547,34.185058902008365,12.987481731258027,80.24904544536884,127.46202996436587,75.31149512843082,18.06444765916511
2000-02-01,69.36444502610426,67.55416870117188,28.808992559259586,37.40152301210345,17.652092241261105,46.689811119666466,114.24595447296792,87.58417430676911,20.630768163880305
2000-03-01,41.26647802499624,70.93310038248698,34.2666331204501,37.38247842499704,27.20381854331657,52.02037737919734,125.89341021598655,109.44429698743318,25.32988306301743
2000-04-01,74.35257251446063,94.26074345906576,32.38197846846147,38.77385842679727,23.488901739251123,46.746518061711235,152.24484382791724,145.4363873130397,22.350171786635666
2000-05-01,83.78503506000224,91.4902432759603,34.555471593683414,34.92637788406526,52.62841002581871,50.86848185612605,155.68389892578125,174.70741271972656,55.09000749730352
2000-06-01,89.64247336754431,73.90911102294922,45.83384080366655,34.22145265521425,71.54780871247593,75.24203520554762,129.82986937177944,134.86813996967516,52.363096778072524
2000-07-01,106.5522340627817,58.22946548461914,55.42463302612304,32.52833973277699,54.33940626170537,79.53174297626202,115.30439498576713,119.47582646420128,48.044956264211166
2000-08-01,106.28511722271259,44.461612701416016,68.92577431418678,36.36050561461786,66.09358591576145,88.7385735144982,78.36745241855054,118.28730733771073,54.48851514218458
2000-09-01,100.6164183983436,59.3406613667806,63.686095151034266,33.6773997605449,73.06571333375696,95.04323372474083,92.12176546137384,160.2703194869192,71.85753779624825
2000-10-01,83.54053497314453,63.789621988932296,46.04456121271306,32.40183820628157,45.66242792834974,78.61341329721304,102.98350719695397,107.15080060456928,60.39735594792152
2000-11-01,57.166899167574364,47.17069307963054,41.52017940174449,36.1684991855814,30.241710192536654,91.99426357562724,112.089903811191,77.68620942768298,43.69409475753556
2000-12-01,61.35216126075157,65.36182403564453,30.191053910688918,37.69923701430812,34.33317680881448,41.66360268226037,107.85807345775848,82.8432886224044,28.405360321500407
2001-01-01,32.31667005098783,67.92493184407553,28.229814876209602,37.61453917532256,24.784210936663904,32.70883926978478,114.24455845609624,111.78230486418072,14.193559048780754
2001-02-01,65.13828864464392,73.22648366292319,35.90613972056995,39.33323946866122,22.164522458429207,69.90340306208684,111.10931558811919,90.20742115221526,21.3405367153794
2001-03-01,31.733028705303486,81.18186314900717,27.23642002452503,40.75824853145715,23.80489715158123,32.472804876474235,110.8192930830286,109.91134643554688,21.251197359455166
2001-04-01,55.4297557243934,102.96188354492188,27.541151046752926,33.563745864714036,23.756779709907427,45.205255655141976,128.12524349131485,127.17935662520559,27.14970716789587
2001-05-01,81.69023807232196,95.34401575724284,36.679469888860524,37.240282694498696,54.84607121715807,44.25892096299391,140.57433757376165,139.41139421964945,47.096357772599404
2001-06-01,102.88116014920747,93.56992721557617,43.14390702681108,33.71977179941505,66.38649195840914,65.54263188288762,134.8033661537982,124.95561900891755,47.5180412406352
2001-07-01,103.53575486403246,63.704706827799484,56.44178043712269,36.76440306384154,66.94817738990261,75.65255531897911,115.06918237564412,119.12792607357628,51.66977270325618
2001-08-01,102.74526155911958,58.03288777669271,57.78547633777965,35.813514632408065,65.56020240261131,96.12991626446063,99.4744321133228,86.08126389352898,54.10055473669251
2001-09-01,104.58188423743614,59.267635345458984,67.84435965798117,35.293875800238716,73.72545738742777,88.27946002666766,95.17411576940658,118.73054504394531,58.88680984724813
2001-10-01,64.9571418762207,54.330081939697266,57.809918143532485,33.10301038953993,60.27494979231325,100.61371876643254,85.85502949166806,68.76662906847503,65.69960864622202
2001-11-01,63.61741286057692,46.11850102742513,56.519218791614875,32.05363148390645,33.76768190566808,64.00845601008488,93.57420738707198,105.66977450722142,55.738688226956036
2001-12-01,80.31076284555289,52.59281794230144,47.63720425692471,38.61798373135653,36.653777344586096,69.77949142456055,114.91987350139213,69.9041768124229,50.84783070123017
2002-01-01,65.55340106670673,75.12530644734701,33.98126255382191,41.45619941480232,25.48793374675594,37.945105479313774,99.49745015895114,84.12440450567948,20.200591300850483
2002-02-01,67.841676565317,65.56827545166016,35.178945714777164,35.43842874392114,31.04935998785986,45.9783700796274,127.33424572234459,103.37955073306435,16.786788826558126
2002-03-01,60.56174131540151,93.34371566772461,36.72379927201704,38.46859594788214,18.730437918885112,68.62930151132437,124.86328774310174,80.2346480520148,26.62892128104594
2002-04-01,72.68254940326398,105.4119364420573,37.16334776444868,36.599958785856614,24.74378820968001,50.092102931096,139.79302264274435,125.57224474455181,36.646731931771804
2002-05-01,81.09381749079778,88.90336990356445,46.89102693037553,36.65392711909131,44.20855273939159,59.116612947904144,145.78501924555354,121.89807891845703,57.57568131631879
2002-06-01,99.36343706571138,83.85529200236003,55.44918927279385,37.86068155307962,72.30510450389288,70.61213713425856,142.57288182035407,123.12185387862355,62.171235725061216
2002-07-01,115.75250625610352,60.03593444824219,57.81021638350053,35.745913572985714,69.25225976395281,86.69553169837364,116.97914448190244,106.8855787578382,48.790735273218864
2002-08-01,111.78153111384465,56.004231770833336,52.31397108598188,32.53285379120798,68.1947316208931,81.40408442570613,94.2612018991024,103.66494028191818,50.287121445385374
2002-09-01,103.67671526395357,55.63733418782552,75.50737554376775,34.87732049190637,79.33911885300728,92.62705582838792,76.40722558853474,108.50109301115337,69.62038865729943
2002-10-01,81.40570567204402,70.08708318074545,45.718558918346055,37.2566049749201,56.87032725713024,84.56090780404898,96.85362146255818,115.67387831838508,67.67079936924264
2002-11-01,54.467762433565575,64.7053591410319,41.693982211026274,35.13603884764392,41.68987535450557,79.44473853478064,124.44307854835024,136.49093226382607,45.01690081696012
2002-12-01,57.74851578932542,72.81538645426433,36.86408996582031,37.999309193004265,28.57193358956951,39.16683930617112,116.56398367374501,110.94467765406559,19.78021166217861
2003-01-01,54.697183462289665,78.45845540364584,32.33982693065296,37.70883348253038,32.78611849432122,27.75097810305082,66.97330474853516,84.55209230121814,13.068479566431757
2003-02-01,65.53782683152419,80.94588597615561,25.705374804410067,44.1122247715189,22.104976601796608,35.561869694636414,97.0021349318484,81.03212055407073,14.448795033924615
2003-03-01,27.976058079646183,86.35756174723308,32.52053694291548,41.82202695596098,23.52406488705988,29.14920220008263,103.56715587859459,113.59005978232936,16.5507672437981
2003-04-01,56.985117838932915,101.0242525736491,34.40869244662198,38.35181611956972,37.89827007136933,51.36772669278658,138.158270653258,98.51277000025699,35.835969270165286
2003-05-01,79.90224544818585,85.87972005208334,40.18824664029208,38.647281762325406,48.013629652049445,65.05293479332556,150.8496548267121,125.85635938142475,53.68579465951492
2003-06-01,106.85877433189978,75.33540089925131,49.03194254094904,38.49387506041864,74.5029188182256,73.04607538076547,126.87072753906251,138.4303143149928,66.07806077644005
2003-07-01,111.5632203909067,56.53834660847982,59.12617249922319,39.08679075915404,65.10045822352579,92.77635721059946,114.72486942372424,110.85807398745888,54.192654054556314
2003-08-01,115.57799119215744,60.582078297932945,65.9929171475497,36.26775645246409,71.75553204262094,88.13010729276216,103.15586658234292,83.37560452912983,58.523138245539876
2003-09-01,114.69469804030197,83.953488667806,64.05388571999289,33.86081926750414,74.77569580078125,85.16218478863055,110.04931673090509,93.26644696687397,63.3445284259853
2003-10-01,85.64826525174654,66.65385564168295,67.03065698797052,34.669064993810174,63.397739358144264,85.66392751840445,103.60050607234874,93.75139537610505,68.19467686895113
2003-11-01,60.07335002605731,75.17948150634766,40.3161655772816,33.07796247077711,42.505449791477155,78.59303401066707,117.18927748659824,107.35194557591488,64.95495127208197
2003-12-01,58.14839143019456,76.7365582784017,49.609068090265446,35.76053368924844,29.24333337235124,57.66178277822641,108.263454031437,117.44506233616879,38.54117607002827
2004-01-01,64.73165658804086,85.07587432861328,29.970546202226117,41.058172360815185,28.305241832994437,37.59666956388033,81.31343760388964,48.54996831793534,15.54812957991415
2004-02-01,56.66837325462928,81.48626327514648,27.886594425548203,42.368690413658065,25.677861252876177,31.217145919799805,104.81215943681434,102.14084826017681,12.843492137852
2004-03-01,48.53654274573693,81.1345926920573,25.604652057994493,35.95992675935379,29.31028130936296,33.14962753882775,122.98120539239113,97.83117394698293,20.79227646784996
2004-04-01,73.81023993858923,91.5802001953125,49.431783502752126,34.61167402941771,40.91791388106673,49.54696435194749,133.7433510638298,111.23322938617908,42.53380618878265
2004-05-01,70.5115611736591,83.27731450398764,56.786391518332735,35.95940561005563,53.21635938670537,74.98629643366887,152.78834890812,109.75008512798108,72.71398288100512
2004-06-01,93.88952255249023,74.93694305419922,45.91210451993075,39.93846816245956,70.37266247893034,78.83285375741812,127.03567667210356,118.72282530132092,61.360453135931664
2004-07-01,112.8952173086313,57.09191004435222,59.23337416215376,37.47687098955867,67.9133271517819,86.59641559307391,112.70030407195397,110.97655045358758,59.83306543150944
2004-08-01,106.70564358051006,71.10359191894531,54.38576264814897,37.68869072499901,68.63293059884685,85.90024801400992,98.35691249116938,103.92601615504215,51.0718502215485
2004-09-01,93.40661122248723,90.39429982503256,72.40212527188388,32.41799961436879,69.80414194603489,91.33582481971153,105.53415988353973,119.10538924367805,66.57300351270989
2004-10-01,60.54874566885141,71.21596654256186,71.57541795210405,36.71724724047112,52.040842134658604,90.72147516103891,108.958800295566,98.55110770777652,69.64099371611182
2004-11-01,68.66350173950195,66.47760391235352,57.505116896195844,35.380331675211586,26.707816450563197,76.27268571120042,107.04149286797707,94.98210706208882,57.78190271178288
2004-12-01,71.90518012413611,62.49272028605144,56.00166840986772,33.74339594985499,31.701257784072666,103.49297890296349,98.95711858221826,79.97062582718698,32.41682194951755
2005-01-01,71.94285759559044,64.87929662068686,38.00525318492542,35.66495336667456,18.162249212395654,75.38383190448468,116.98105994691241,66.26747532894737,36.964151752528856
2005-02-01,77.48615558330829,79.07711664835612,36.29286852749911,41.12842829540522,26.390441476482234,47.959280014038086,112.17545042646692,45.33062483135023,15.282421681418347
2005-03-01,28.469700079697827,84.67706680297852,34.25425009293989,43.705957586115055,42.92672562272581,17.9824187205388,111.47913019707863,146.06035132157174,19.044561528447847
2005-04-01,57.63105612534743,99.17680740356445,39.30202657526189,39.22115287395439,33.548929919935254,44.26916929391714,148.13461303710938,129.65940174303557,32.524649776629545
2005-05-01,80.43532004723181,77.62545267740886,71.37676585804331,37.94595737649937,48.136666702897585,59.71119220440204,144.71222897793385,125.0402852108604,73.16483454917794
2005-06-01,104.99015221228966,68.15720876057944,58.22069861672141,36.1405863906398,71.60341968275097,86.84099637545071,126.60795171210107,136.10572814941406,79.17589785447761
2005-07-01,104.75021509023813,57.060546875,71.07636191628195,38.4724067919182,72.08425443466396,96.68171955988957,119.18962356892038,113.66303092554996,67.0042635789558
2005-08-01,109.31185208834134,58.18835576375326,67.39106611772017,38.40309875180023,77.49547043891802,91.45802717942458,106.57179000529838,118.38047629908512,66.24024234600921
2005-09-01,95.54072893582857,60.422375996907554,62.25541201504794,29.513604713208746,72.32470577710295,87.68510818481445,95.10644953301613,100.95329284667969,66.93993753461694
2005-10-01,80.54828643798828,75.0778897603353,61.56567313454367,32.81874801173355,58.55772985170965,91.8077909029447,108.47633848799036,87.8576680233604,81.71001832876632
2005-11-01,67.16266045203575,58.216775258382164,64.07899336381392,31.56265297321358,39.296244268548,95.70548717792217,112.72933635305851,89.46719922517475,53.42322392250175
2005-12-01,73.51290629460262,55.1750373840332,48.65625381469726,37.73590434681286,32.23036152042755,68.30719434298001,121.67216361837185,105.41664926629318,23.878110344730207
2006-01-01,74.78008270263672,78.61788431803386,28.86938615278764,36.676348098600755,33.29061482050648,88.6725719158466,139.8444155429272,99.16030482241982,27.64990222987844
2006-02-01,69.65385583730844,88.3434549967448,34.02295199307528,41.30361152417732,24.127806049503693,46.20480537414551,110.84688876537567,96.39087476228413,16.626773663421176
2006-03-01,45.20900432880108,85.95870971679688,23.319748098200016,38.21026484171549,21.018533837305355,31.906832181490383,121.29321808510639,77.98196892989309,26.18072566701405
2006-04-01,45.524556820209206,86.39323552449545,32.71328579295765,36.38498229209823,24.3782931811189,33.21491754972018,140.3072438341506,113.11485892847965,31.928429674746383
2006-05-01,70.83165828998273,104.12490208943686,35.63368103720925,38.19903749408144,59.54156117896511,34.31947414691631,143.1379439982962,122.9979063335218,45.04990079509678
2006-06-01,90.37646513718825,95.68490982055664,49.95808167891069,37.382410993479716,69.50085261096693,75.15239715576172,153.10082942881485,129.848229257684,62.886149847685395
2006-07-01,104.31433457594652,70.4472541809082,48.61193223433061,35.2393930608576,74.72047152584547,85.68371259249173,128.32351846897856,124.04892570094059,63.4037302501166
2006-08-01,119.55603819627028,53.01074028015137,65.62340476296164,35.97776432230015,71.29873510909407,90.40294060340294,88.03965791742853,101.6725038227282,58.75923953839202
2006-09-01,107.81254401573767,74.0722401936849,66.56333576549183,33.886581960350576,69.83445572526487,86.74026635976938,78.00120901554189,128.5657481143349,58.49478992063607
2006-10-01,76.89482615544246,62.20553080240886,49.66260043057528,35.85643768310547,63.32755415406946,95.87804354154146,101.774256280128,110.71256336412931,70.81101260968109
2006-11-01,45.80722955557016,51.924285888671875,56.80968718095259,35.46520098291262,46.38729879300888,78.81873937753531,126.6850897606383,124.20962484259354,50.84343525900769
2006-12-01,58.40196976294884,61.01398468017578,46.298888813365586,33.874896078398734,35.75458004050059,60.593491334181564,118.15377093375999,109.1378462942023,35.67482677858267
2007-01-01,56.64682388305664,57.55605697631836,48.4077956459739,38.53629141142874,25.737558652276864,67.17730302077074,102.07886391497674,107.98459304006477,23.75668625333416
2007-02-01,51.8836131462684,70.93362808227539,34.51002814553001,42.46981071703362,23.80297935172303,40.81462346590482,77.22236957955869,66.54999381617496,10.358922161273101
2007-03-01,66.92525423490083,89.33706919352214,35.52892511541193,38.603730635209516,23.677444458007812,38.21351344768817,128.8675998119598,123.8608109323602,30.728491028743
2007-04-01,63.512721428504356,105.48103332519531,39.96295928955078,39.44852809713345,36.80390135882652,38.5741270505465,136.08977135191574,146.2275555259303,33.99300931104973
2007-05-01,77.4643457852877,102.5942866007487,46.8524187261408,35.20779657845545,53.37080236983626,55.99999060997596,150.39765378262135,129.33686908922698,63.76862597109666
2007-06-01,91.12343421349158,74.65768178304037,43.773864399303086,38.58396742078993,69.98101325884258,65.99203256460336,137.48222513401763,130.45815919574937,57.920159866560745
2007-07-01,113.45125345083383,76.5037727355957,58.389181657270946,37.35730527627348,69.01555518581443,87.81701601468599,113.49626094736952,92.26051129792866,51.9706213652198
2007-08-01,118.24571902935321,58.02895863850912,60.092522014271125,33.97300411956479,72.37466263444456,95.23264811589168,107.79152728141624,137.30614310816713,65.68986124067163
2007-09-01,103.20334067711462,84.976806640625,61.097786643288345,33.6097139300722,74.9178794965352,96.73982033362755,103.92239347417305,110.25254098992599,67.56833773940356
2007-10-01,71.91388790424054,84.12494659423828,57.31949719515713,30.74901657875138,67.83744602987211,80.02281922560472,120.83878212786736,101.69267152485095,82.81451552661497
2007-11-01,58.295862491314224,70.8204205830892,51.40833247791637,35.56625674469302,33.76201734150926,84.632081251878,119.77724927536985,109.3450245104338,52.3416490697149
2007-12-01,54.68335151672363,61.65603001912435,42.29053844105113,35.29878577800712,25.088971281704836,96.78733532245342,141.20299968313665,93.24328773900082,31.77662749788654
2008-01-01,67.11353155282828,73.10900370279948,46.13244663585316,36.89510461055871,24.452460302065496,86.22860541710486,117.58872498857215,47.05339230989155,18.32613162140348
2008-02-01,79.51806875375601,64.3671989440918,46.89696918834339,36.37953671542081,23.15829290102606,92.29910923884465,131.4587856860871,108.70504881206311,19.67978975666103
2008-03-01,42.35638838547926,91.53223037719727,30.365204377607864,36.000823974609375,24.51403892203553,37.76342685406024,111.75577691260806,125.97299876965974,16.666833678288246
2008-04-01,47.634264139028694,96.37550354003906,28.828276720913973,36.22927906537297,30.066581621561966,43.2030384357159,136.5965985237284,133.78125240928247,43.69263720156541
2008-05-01,68.1238761314979,107.99245198567709,39.69307119196111,40.84227976172861,45.582496956603165,51.15564052875225,143.92063871343086,153.7859464946546,46.59255867573752
2008-06-01,108.20512038010817,90.24974822998047,66.17901368574663,34.26282285439848,71.95884495565336,74.7720351585975,145.33196307243185,142.94884330347963,60.62645983340135
2008-07-01,113.9984130859375,74.58491643269858,71.35881250554864,35.75696270875257,76.1997693205533,84.2293959397536,127.69114717524103,158.36339247854133,56.134420366429566
2008-08-01,110.36224365234375,75.25510787963867,73.89806574041192,37.59788744377367,70.48558796921822,96.37736540574294,116.18481088191906,170.48715290270354,64.32068668194671
2008-09-01,104.54688439002403,83.63090515136719,59.06346061012961,36.992930402659404,76.77899190824326,87.92178080632137,105.18338629539977,142.29211305317125,73.44743529362465
2008-10-01,81.5780419569749,75.15806833902995,53.87830214066938,32.476229619498206,67.34117481806507,104.40925451425406,115.34968437032498,154.85253585012336,67.21068424965019
2008-11-01,64.28480881911058,53.854185740153,61.08774705366654,32.06993546148743,29.654129237344822,97.534546485314,118.6528226162525,129.7306361951326,59.0823728646805
2008-12-01,70.1700210571289,60.85175196329753,55.88688937100497,35.289036143909804,18.271549433878025,99.7233537527231,130.08749129924368,83.19774426912007,22.62842690766747
2009-01-01,49.029166881854714,80.85485458374023,31.362087943337176,36.744920171872536,25.95391730739646,59.10059121938852,128.43487516362617,103.59333439877159,25.558016193446825
2009-02-01,66.79277420043945,85.47316233317058,22.741351561112836,36.3517241044478,17.08071721743231,56.03303542503944,136.07536478245513,93.3022047344007,22.917613698475396
2009-03-01,68.45757411076472,93.48109563191733,28.566290248524055,38.504498414318974,15.865353362201011,36.49721512427697,120.1183724910655,65.23494218525134,29.150817643350628
2009-04-01,42.79348300053523,95.51475524902344,24.423151016235348,37.44911328710691,26.024146929179153,40.29537714444674,116.97202641913232,94.42106548108552,21.27775932425883
2009-05-01,71.98387292715219,99.51110204060873,45.41744405573064,38.75995019469598,50.3977266076493,35.379600524902344,105.58831235195728,134.1780511956466,70.79057835820895
2009-06-01,111.69264866755559,87.58181889851889,52.205472425981,41.38806275647096,70.42935515103275,62.97220083383413,136.85505643804024,117.40229757208573,67.9922815579087
2009-07-01,103.6134279691256,58.198610941569015,59.621235240589485,38.645303128945706,63.23697338365529,88.0040168762207,105.36787154826713,129.5368094193308,55.14087392323052
2009-08-01,114.09981067364032,61.4034907023112,67.13875857266513,34.1047653044113,65.84179499377943,101.30088512714092,87.62685897502494,146.89210590563323,54.30265967525653
2009-09-01,111.29302244919997,62.45692571004232,69.94589372114702,38.83838460902975,74.31001010006422,87.54490338839017,70.28966051466922,107.17322700902035,60.674120774909625
2009-10-01,81.76778646615836,61.82194391886394,52.641618902033024,35.29148390798858,57.54637522240208,85.96434226402869,104.8162987891664,120.39592140599301,62.127446416598644
2009-11-01,78.60595262967622,59.45143381754558,54.16159716519442,35.07263395521376,41.88247576151809,84.64262302105243,104.76910205597574,95.26878156160053,50.106914007841645
2009-12-01,66.46068279559796,62.92236963907878,38.86497150767933,42.19271149298157,34.57908107809825,45.56965094346266,101.43276782746011,82.64789079364978,23.67046555476402
2010-01-01,52.541853831364556,65.09151458740234,30.446259758689184,41.76964422669074,33.60386939897929,34.10185667184683,91.23856564785572,86.6448954532021,12.07317523102262
2010-02-01,38.66347899803748,58.13923517862956,43.17328019575639,45.0562120688082,46.975984965285214,26.271985127375675,81.19797402239861,117.8581338179739,28.46181499424265
2010-03-01,35.709260060237,70.66942850748698,36.250638094815336,40.08387170656763,33.1155829233666,26.10917274768536,104.49350235310007,142.78039430317125,29.196463058243936
2010-04-01,61.92183127770057,89.1846783955892,43.47235592928799,37.45517538051413,42.73712210459252,49.730051480806786,149.8488892900183,152.07875904284026,48.47607968458489
2010-05-01,95.55852596576396,97.88326263427734,40.910117409446016,34.93072240039556,44.812220743257704,60.78664339505709,157.57131373628658,146.72814419395044,65.70641247194204
2010-06-01,110.56033647977388,88.72489293416342,46.88404256647283,37.17881404992306,72.92963837924069,75.82764258751502,148.40242101791057,147.71047893323396,69.97569639291336
2010-07-01,109.61446028489333,69.80199813842773,66.02154645052822,36.0743320349491,82.43887914370184,98.7000612112192,139.6463597074468,154.0989825600072,70.39753358755539
2010-08-01,115.19740911630484,61.87434514363607,67.47534318403764,36.87559570929017,83.79581921721159,100.66026540902945,118.64961664727394,158.36912456311677,70.67210069343224
2010-09-01,110.4386696448693,79.10656611124675,55.22136341441761,28.76533354171599,74.7558541493873,104.62584128746619,111.87539607920546,139.69417371247943,74.11894727109083
2010-10-01,90.50260690542368,84.80496088663737,50.83379225297407,30.659088943943832,42.50141300567209,77.1585097679725,105.85767056079622,109.62085723876953,67.57388328438374
2010-11-01,55.89507176325871,74.7914187113444,44.94186748157848,31.53427875403202,30.278550762019744,92.47082196749173,129.07481092087767,126.80700201737253,56.843919896367765
2010-12-01,49.97715950012207,55.72521209716797,37.211938337846235,39.97322140317975,18.934721489475198,52.05007699819711,122.22029503355635,107.71488390470806,48.155536936290225
2011-01-01,75.79493889441856,83.15755844116211,28.951409946788438,42.94802540480489,31.14980410223138,35.01000771155724,105.69232372527428,88.85400671707956,20.34598962584538
2011-02-01,33.89128171480619,87.62456893920898,28.470123464410953,36.52209079626835,18.38761813020053,51.0346926175631,123.36744754872424,65.86658076236122,30.05103495583605
2011-03-01,60.27274131774902,87.97993977864584,27.72612138227983,38.43558340361624,19.718573844596133,46.09519518338717,141.88673952792553,98.34658974095395,29.111534801881703
2011-04-01,59.510605151836685,103.46977869669597,35.69644581187855,37.587478907421385,24.05948377635381,35.750282727755035,136.79770611702128,166.21131896972656,40.79106174298187
2011-05-01,75.42967429527869,88.56902440388998,69.9572164362127,37.41090369947029,37.95161051292942,46.92371441767766,148.62218004591924,141.21767345227693,73.91998518758744
2011-06-01,106.99363855215219,76.85470581054688,63.04837660356001,36.70380332253196,73.58479957058006,76.52062636155348,134.02482702376994,137.91317186857523,76.70171367588327
2011-07-01,116.12066122201773,54.28096135457357,55.11580900712446,36.40180838228476,78.25616810419788,86.06737576998196,112.76087659470579,147.8994469893606,71.50860117442572
2011-08-01,116.59002304077148,58.3791987101237,71.04508833451705,38.45022760256372,70.05734900905662,95.50120280339168,87.80017609291889,99.21953301680715,67.32328614192222
2011-09-01,101.61839265089769,84.22110239664714,71.98314666748047,37.88455809005583,73.89105705365743,93.77751717200645,108.14802291545463,130.1984987760845,73.63690048901002
2011-10-01,83.33045519315279,75.96700032552084,60.36777843128551,33.3687252468533,61.78203216970783,94.18760446401743,113.43645136407082,95.0074547215512,66.15798153094391
2011-11-01,61.67744123018705,61.30455652872722,49.93915384465998,32.08420397055269,29.00187087385622,87.02019911545973,135.44443008747507,101.34281359220806,69.20255404799731
2011-12-01,62.43305206298828,41.54549280802409,56.94252881136807,31.383587615658538,21.841792537741465,90.74671085064227,112.52262845952461,98.1393814086914,42.023362686384964
2012-01-01,74.05392573429988,55.96463521321615,46.82679436423562,38.241388340189,30.172672010447883,75.40327952458308,133.15419136209692,109.01597675524259,15.990049447586287
2012-02-01,82.32627281775841,91.88812255859375,37.52451809969815,40.42700950545494,45.58806745973352,55.22242326002854,127.06013943286654,144.5173464323345,21.413275021225658
2012-03-01,70.16919209406926,79.83343760172527,50.7384595003995,36.91554791999586,22.702136105054045,68.64819159874548,123.18899276408744,96.60153639943977,39.95644583630917
2012-04-01,84.67943484966571,96.57062530517578,49.42764108831232,37.835758864277544,38.92590248421447,61.00936669569749,149.63354557118518,152.5346454821135,54.4760518999242
2012-05-01,71.79614580594576,89.29361979166667,61.945589238947086,39.624198759445036,57.323868633949594,64.49317198533278,138.15109577584775,173.10359352513365,65.43802289820428
2012-06-01,104.53795653123122,77.99325942993164,49.70839933915571,38.77890037767815,75.12135962917381,67.18144050011267,114.39804726458611,142.41081037019427,57.04173757069146
2012-07-01,113.22829173161433,55.6352424621582,68.31120924516158,38.03234870987709,71.26377576018034,85.22341067974384,103.81964825569315,122.9791239688271,51.3758018835267
2012-08-01,110.05185200617863,52.72382736206055,76.72829367897727,40.74680829288984,75.74962981759685,96.63322888887845,104.66968455213183,127.29930877685547,69.56729034879314
2012-09-01,109.73422710712138,83.95888010660808,50.84030844948508,34.22066466976898,67.70448031490797,81.75528599665715,101.38651259402012,104.93182132118626,60.09378006209188
2012-10-01,84.00987478402945,78.4571901957194,59.77319717407226,34.17526495577109,53.46662442978114,92.14038115281325,97.70578424981301,98.04139388234992,76.5578198788771
2012-11-01,65.88196387657752,53.200537363688156,61.0073540427468,34.76972194633099,37.583500065215645,83.3041264460637,96.15771516840509,123.89209144993832,49.295556367333255
2012-12-01,47.95795220595139,70.08747736612956,39.17623866688121,39.269539804169625,23.55404945269023,65.20847907433142,123.73542785644531,99.70221268503289,35.31357210073898
2013-01-01,63.4220343369704,75.52654266357422,35.52630684592507,34.97159938619595,25.695442826780553,41.575468503511864,79.53432773021942,51.49588333932977,8.764854829702804
2013-02-01,53.7293397463285,79.3554178873698,34.527723138982594,39.031138564601086,22.174623567764073,54.21313505906325,144.65215155418883,112.58459593120374,16.144183144640564
2013-03-01,40.09625728313739,93.7713623046875,26.904412182894617,43.551861156116836,39.04202866227659,26.571040887099045,116.45605209025932,126.19985279284025,27.388350643328764
2013-04-01,42.735136472261864,94.65912501017253,41.07196461070667,38.74217524672999,34.27661477702938,62.566639826847954,135.63315208922043,118.11012468839947,34.397461165243115
2013-05-01,79.50507677518404,97.73722330729167,56.80439342151988,38.101383170696224,51.493939961472606,57.30326359088604,151.7351678077211,143.57744518079255,66.17901360810693
2013-06-01,106.20307922363281,72.26899464925131,52.504638325084336,35.920162393589216,71.89367111415079,69.22253095186673,122.24785825039478,110.97440217670642,66.6785453682515
2013-07-01,111.78157512958232,61.064917246500656,68.63824324174361,38.08492602724017,73.60344455666738,85.10004923893855,118.09494343209775,110.33272994192023,52.49886014568271
2013-08-01,115.54066584660457,57.540442148844406,57.09711768410422,37.029347275242664,73.90532820192102,91.64758828970102,110.97535478307846,111.04380958958676,60.02984687463561
2013-09-01,107.52782088059645,67.56423314412436,62.08557128906249,35.22451092498471,82.39249660544199,84.28092369666466,100.53234506160655,111.08520909359581,68.15801592015508
2013-10-01,88.6601081261268,60.8833122253418,49.251417680220165,36.595544911394214,63.87995367180812,89.91984587449294,97.19503686783162,114.12209962543689,71.86610663115088
2013-11-01,73.13784085787259,67.22248713175456,55.169974240389735,36.218005478984175,56.20529488341449,78.4612068763146,122.706741982318,98.0677654868678,53.161905772650414
2013-12-01,58.44639631418081,49.4123109181722,39.8211704600941,37.93725774745749,32.46772713857155,67.67680828387921,127.08736987824136,90.98912289268092,39.29048225061217
2014-01-01,53.877137257502625,68.4882926940918,39.94098316539417,39.814895090430674,29.7282728430343,82.36207228440504,112.91538806671792,94.79352047568874,14.071702245456068
2014-02-01,37.80611478365385,74.06410217285156,28.050824945623223,40.1860343085395,19.027463050737772,68.97543393648587,132.26120319772275,83.86530625192742,23.720658715091535
2014-03-01,53.24053764343262,89.27049001057944,34.522535150701344,40.49865645591659,30.320494142297196,49.38021072974572,113.97033042096078,106.2403026380037,16.643105691938256
2014-04-01,45.92350079463078,93.53374481201172,40.24054267189719,39.213879903157554,34.07741180837971,47.85172389103816,131.34755885347408,133.70965656481292,29.82133609145435
2014-05-01,79.97016173142653,106.90105438232422,34.46298946033824,36.586185416789974,58.33113683413153,36.011505126953125,137.46467752659575,175.96216703716078,51.42544988375991
2014-06-01,99.41383508535532,82.67319997151694,52.6331294666637,38.67269573789655,80.56104999699005,57.71556267371544,133.04164156000667,151.26049644068667,59.529153624577305
2014-07-01,101.23167037963867,63.58598073323568,41.891378922895946,34.15771060519748,67.15094161360231,77.40069169264574,110.52134899382897,128.1674535650956,50.93659358238106
2014-08-01,115.0928203876202,56.62480036417644,69.02246128429066,35.421232743696734,70.9480494669039,88.76321499164287,94.64711940034907,142.6121059216951,61.77654551036322
2014-09-01,103.21907630333533,64.63879267374675,66.21502616188742,37.49482318608448,86.44554451720356,82.60793685913086,80.82798896951878,124.8322235910516,70.39709518204873
2014-10-01,73.3653948857234,67.21901575724284,60.18023404208096,32.958101985430474,66.68326495444938,104.94309938870943,114.59508043654422,134.137645520662,73.42432506048857
2014-11-01,60.14156708350548,63.62608591715495,41.82772029529918,37.648306952582466,40.296392571436215,83.98269506601187,119.62165832519531,105.0418452212685,54.427331952906364
2014-12-01,66.70794120201697,53.09520721435547,60.49686778675426,36.23248495236792,28.690683025203338,72.93605070847731,106.84014178336936,94.2747718409488,35.94727302665141
2015-01-01,86.64483290452223,67.62505213419597,39.73757830533114,37.271588258068974,29.1469155925594,85.00934747549204,119.67957679261553,91.70981959292763,20.4829913466724
2015-02-01,75.2528557410607,80.2859878540039,36.40997453169389,40.602865122785474,27.888052430871415,44.06755153949444,109.91007216433262,73.47260023418225,18.869651965240934
2015-03-01,59.09618597764235,80.90428034464519,28.808320652354844,39.969584917781326,25.546643505357718,58.077284005972054,134.79433262601813,90.97693593878495,18.854740484436945
2015-04-01,49.04959018413837,80.72283426920573,43.90834634954279,42.29923980404632,38.49625783423855,48.9594789651724,117.22865814858295,139.619275143272,31.283603497405547
2015-05-01,68.11206524188702,95.84712346394858,42.63501774181019,38.458246173280656,52.62939766661761,48.461543596707855,146.65973744493851,167.9942482396176,59.434520664499765
2015-06-01,95.47026707575871,79.3688456217448,65.26533300226384,38.626154504641136,75.9565431777745,74.65618573702298,138.89327353619515,162.6327313874897,57.47749556356401
2015-07-01,112.89193813617412,53.425820668538414,57.69736029885031,39.47912466646445,68.32010452061483,78.51041647104117,110.07657152541141,160.33706665039062,53.38511680489155
2015-08-01,117.62506778423602,52.41722106933594,63.93993724476207,37.860972471911495,67.64357579897528,86.00251858051006,87.82073487626745,140.9948750546104,47.58542188957556
2015-09-01,115.60635933509239,57.28703180948894,72.64818018132989,37.726594944192904,77.93814776694938,84.56944685715895,67.32977603344207,126.25370025634766,55.46235041831856
2015-10-01,96.36187920203575,69.90532557169597,49.22689784656871,37.81969860346631,59.682464599609375,92.50573378342848,95.75603566271194,155.30669563695005,70.88308761368936
2015-11-01,71.73806704007661,54.8672358194987,47.006643468683414,35.651033574884586,57.82529229987158,82.20742299006535,115.8193385347407,132.46911701403167,56.206165142913356
2015-12-01,64.95781678419847,59.86185073852539,41.60430214621804,37.616641112048214,37.097910005752354,59.78059401878944,105.1792712921792,119.8902732447574,39.598129044717815
2016-01-01,78.10841340285081,67.99882253011069,40.27272137728604,40.42398857347893,35.01283828526327,31.899169775155872,53.7879375701255,110.57166049354954,16.20754128071799
2016-02-01,57.22850286043607,73.81762822469076,49.371013641357415,36.69964954106495,25.15348408320179,63.10890637911283,122.70519987065742,96.97393116198087,18.85456683030769
2016-03-01,64.14157427274263,95.74029922485352,40.80352956598455,38.81692212037366,39.40175461442503,51.6412588266226,113.15838428253824,124.59145596152858,21.694734203281687
2016-04-01,69.91643905639648,82.81684239705405,61.63516131314364,35.78321957829023,40.839315440556774,51.657012792734,131.56824314847907,120.26322013453434,51.60082916715252
2016-05-01,84.68485612135667,91.85964584350586,42.110257582231,37.94074781013258,48.14859155106218,67.62380599975586,140.05195130693153,126.87805577328331,66.83842673230527
2016-06-01,100.11341388408954,79.00391260782878,42.50425165349787,35.367522576842646,78.99902552774508,71.58924249502329,131.70850226219665,139.9423699629934,63.48506301196653
2016-07-01,116.28712140596829,60.219739278157554,62.309613661332556,35.79972392380839,67.26438443954677,90.3974386361929,116.04465728110456,143.21829143323396,51.735277318242765
2016-08-01,112.25400337806114,72.6716168721517,63.13338539817116,38.936836550934146,73.67167538159514,89.78396195631761,104.29305218635722,89.7621656719007,58.915505480410445
2016-09-01,114.3559455871582,84.31293487548828,67.63856020840731,35.308094217319685,76.27659627836044,92.4872325016902,106.37645315616689,140.84029950593646,61.16747500291511
2016-10-01,82.4059192950909,74.4777806599935,60.5002177845348,31.924923020179826,57.01979545697774,99.19957381028395,110.0907102544257,102.02034398129112,78.59710579487815
2016-11-01,91.08943205613356,56.33848190307617,67.9663814197887,33.2497962797531,42.457295770514506,95.17271335308368,108.78152238561752,75.8698864987022,71.85649587147272
2016-12-01,66.94255975576547,68.63762537638347,43.37867910211736,38.34504406861585,29.912365952583208,92.523376758282,140.27086623171544,103.0203568307977,35.33472089625116
2017-01-01,57.706532111534706,80.83996454874675,41.63866563276811,41.413339942392675,15.019444243548667,77.73695725661058,136.4576948449967,75.01596651579204,18.77009548358063
2017-02-01,50.28898532573993,88.83099873860678,22.527113394303754,37.290629955253216,15.506635953302252,43.4451726766733,138.1908173256732,90.04346947920949,17.744838657663827
2017-03-01,70.13688454261192,79.8711649576823,45.47653198242187,37.22282371135673,24.234358905112906,56.56044299785907,133.44242014783495,106.04251058478104,31.47713390748892
2017-04-01,52.186353390033425,93.90888849894206,42.84482088955966,35.48844944347035,32.0905816065122,52.68860963674692,135.42978002669963,135.42103014494242,46.483982143117416
2017-05-01,97.96463159414438,94.18777465820312,50.29924566095525,36.224133077293935,51.522064208984375,63.19715059720553,136.92427290246843,168.19619630512437,64.09072875976562
2017-06-01,98.74221361600435,89.14429982503256,46.92998019131747,37.90659278330177,74.96099080124947,79.9589230464055,150.60648816697142,147.52327768426193,60.202254110307834
2017-07-01,116.64860798762395,69.18080647786459,59.76180336692116,34.10507741600576,71.50881519056347,94.58981293898363,127.49148429708279,124.2306157162315,56.15116517935226
2017-08-01,114.53468616192157,63.90419006347656,75.12978640469638,38.08522850576073,72.97046609120827,97.25640370295598,81.57988203332779,125.92730271188836,61.71281159813724
2017-09-01,97.92542090782752,69.7321383158366,62.30050520463423,33.76840726293699,76.28660332666685,95.82529067993164,114.79762462859459,114.73359559711658,79.06523747230644
2017-10-01,63.15725766695463,68.15187454223633,65.97226576371627,31.911122678506253,67.49075798139181,96.1280162517841,108.9518445603391,124.26766847309314,75.88392229222539
2017-11-01,73.47688674926758,66.77267710367839,61.13327373157848,35.070190044364544,34.81871461215085,78.7117444551908,110.50785957498753,94.75470091167249,53.47447751173332
2017-12-01,58.14244196965144,60.35678227742513,38.48955327814275,37.214857159238875,22.11881402420671,78.44774539654071,116.22326627690742,88.52335277356599,31.89050475163246
2018-01-01,47.246236067551834,70.65864562988281,46.9879185069691,36.21437381012271,40.830977975505675,60.51551011892465,118.41952547113947,112.98033061780427,32.55936921532474
2018-02-01,92.71053901085486,76.13978068033855,33.46337925304066,39.097013377180005,21.27969689565162,81.51953036968524,106.85302247392372,62.07374271593596,16.601249353209536
2018-03-01,42.84827892596905,74.97046152750652,28.373085368763313,41.10784241647431,23.83439834803751,36.21385647700383,108.3165594872008,85.04542300575658,27.1670868147665
2018-04-01,51.351198783287636,87.83636728922527,37.261954220858485,36.576104404950385,34.86000479084172,54.40003321721004,148.80137342087767,126.84761850457443,40.40708684209567
2018-05-01,65.13596314650316,105.87428410847983,41.53791427612305,38.05380349207406,54.786687354518946,50.499490591195915,156.4172460677776,151.48541299920333,51.00078867442572
2018-06-01,109.2684085552509,83.474547068278,53.134651184082024,39.182400944257026,79.21221484876659,68.77642411452074,141.47282052547374,129.406055651213,55.647630833867765
2018-07-01,112.70445310152493,65.20402272542319,67.12770462036133,35.65726424708511,63.227196262307366,81.65991856501653,127.86193198346078,112.4242581819233,51.44842347102379
2018-08-01,113.47487523005559,58.05626551310222,54.355827678333625,34.04024201210099,73.4043539386906,90.50482236422025,96.93355966121592,102.94131228798314,52.91240179716651
2018-09-01,111.9986974276029,80.12139002482097,55.84335153753107,38.267530576147216,75.50788774882278,88.47422966590294,103.88109734717837,119.4061279296875,62.971257451754894
2018-10-01,87.45132593008188,75.26228586832683,62.60472731156782,33.37149957213739,62.88578608264662,97.0987319946289,92.45720721305685,86.49377320942126,73.98655450166162
2018-11-01,82.31233450082632,72.96247482299805,29.490271481600672,37.45551831794508,41.204186008401116,68.32527013925406,127.95290845505735,108.22956687525699,51.90503134656308
2018-12-01,49.00685090285081,79.19809977213542,25.80428210171786,37.83877690633138,24.631173643347335,46.103701224693886,131.4740688242811,105.51916423596833,11.038602288089582
2019-01-01,70.15721981342023,92.4101448059082,38.123314597389914,36.92426681518555,23.0930067088506,46.886975948627175,122.48398801113697,70.05580099005448,16.543354205231168
2019-02-01,67.2836817227877,92.77505874633789,29.658962596546516,40.46520657009549,23.283927081382437,42.55397869990422,119.40013804334276,89.52052467747738,17.492166206018247
2019-03-01,45.99684935349684,91.51630401611328,26.307614066384055,38.14862569173177,20.827499807697453,29.102738086993877,110.86980941447807,78.5860162032278,19.69974859436946
2019-04-01,54.563643382145806,100.20551681518555,27.61792269620028,39.51141087695806,25.387129065108628,47.607972071721,129.92984690564745,122.27738029078434,26.60338843046729
2019-05-01,70.38847116323618,98.18047841389975,42.93363050981001,32.70419438680013,50.05255921246255,64.73812690147986,149.68204904109874,151.48627632542662,67.88049954086986
2019-06-01,94.24118628868689,77.86076863606772,45.721463290127836,38.12037766581834,64.7453099080961,58.371815314659706,139.6142675521526,141.35567514519943,67.13191359790403
2019-07-01,112.14667100172775,63.04201761881511,51.81733218106356,35.18417435463029,66.06624028454088,88.35644355187048,118.81866455078125,139.5631187840512,48.0120872383687
2019-08-01,116.91999435424805,71.81324640909831,60.0053648515181,39.14750609735046,69.8433131387789,87.22639083862305,105.75867510856467,109.09518191688939,53.1509114735162
2019-09-01,103.47277567936824,80.2421760559082,60.92520280317826,32.86174234717783,68.74314922175995,92.31421397282527,93.06839476240442,102.40866008557771,63.84572840448635
2019-10-01,75.27758524968074,88.67787679036459,51.56023545698686,33.7300551058066,68.84618262722068,75.22488373976488,111.24835724526264,132.48841135125411,64.39288125109316
2019-11-01,63.03945688100961,69.54586029052734,45.293513211337,36.38894052216501,37.87812794724556,99.60644061748798,124.1077666587018,84.61165177194695,45.19842916460179
2019-12-01,54.53404279855581,65.56620915730795,45.04742709073153,36.329852210150825,29.706199855020603,75.8401503929725,132.57176013703042,110.68160408421566,31.60787553929571
2020-01-01,74.38058119553786,74.28202946980795,41.45638032393022,38.40660133747139,28.908554495197453,62.167130983792816,93.13762745958694,83.33141929224918,18.830724972397533
2020-02-01,59.721062733576844,77.45566050211589,37.0801509510387,39.341063451285315,23.817281853662777,53.27050502483661,112.10155081241689,100.39825439453125,19.7283944087242
2020-03-01,45.74785232543945,92.31727600097656,33.87751839377663,40.96569485134549,20.306419999632116,47.34395834115835,106.37763814723239,60.33651452315481,19.373160689624388
2020-04-01,62.97515722421499,100.85004806518555,32.785786715420805,42.13099431509924,30.139771552935038,39.89904477046086,146.5902125581782,138.11723809493216,22.487683082694435
2020-05-01,66.0997170668382,88.99305979410808,36.43220207907937,38.80958557128906,61.8916341703232,51.15988071148212,153.6702906831782,147.79335825066818,53.183831741560745
2020-06-01,108.46159274761493,83.60121409098308,62.921645424582735,37.39751950658933,72.91931779417273,74.56082564133864,145.90738174763132,141.65089255885073,58.92326013365788
2020-07-01,113.99830304659329,71.44730885823569,58.55728842995383,34.00487032803622,69.92168687794306,91.06564888587364,128.07524660800365,149.7247896696392,53.34431662488339
2020-08-01,109.42394550030048,40.881875356038414,63.724621859463774,37.30971018473307,71.68505420423534,98.52485656738281,104.88184665111785,101.04866027832031,61.97384506908815
2020-09-01,108.0007553100586,83.22454452514648,71.62947914817116,35.92870115029692,75.01935566941353,102.23338053776668,109.74702226354721,116.42362694991262,66.3054053463153
2020-10-01,65.94272760244516,71.24881744384766,56.46634708751331,31.836789063733033,64.45762947814106,80.36589989295372,105.98263841994266,92.74022955643503,79.28749767702017
2020-11-01,65.23590087890625,68.76253763834636,51.60175670276988,30.251470238271384,45.121195544935254,90.48231565035306,145.241579096368,100.11456138209293,71.96393938206914
2020-12-01,58.73878185565655,63.20249557495117,50.30608090487393,33.0084983748619,30.395220403801904,97.26920494666466,134.58140758757895,132.34424591064453,30.041059807165343
2021-01-01,53.7659975198599,63.81071090698242,48.49223396994851,41.014669399068815,36.66075876314346,62.33624678391676,123.92642244379572,137.69088544343646,21.682098730286555
2021-02-01,73.70342107919546,80.43929417928061,20.373106002807617,40.716587413441054,17.313079311423106,50.18166028536283,130.5410750368808,87.84704710307874,17.053003453496675
2021-03-01,50.93643115117,85.3557014465332,32.8886604309082,37.158804228811555,16.630360851549124,72.81489005455603,148.0148640084774,118.43179401598478,26.113475970367887
2021-04-01,57.28230843177208,85.0704828898112,42.38018902865323,42.08618896176117,31.749448384324165,49.836752964900086,148.31249155896776,141.97966926976255,40.70872121782445
2021-05-01,87.31387211726262,99.0418815612793,37.29643388227983,38.9509567106613,49.41255752354452,41.36987099280724,159.38241836872507,120.3677026849044,52.29768326033407
2021-06-01,105.78760000375601,102.74485270182292,69.06688690185547,37.37170479514382,74.68144665025685,73.43693513136644,137.94612478702626,130.32868033961245,65.47106273138701
2021-07-01,117.20460745004507,78.59630584716797,58.95848360928622,36.72071707369101,69.44528867120613,86.82509202223558,135.8840455400183,132.4920553910105,58.705497855570776
2021-08-01,125.56313734788161,72.94089635213217,69.50710643421519,36.7692581330887,74.18033652109642,104.29909779475285,116.70214064577793,138.64089564273232,61.25350496662197
2021-09-01,99.44098545954778,94.3739128112793,65.13202320445667,34.38208416254834,75.2207873618766,85.14576691847581,118.4380551601978,122.7076480263158,57.93910809417269
2021-10-01,86.91778916579027,83.45292409261069,40.521585291082204,34.9381938125148,58.153648899026116,67.71908539992113,125.56710750498671,116.07950110184518,63.095417307383975
2021-11-01,75.58557803814227,74.40322875976562,49.8830847306685,34.48161886195944,40.68896411216422,75.9013322683481,126.15891314567405,104.27212966115852,36.14295845601096
2021-12-01,87.73284325232872,66.49007161458334,29.865265759554774,37.99002290976168,21.396335183757625,80.52955040564903,142.6833619462683,81.84172479729904,28.711341744038595
2022-01-01,79.24915460439829,72.43830998738608,40.63937273892489,37.49135720609414,29.157748287671232,61.984208913949814,110.70618325091424,48.5660803945441,13.123933592839027
2022-02-01,60.94607573289137,56.81831995646159,54.32102896950461,35.857515624075226,23.623513522213454,81.44187193650465,130.28256030792886,53.36460816232782,24.908518435350103
2022-03-01,54.117617240318886,92.3477872212728,23.513710715553977,38.15446429782443,21.32495592718255,64.8021624638484,156.83038589802194,136.04428140740646,28.637826264794192
2022-04-01,40.89501821077787,103.66293589274089,30.370313471013848,36.47121467975655,34.19122042721265,52.5123486152062,147.93527481403757,163.18630419279398,49.36217692360949
2022-05-01,69.73375907311072,94.16406631469727,51.56709324229847,40.001497365007495,52.94102185393033,52.56244219266451,148.88940364756485,153.20166537636206,65.94837245656483
2022-06-01,107.30996498694786,84.70968882242839,51.81703567504882,36.3487320716935,74.49789177881529,79.33773627647986,149.6586251766124,165.79469379625823,64.88704966075385
2022-07-01,112.6624400799091,63.036677042643234,51.50591416792436,35.49481208878334,65.46451098298374,81.55886576725887,140.43234967170878,137.1767847161544,54.18413646185576
2022-08-01,124.41614591158353,58.53520711263021,71.35572260076349,37.46544231068005,73.08965186550193,99.80451143704927,100.96547552879821,131.1297667653937,61.08201439700909
2022-09-01,111.21966288639949,77.18514760335287,58.56444272128018,34.5698751584448,77.72591995866331,85.98739917461688,90.07562677910988,136.49349212646484,67.50200186202775
2022-10-01,82.4427971473107,85.02810160319011,57.88083509965376,36.40979227393564,50.121108799764556,97.94143530038687,124.23060802703209,108.40704064620168,69.14706443672749
2022-11-01,68.98023165189302,70.75907389322917,41.003022627397016,34.21508711997909,44.189871174015416,91.1477675804725,142.76254532185007,83.92596495778938,61.43280143168435
2022-12-01,54.865250220665565,70.05505243937175,45.67560542713512,37.85863356156783,27.59684732515518,64.89251210139348,119.55542868756234,81.057744277151,23.99252706499242
